{"config_name": "static_grid_ADAUSDT_131days",
 "logging_level": 0,
 "long": {"auto_unstuck_ema_dist": 0.05356904917421144,
          "auto_unstuck_wallet_exposure_threshold": 0.4869505558858508,
          "backwards_tp": true,
          "ema_span_0": 1204.8826044049677,
          "ema_span_1": 10079.388669193968,
          "enabled": true,
          "eprice_exp_base": 1.390330543368325,
          "eprice_pprice_diff": 0.018433123683273968,
          "grid_span": 0.20653443802105112,
          "initial_eprice_ema_dist": -0.002206081631464621,
          "initial_qty_pct": 0.01637146455863626,
          "markup_range": 0.01860145906993302,
          "max_n_entry_orders": 10,
          "min_markup": 0.05924075105399823,
          "n_close_orders": 22,
          "secondary_allocation": 0.3149384556676294,
          "secondary_pprice_diff": 0.14170768400695347,
          "wallet_exposure_limit": 0.1},
 "short": {"auto_unstuck_ema_dist": 0.06209546422943407,
           "auto_unstuck_wallet_exposure_threshold": 0.6861323240748327,
           "backwards_tp": true,
           "ema_span_0": 2706.0451508025008,
           "ema_span_1": 2559.8980260351623,
           "enabled": true,
           "eprice_exp_base": 1.1317917873732521,
           "eprice_pprice_diff": 0.05,
           "grid_span": 0.2125054835675327,
           "initial_eprice_ema_dist": -0.04322013033382686,
           "initial_qty_pct": 0.04548431897708732,
           "markup_range": 0.009815100039183773,
           "max_n_entry_orders": 10,
           "min_markup": 0.057407113058570935,
           "n_close_orders": 23,
           "secondary_allocation": 0.24944386318317044,
           "secondary_pprice_diff": 0.3220396771074786,
           "wallet_exposure_limit": 0.1}}