{"config_name": "static_grid_ALGOUSDT_130days",
 "logging_level": 0,
 "long": {"auto_unstuck_ema_dist": 0.03765558594921878,
          "auto_unstuck_wallet_exposure_threshold": 0,
          "backwards_tp": true,
          "ema_span_0": 3548.587069385518,
          "ema_span_1": 3687.4720863225025,
          "enabled": true,
          "eprice_exp_base": 1.6320325242910259,
          "eprice_pprice_diff": 0.025262058751273082,
          "grid_span": 0.23178251645458167,
          "initial_eprice_ema_dist": -0.03789333173119459,
          "initial_qty_pct": 0.02472966115156115,
          "markup_range": 0.04778185173067371,
          "max_n_entry_orders": 10,
          "min_markup": 0.05677179567332276,
          "n_close_orders": 4,
          "secondary_allocation": 0.6354997960180833,
          "secondary_pprice_diff": 0.06643711168761159,
          "wallet_exposure_limit": 0.1},
 "short": {"auto_unstuck_ema_dist": 0.055077489936295944,
           "auto_unstuck_wallet_exposure_threshold": 0.8431419069517082,
           "backwards_tp": true,
           "ema_span_0": 1834.9344961451718,
           "ema_span_1": 3035.800211998562,
           "enabled": true,
           "eprice_exp_base": 1.6155601220063847,
           "eprice_pprice_diff": 0.022926367065461164,
           "grid_span": 0.2661888402593352,
           "initial_eprice_ema_dist": -0.06756084753338296,
           "initial_qty_pct": 0.03827625699024134,
           "markup_range": 0.03370968450144419,
           "max_n_entry_orders": 10,
           "min_markup": 0.05519654997042381,
           "n_close_orders": 24,
           "secondary_allocation": 0.04602014254759289,
           "secondary_pprice_diff": 0.3152519093983325,
           "wallet_exposure_limit": 0.1}}