{"config_name": "static_grid_ATOMUSDT_126days",
 "logging_level": 0,
 "long": {"auto_unstuck_ema_dist": 0.07357828564494892,
          "auto_unstuck_wallet_exposure_threshold": 0.9080435382677927,
          "backwards_tp": true,
          "ema_span_0": 588.3336018667864,
          "ema_span_1": 6916.987344064177,
          "enabled": true,
          "eprice_exp_base": 1.6340288452327485,
          "eprice_pprice_diff": 0.03645136772703689,
          "grid_span": 0.33725532533994296,
          "initial_eprice_ema_dist": -0.07595104634096153,
          "initial_qty_pct": 0.03383413013388401,
          "markup_range": 0.012848831742043034,
          "max_n_entry_orders": 10,
          "min_markup": 0.05301399098794915,
          "n_close_orders": 19,
          "secondary_allocation": 0.6162336943254036,
          "secondary_pprice_diff": 0.370982284661966,
          "wallet_exposure_limit": 0.1},
 "short": {"auto_unstuck_ema_dist": 0.09310473557245177,
           "auto_unstuck_wallet_exposure_threshold": 1,
           "backwards_tp": true,
           "ema_span_0": 4177.905391278165,
           "ema_span_1": 5996.586852765145,
           "enabled": true,
           "eprice_exp_base": 1.7383664790606652,
           "eprice_pprice_diff": 0.014914073977113276,
           "grid_span": 0.2674007221558628,
           "initial_eprice_ema_dist": 0,
           "initial_qty_pct": 0.010630558389808305,
           "markup_range": 0.007484839372611323,
           "max_n_entry_orders": 10,
           "min_markup": 0.047527134161693955,
           "n_close_orders": 15,
           "secondary_allocation": 0.5266882012935925,
           "secondary_pprice_diff": 0.33608132455225115,
           "wallet_exposure_limit": 0.1}}