{"config_name": "static_grid_COMPUSDT_114days",
 "logging_level": 0,
 "long": {"auto_unstuck_ema_dist": 0.04625788939103305,
          "auto_unstuck_wallet_exposure_threshold": 0,
          "backwards_tp": true,
          "ema_span_0": 378.6775467692055,
          "ema_span_1": 8259.949461774115,
          "enabled": true,
          "eprice_exp_base": 1.498411622380912,
          "eprice_pprice_diff": 0.0065520806087436545,
          "grid_span": 0.2323226576058589,
          "initial_eprice_ema_dist": -0.019615264617484682,
          "initial_qty_pct": 0.021096918922353314,
          "markup_range": 0.03101430039037343,
          "max_n_entry_orders": 10,
          "min_markup": 0.05939663127660349,
          "n_close_orders": 4,
          "secondary_allocation": 0.05512801583414353,
          "secondary_pprice_diff": 0.4440288306897424,
          "wallet_exposure_limit": 0.1},
 "short": {"auto_unstuck_ema_dist": 0.05911717049249956,
           "auto_unstuck_wallet_exposure_threshold": 0.48457739826593244,
           "backwards_tp": true,
           "ema_span_0": 3068.017689126056,
           "ema_span_1": 9147.448840790481,
           "enabled": true,
           "eprice_exp_base": 1.8483262764925856,
           "eprice_pprice_diff": 0.008039417318222521,
           "grid_span": 0.38398792060551434,
           "initial_eprice_ema_dist": -0.07378523499685256,
           "initial_qty_pct": 0.017480515208868293,
           "markup_range": 0.030284433738157233,
           "max_n_entry_orders": 10,
           "min_markup": 0.0536620775237759,
           "n_close_orders": 27,
           "secondary_allocation": 0.46108614100796,
           "secondary_pprice_diff": 0.17506704723634486,
           "wallet_exposure_limit": 0.1}}