{"config_name": "static_grid_EOSUSDT_126days",
 "logging_level": 0,
 "long": {"auto_unstuck_ema_dist": 0.1,
          "auto_unstuck_wallet_exposure_threshold": 0.7196690844843684,
          "backwards_tp": true,
          "ema_span_0": 591.5772063280181,
          "ema_span_1": 7917.651759120344,
          "enabled": true,
          "eprice_exp_base": 1.3506835973992766,
          "eprice_pprice_diff": 0.02580232102481962,
          "grid_span": 0.2058149901841856,
          "initial_eprice_ema_dist": -0.08182758391556631,
          "initial_qty_pct": 0.01650423938697524,
          "markup_range": 0.056324187368468864,
          "max_n_entry_orders": 10,
          "min_markup": 0.05942344495396919,
          "n_close_orders": 12,
          "secondary_allocation": 0.406980246865544,
          "secondary_pprice_diff": 0.4241819370219298,
          "wallet_exposure_limit": 0.1},
 "short": {"auto_unstuck_ema_dist": 0.08981031075489537,
           "auto_unstuck_wallet_exposure_threshold": 0.7202891377810524,
           "backwards_tp": true,
           "ema_span_0": 756.6688066883323,
           "ema_span_1": 1440,
           "enabled": true,
           "eprice_exp_base": 1.8305434294520821,
           "eprice_pprice_diff": 0.016270216604810796,
           "grid_span": 0.11014377792323908,
           "initial_eprice_ema_dist": -0.09790260242529124,
           "initial_qty_pct": 0.04115569177586845,
           "markup_range": 0.03673788263430674,
           "max_n_entry_orders": 10,
           "min_markup": 0.052481545960983804,
           "n_close_orders": 21,
           "secondary_allocation": 0.0696646584646071,
           "secondary_pprice_diff": 0.20344451969665572,
           "wallet_exposure_limit": 0.1}}