{"config_name": "static_grid_ETCUSDT_130days",
 "logging_level": 0,
 "long": {"auto_unstuck_ema_dist": 0.09304254700686707,
          "auto_unstuck_wallet_exposure_threshold": 0.6344989315164711,
          "backwards_tp": true,
          "ema_span_0": 2305.01701125321,
          "ema_span_1": 2390.9221636143384,
          "enabled": true,
          "eprice_exp_base": 1.6448684061444219,
          "eprice_pprice_diff": 0.013340165292630215,
          "grid_span": 0.426903640023109,
          "initial_eprice_ema_dist": -0.018372090180369064,
          "initial_qty_pct": 0.012034574382845503,
          "markup_range": 0.05103669522476538,
          "max_n_entry_orders": 10,
          "min_markup": 0.048473826601618426,
          "n_close_orders": 22,
          "secondary_allocation": 0.13734860292829346,
          "secondary_pprice_diff": 0.05,
          "wallet_exposure_limit": 0.1},
 "short": {"auto_unstuck_ema_dist": 0.09940108389994287,
           "auto_unstuck_wallet_exposure_threshold": 0,
           "backwards_tp": true,
           "ema_span_0": 2619.245513571619,
           "ema_span_1": 1691.1981288285713,
           "enabled": true,
           "eprice_exp_base": 1.6789740398979476,
           "eprice_pprice_diff": 0.036112924418806286,
           "grid_span": 0.12020525116608075,
           "initial_eprice_ema_dist": -0.09888876155409101,
           "initial_qty_pct": 0.022413210187114826,
           "markup_range": 0.0473009720521083,
           "max_n_entry_orders": 10,
           "min_markup": 0.05610975339261326,
           "n_close_orders": 29,
           "secondary_allocation": 0.6433929261141954,
           "secondary_pprice_diff": 0.07046720522509076,
           "wallet_exposure_limit": 0.1}}