{"config_name": "static_grid_FILUSDT_136days",
 "logging_level": 0,
 "long": {"auto_unstuck_ema_dist": 0.06430257154456072,
          "auto_unstuck_wallet_exposure_threshold": 0.18167541996492886,
          "backwards_tp": true,
          "ema_span_0": 839.4954754530315,
          "ema_span_1": 3331.146427298356,
          "enabled": true,
          "eprice_exp_base": 2.0482993113445183,
          "eprice_pprice_diff": 0.023382001714160612,
          "grid_span": 0.288280220841594,
          "initial_eprice_ema_dist": -0.00451557581385389,
          "initial_qty_pct": 0.048018425428434465,
          "markup_range": 0.004859505119748607,
          "max_n_entry_orders": 10,
          "min_markup": 0.059490729546606495,
          "n_close_orders": 24,
          "secondary_allocation": 0.21082527848451035,
          "secondary_pprice_diff": 0.07061395533619803,
          "wallet_exposure_limit": 0.1},
 "short": {"auto_unstuck_ema_dist": 0.09609747881349433,
           "auto_unstuck_wallet_exposure_threshold": 0.7721280498309806,
           "backwards_tp": true,
           "ema_span_0": 1046.075553143453,
           "ema_span_1": 4427.5871846801665,
           "enabled": true,
           "eprice_exp_base": 2.0629799970476355,
           "eprice_pprice_diff": 0.0036738368191604805,
           "grid_span": 0.15629355055659955,
           "initial_eprice_ema_dist": -0.09723914943490314,
           "initial_qty_pct": 0.045785588846280464,
           "markup_range": 0.009359166444104413,
           "max_n_entry_orders": 10,
           "min_markup": 0.059695736637348014,
           "n_close_orders": 20,
           "secondary_allocation": 0.00588234901145198,
           "secondary_pprice_diff": 0.37621961277436944,
           "wallet_exposure_limit": 0.1}}