{"config_name": "static_grid_GRTUSDT_86days",
 "logging_level": 0,
 "long": {"auto_unstuck_ema_dist": 0.08269422079159028,
          "auto_unstuck_wallet_exposure_threshold": 0.8847951625388409,
          "backwards_tp": true,
          "ema_span_0": 2976.4551649302252,
          "ema_span_1": 3255.315742399882,
          "enabled": true,
          "eprice_exp_base": 1.245232982295304,
          "eprice_pprice_diff": 0.03208165559403142,
          "grid_span": 0.6774424948008881,
          "initial_eprice_ema_dist": -0.0037818307686229157,
          "initial_qty_pct": 0.036729321322002934,
          "markup_range": 0.00632294484400252,
          "max_n_entry_orders": 10,
          "min_markup": 0.059628469990366154,
          "n_close_orders": 25,
          "secondary_allocation": 0.634721423657904,
          "secondary_pprice_diff": 0.06893587976791204,
          "wallet_exposure_limit": 0.1},
 "short": {"auto_unstuck_ema_dist": 0.07032275821457087,
           "auto_unstuck_wallet_exposure_threshold": 0.6899982003828167,
           "backwards_tp": true,
           "ema_span_0": 3646.916898518915,
           "ema_span_1": 2953.407835178728,
           "enabled": true,
           "eprice_exp_base": 1.6238553752588083,
           "eprice_pprice_diff": 0.03996080046833459,
           "grid_span": 0.48559735826316197,
           "initial_eprice_ema_dist": -0.06082081175448063,
           "initial_qty_pct": 0.020359321451214586,
           "markup_range": 0.05602640508865864,
           "max_n_entry_orders": 10,
           "min_markup": 0.05813687867216403,
           "n_close_orders": 22,
           "secondary_allocation": 0.18707487576465698,
           "secondary_pprice_diff": 0.5,
           "wallet_exposure_limit": 0.1}}