{"config_name": "static_grid_MANAUSDT_136days",
 "logging_level": 0,
 "long": {"auto_unstuck_ema_dist": 0.05426118791700756,
          "auto_unstuck_wallet_exposure_threshold": 0.3682460308131323,
          "backwards_tp": true,
          "ema_span_0": 2974.4522908962876,
          "ema_span_1": 8241.148845977566,
          "enabled": true,
          "eprice_exp_base": 1.5957379978133737,
          "eprice_pprice_diff": 0.03563118863452938,
          "grid_span": 0.2910411835467319,
          "initial_eprice_ema_dist": -0.06024871839498487,
          "initial_qty_pct": 0.0347127954318005,
          "markup_range": 0.047112495395011375,
          "max_n_entry_orders": 10,
          "min_markup": 0.04889556611034443,
          "n_close_orders": 28,
          "secondary_allocation": 0.23286620682854078,
          "secondary_pprice_diff": 0.09193325998453263,
          "wallet_exposure_limit": 0.1},
 "short": {"auto_unstuck_ema_dist": 0.045183208192131404,
           "auto_unstuck_wallet_exposure_threshold": 0.9382573890709432,
           "backwards_tp": true,
           "ema_span_0": 1892.3597985666681,
           "ema_span_1": 9524.895323550169,
           "enabled": true,
           "eprice_exp_base": 1.0877650932037513,
           "eprice_pprice_diff": 0.005168768204343844,
           "grid_span": 0.27999798944244003,
           "initial_eprice_ema_dist": -0.05078943340004284,
           "initial_qty_pct": 0.05,
           "markup_range": 0.009678180993947221,
           "max_n_entry_orders": 10,
           "min_markup": 0.013135678969676285,
           "n_close_orders": 24,
           "secondary_allocation": 0.19114141950912772,
           "secondary_pprice_diff": 0.1192377004904079,
           "wallet_exposure_limit": 0.1}}