{"config_name": "static_grid_NEOUSDT_125days",
 "logging_level": 0,
 "long": {"auto_unstuck_ema_dist": 0.05797127812947955,
          "auto_unstuck_wallet_exposure_threshold": 0.05600471060947454,
          "backwards_tp": true,
          "ema_span_0": 1370.3370148245854,
          "ema_span_1": 7913.618811419063,
          "enabled": true,
          "eprice_exp_base": 1.705000343529086,
          "eprice_pprice_diff": 0.0329233807291598,
          "grid_span": 0.2255207354642255,
          "initial_eprice_ema_dist": -0.0029114318826135854,
          "initial_qty_pct": 0.04417393094305819,
          "markup_range": 0.041627606166538746,
          "max_n_entry_orders": 10,
          "min_markup": 0.05459172048201452,
          "n_close_orders": 25,
          "secondary_allocation": 0.21992922582149557,
          "secondary_pprice_diff": 0.07985784927746378,
          "wallet_exposure_limit": 0.1},
 "short": {"auto_unstuck_ema_dist": 0.05772746685961723,
           "auto_unstuck_wallet_exposure_threshold": 0.7176456902183114,
           "backwards_tp": true,
           "ema_span_0": 2396.3503141776946,
           "ema_span_1": 2134.50002071873,
           "enabled": true,
           "eprice_exp_base": 1.0776446276907874,
           "eprice_pprice_diff": 0.04577114222983698,
           "grid_span": 0.16266396031879457,
           "initial_eprice_ema_dist": -0.03310619084239802,
           "initial_qty_pct": 0.013637832294116553,
           "markup_range": 0.059070361770441934,
           "max_n_entry_orders": 10,
           "min_markup": 0.06,
           "n_close_orders": 28,
           "secondary_allocation": 0.1226388419744011,
           "secondary_pprice_diff": 0.19824605375858928,
           "wallet_exposure_limit": 0.1}}