{"config_name": "static_grid_ONEUSDT_118days",
 "logging_level": 0,
 "long": {"auto_unstuck_ema_dist": 0.08634357550233192,
          "auto_unstuck_wallet_exposure_threshold": 0.5746731465199557,
          "backwards_tp": true,
          "ema_span_0": 3825.053485860893,
          "ema_span_1": 10077.836550971708,
          "enabled": true,
          "eprice_exp_base": 1.4860006534576033,
          "eprice_pprice_diff": 0.045342984265675644,
          "grid_span": 0.4987408231056691,
          "initial_eprice_ema_dist": -0.007594477983925782,
          "initial_qty_pct": 0.025308440170264897,
          "markup_range": 0.0594639239603654,
          "max_n_entry_orders": 10,
          "min_markup": 0.052109950216148775,
          "n_close_orders": 4,
          "secondary_allocation": 0.5560695301051605,
          "secondary_pprice_diff": 0.443671220913346,
          "wallet_exposure_limit": 0.1},
 "short": {"auto_unstuck_ema_dist": 0.07501681452231393,
           "auto_unstuck_wallet_exposure_threshold": 0.9349740627037847,
           "backwards_tp": true,
           "ema_span_0": 3271.149625594724,
           "ema_span_1": 4029.7522569915145,
           "enabled": true,
           "eprice_exp_base": 1.8825664964201965,
           "eprice_pprice_diff": 0.042251201254020425,
           "grid_span": 0.2271969074873851,
           "initial_eprice_ema_dist": -0.05608004559741988,
           "initial_qty_pct": 0.02287674880924688,
           "markup_range": 0.010728894450428576,
           "max_n_entry_orders": 10,
           "min_markup": 0.034614819836824545,
           "n_close_orders": 24,
           "secondary_allocation": 0.6622348522241636,
           "secondary_pprice_diff": 0.2745916525473497,
           "wallet_exposure_limit": 0.1}}