{"config_name": "static_grid_ROSEUSDT_103days",
 "logging_level": 0,
 "long": {"auto_unstuck_ema_dist": 0.04669450471331034,
          "auto_unstuck_wallet_exposure_threshold": 0.7505835410429194,
          "backwards_tp": true,
          "ema_span_0": 3977.9931504854894,
          "ema_span_1": 10080,
          "enabled": true,
          "eprice_exp_base": 1.344340307044477,
          "eprice_pprice_diff": 0.0315763767287689,
          "grid_span": 0.6283860939265594,
          "initial_eprice_ema_dist": -0.038835689747822914,
          "initial_qty_pct": 0.023122272754787086,
          "markup_range": 0.06,
          "max_n_entry_orders": 10,
          "min_markup": 0.055249960057393493,
          "n_close_orders": 14,
          "secondary_allocation": 0.5968213467818063,
          "secondary_pprice_diff": 0.4873600236969387,
          "wallet_exposure_limit": 0.1},
 "short": {"auto_unstuck_ema_dist": 0.09000219867047585,
           "auto_unstuck_wallet_exposure_threshold": 0.03460731199128286,
           "backwards_tp": true,
           "ema_span_0": 1762.1431243744319,
           "ema_span_1": 3192.6710901847073,
           "enabled": true,
           "eprice_exp_base": 1.207559431726917,
           "eprice_pprice_diff": 0.009682789379653611,
           "grid_span": 0.10240934663463638,
           "initial_eprice_ema_dist": -0.07015090258217205,
           "initial_qty_pct": 0.03636682188224482,
           "markup_range": 0.03421273832699092,
           "max_n_entry_orders": 10,
           "min_markup": 0.056348278636351876,
           "n_close_orders": 9,
           "secondary_allocation": 0.37934943219200523,
           "secondary_pprice_diff": 0.14859226260046596,
           "wallet_exposure_limit": 0.1}}