{"config_name": "static_grid_SANDUSDT_135days",
 "logging_level": 0,
 "long": {"auto_unstuck_ema_dist": 0.0090059373068362,
          "auto_unstuck_wallet_exposure_threshold": 0.2951551046794206,
          "backwards_tp": true,
          "ema_span_0": 4159.7642628748,
          "ema_span_1": 9827.940459618192,
          "enabled": true,
          "eprice_exp_base": 1.146969127204487,
          "eprice_pprice_diff": 0.044685087635213054,
          "grid_span": 0.43133788342209517,
          "initial_eprice_ema_dist": -0.029611860429538426,
          "initial_qty_pct": 0.015471555700114895,
          "markup_range": 0.0533323491512232,
          "max_n_entry_orders": 10,
          "min_markup": 0.048410182067991754,
          "n_close_orders": 28,
          "secondary_allocation": 0.4088521251023293,
          "secondary_pprice_diff": 0.15522311251229748,
          "wallet_exposure_limit": 0.1},
 "short": {"auto_unstuck_ema_dist": 0.07616233092044213,
           "auto_unstuck_wallet_exposure_threshold": 0.9479090848320504,
           "backwards_tp": true,
           "ema_span_0": 1597.471367966439,
           "ema_span_1": 3436.412204403085,
           "enabled": true,
           "eprice_exp_base": 1.7443416518186348,
           "eprice_pprice_diff": 0.04794173456426562,
           "grid_span": 0.27939170926306367,
           "initial_eprice_ema_dist": -0.04974802852110046,
           "initial_qty_pct": 0.04309678445456944,
           "markup_range": 0.005940848014458332,
           "max_n_entry_orders": 10,
           "min_markup": 0.06,
           "n_close_orders": 21,
           "secondary_allocation": 0.4078882531163599,
           "secondary_pprice_diff": 0.4659270726557627,
           "wallet_exposure_limit": 0.1}}