{"config_name": "static_grid_UNIUSDT_132days",
 "logging_level": 0,
 "long": {"auto_unstuck_ema_dist": 0.07961629935996999,
          "auto_unstuck_wallet_exposure_threshold": 0.3992140855821957,
          "backwards_tp": true,
          "ema_span_0": 3770.1190586746993,
          "ema_span_1": 6736.7390122371935,
          "enabled": true,
          "eprice_exp_base": 1.7456005592699637,
          "eprice_pprice_diff": 0.03370755009229805,
          "grid_span": 0.3451286115751847,
          "initial_eprice_ema_dist": -0.09384163929561659,
          "initial_qty_pct": 0.011024449357164446,
          "markup_range": 0.0574327796760636,
          "max_n_entry_orders": 10,
          "min_markup": 0.041731311300995264,
          "n_close_orders": 11,
          "secondary_allocation": 0.07655307394966282,
          "secondary_pprice_diff": 0.11879950805936916,
          "wallet_exposure_limit": 0.1},
 "short": {"auto_unstuck_ema_dist": 0.07817273764232659,
           "auto_unstuck_wallet_exposure_threshold": 0.7392594604634594,
           "backwards_tp": true,
           "ema_span_0": 2433.927296686305,
           "ema_span_1": 8625.443985277914,
           "enabled": true,
           "eprice_exp_base": 1.6187929377393027,
           "eprice_pprice_diff": 0.038494652596083916,
           "grid_span": 0.43577455263641707,
           "initial_eprice_ema_dist": -0.01123413307905166,
           "initial_qty_pct": 0.035639217124380326,
           "markup_range": 0.05012639544949811,
           "max_n_entry_orders": 10,
           "min_markup": 0.04528627506301505,
           "n_close_orders": 7,
           "secondary_allocation": 0.49599417519539346,
           "secondary_pprice_diff": 0.3757919033655338,
           "wallet_exposure_limit": 0.1}}