{"config_name": "static_grid_XTZUSDT_135days",
 "logging_level": 0,
 "long": {"auto_unstuck_ema_dist": 0.06419070044063481,
          "auto_unstuck_wallet_exposure_threshold": 0.6911858211294714,
          "backwards_tp": true,
          "ema_span_0": 2849.26589290971,
          "ema_span_1": 8960.557690477692,
          "enabled": true,
          "eprice_exp_base": 1.6828232423593537,
          "eprice_pprice_diff": 0.010173243808489966,
          "grid_span": 0.3768362384888741,
          "initial_eprice_ema_dist": -0.003071066936087034,
          "initial_qty_pct": 0.016019285834122002,
          "markup_range": 0.023105281400116834,
          "max_n_entry_orders": 10,
          "min_markup": 0.039414463125629455,
          "n_close_orders": 26,
          "secondary_allocation": 0.20067154802167209,
          "secondary_pprice_diff": 0.34423987286105867,
          "wallet_exposure_limit": 0.1},
 "short": {"auto_unstuck_ema_dist": 0.04448606346633445,
           "auto_unstuck_wallet_exposure_threshold": 0.7337499453022687,
           "backwards_tp": true,
           "ema_span_0": 814.7246394104251,
           "ema_span_1": 1577.3484206570524,
           "enabled": true,
           "eprice_exp_base": 1.8971400124953977,
           "eprice_pprice_diff": 0.019270095760166688,
           "grid_span": 0.2343032431413328,
           "initial_eprice_ema_dist": -0.033467750889973336,
           "initial_qty_pct": 0.014176794177404415,
           "markup_range": 0.055457330562593214,
           "max_n_entry_orders": 10,
           "min_markup": 0.055099345543991866,
           "n_close_orders": 9,
           "secondary_allocation": 0.024221516371924334,
           "secondary_pprice_diff": 0.28548035568190483,
           "wallet_exposure_limit": 0.1}}