{"config_name": "static_grid_ZILUSDT_130days",
 "logging_level": 0,
 "long": {"auto_unstuck_ema_dist": 0.09058927981382457,
          "auto_unstuck_wallet_exposure_threshold": 0.005513349136478796,
          "backwards_tp": true,
          "ema_span_0": 2457.148067561752,
          "ema_span_1": 6890.56508862676,
          "enabled": true,
          "eprice_exp_base": 1.178188005470629,
          "eprice_pprice_diff": 0.015848234147087775,
          "grid_span": 0.2210781349487758,
          "initial_eprice_ema_dist": 0,
          "initial_qty_pct": 0.025356495824216316,
          "markup_range": 0.021030999256294737,
          "max_n_entry_orders": 10,
          "min_markup": 0.05964987602654171,
          "n_close_orders": 26,
          "secondary_allocation": 0.45294496190533606,
          "secondary_pprice_diff": 0.07927177950154944,
          "wallet_exposure_limit": 0.1},
 "short": {"auto_unstuck_ema_dist": 0.09896197483806929,
           "auto_unstuck_wallet_exposure_threshold": 0.7268292242562058,
           "backwards_tp": true,
           "ema_span_0": 1698.7011895949383,
           "ema_span_1": 1937.0965406229593,
           "enabled": true,
           "eprice_exp_base": 1.1125470818571344,
           "eprice_pprice_diff": 0.03806022788014015,
           "grid_span": 0.13267802152907218,
           "initial_eprice_ema_dist": -0.036424101108610475,
           "initial_qty_pct": 0.034667395881813036,
           "markup_range": 0.03485474663089269,
           "max_n_entry_orders": 10,
           "min_markup": 0.06,
           "n_close_orders": 22,
           "secondary_allocation": 0.012224045877901034,
           "secondary_pprice_diff": 0.1986459401470097,
           "wallet_exposure_limit": 0.1}}