{"config_name": "static_grid_ADAUSDT_233days",
 "logging_level": 0,
 "long": {"auto_unstuck_ema_dist": 0.045856209915638005,
          "auto_unstuck_wallet_exposure_threshold": 0.5514700712889615,
          "backwards_tp": true,
          "ema_span_0": 2880.1565894718324,
          "ema_span_1": 3124.224782711359,
          "enabled": true,
          "eprice_exp_base": 1.2487613280996017,
          "eprice_pprice_diff": 0.024129965811812218,
          "grid_span": 0.20126861289486978,
          "initial_eprice_ema_dist": 0,
          "initial_qty_pct": 0.00862537061943112,
          "markup_range": 0.028869224828039924,
          "max_n_entry_orders": 11,
          "min_markup": 0.016537026691880615,
          "n_close_orders": 9,
          "secondary_allocation": 0.3820542032214412,
          "secondary_pprice_diff": 0.14623627712632942,
          "wallet_exposure_limit": 0.1},
 "short": {"auto_unstuck_ema_dist": 0.02480248985818161,
           "auto_unstuck_wallet_exposure_threshold": 0.02032966082491848,
           "backwards_tp": true,
           "ema_span_0": 426.6285757959514,
           "ema_span_1": 773.9942013077541,
           "enabled": true,
           "eprice_exp_base": 1.587114443999887,
           "eprice_pprice_diff": 0.009803770532993961,
           "grid_span": 0.2955420918453394,
           "initial_eprice_ema_dist": -0.09126197791160545,
           "initial_qty_pct": 0.012553757389461389,
           "markup_range": 0.023524615009428932,
           "max_n_entry_orders": 13,
           "min_markup": 0.018836958898118056,
           "n_close_orders": 6,
           "secondary_allocation": 0,
           "secondary_pprice_diff": 0.2842504018995304,
           "wallet_exposure_limit": 0.1}}