{"config_name": "static_grid_ADAUSDT_186days",
 "logging_level": 0,
 "long": {"auto_unstuck_ema_dist": 0.1,
          "auto_unstuck_wallet_exposure_threshold": 0.18861212585042778,
          "backwards_tp": true,
          "ema_span_0": 3571.197473588893,
          "ema_span_1": 10080,
          "enabled": true,
          "eprice_exp_base": 1.4607399874188645,
          "eprice_pprice_diff": 0.04644866685434125,
          "grid_span": 0.21399586270900894,
          "initial_eprice_ema_dist": -0.08300942859755066,
          "initial_qty_pct": 0.01,
          "markup_range": 0.056701235992567094,
          "max_n_entry_orders": 10,
          "min_markup": 0.05232237351652932,
          "n_close_orders": 19,
          "secondary_allocation": 0.4193273422420275,
          "secondary_pprice_diff": 0.05,
          "wallet_exposure_limit": 0.1},
 "short": {"auto_unstuck_ema_dist": 0.05446833873534179,
           "auto_unstuck_wallet_exposure_threshold": 0.5765761064403947,
           "backwards_tp": true,
           "ema_span_0": 1539.892310538422,
           "ema_span_1": 2308.5598115486023,
           "enabled": true,
           "eprice_exp_base": 1.1356006511136199,
           "eprice_pprice_diff": 0.0033783298141068603,
           "grid_span": 0.20857124874345873,
           "initial_eprice_ema_dist": -0.09689449823248993,
           "initial_qty_pct": 0.026648132882704775,
           "markup_range": 0.05921748743619968,
           "max_n_entry_orders": 10,
           "min_markup": 0.038667450633943355,
           "n_close_orders": 18,
           "secondary_allocation": 0.06279681468039706,
           "secondary_pprice_diff": 0.13075695220413044,
           "wallet_exposure_limit": 0.1}}