{"config_name": "static_grid_ADAUSDT_112days",
 "logging_level": 0,
 "long": {"auto_unstuck_ema_dist": 0.052085565174992535,
          "auto_unstuck_wallet_exposure_threshold": 0.7754361171378474,
          "backwards_tp": true,
          "ema_span_0": 1169.2238221138462,
          "ema_span_1": 10080,
          "enabled": true,
          "eprice_exp_base": 1.235593454251558,
          "eprice_pprice_diff": 0.009246637139513783,
          "grid_span": 0.4078261092674533,
          "initial_eprice_ema_dist": -0.004579207038047332,
          "initial_qty_pct": 0.011918355988312866,
          "markup_range": 0.014265904123884905,
          "max_n_entry_orders": 10,
          "min_markup": 0.0478203751558504,
          "n_close_orders": 8,
          "secondary_allocation": 0.10593509184862034,
          "secondary_pprice_diff": 0.47744542608917073,
          "wallet_exposure_limit": 0.1},
 "short": {"auto_unstuck_ema_dist": 0.039033020433693943,
           "auto_unstuck_wallet_exposure_threshold": 0.613113059041489,
           "backwards_tp": true,
           "ema_span_0": 1610.731964967421,
           "ema_span_1": 4526.93985784699,
           "enabled": true,
           "eprice_exp_base": 1.9732193382152154,
           "eprice_pprice_diff": 0.020466257874209373,
           "grid_span": 0.2296318867416466,
           "initial_eprice_ema_dist": -0.05825773130358202,
           "initial_qty_pct": 0.028553955021902035,
           "markup_range": 0.03231194400820416,
           "max_n_entry_orders": 10,
           "min_markup": 0.06,
           "n_close_orders": 24,
           "secondary_allocation": 0.2991769811825666,
           "secondary_pprice_diff": 0.46163132256018113,
           "wallet_exposure_limit": 0.1}}