{"config_name": "recursive_grid_ADAUSDT_220days",
 "logging_level": 0,
 "long": {"auto_unstuck_ema_dist": 0.0017618885015944488,
          "auto_unstuck_wallet_exposure_threshold": 0.033992834308508774,
          "backwards_tp": true,
          "ddown_factor": 0.43725710641965526,
          "ema_span_0": 4174.916432305787,
          "ema_span_1": 9885.217137047232,
          "enabled": true,
          "initial_eprice_ema_dist": -0.0013069387868342311,
          "initial_qty_pct": 0.015,
          "markup_range": 0.015067571494431418,
          "min_markup": 0.003873432704355889,
          "n_close_orders": 14,
          "rentry_pprice_dist": 0.018122646498126112,
          "rentry_pprice_dist_wallet_exposure_weighting": 6.754934891106394,
          "wallet_exposure_limit": 0.1},
 "short": {"auto_unstuck_ema_dist": 0.046454047998160296,
           "auto_unstuck_wallet_exposure_threshold": 0.09508583123544523,
           "backwards_tp": true,
           "ddown_factor": 1.7534655772001986,
           "ema_span_0": 4167.1101551324155,
           "ema_span_1": 9818.681874873364,
           "enabled": true,
           "initial_eprice_ema_dist": -0.025524391843946222,
           "initial_qty_pct": 0.015,
           "markup_range": 0.01820399100178074,
           "min_markup": 0.0038818697320854314,
           "n_close_orders": 17,
           "rentry_pprice_dist": 0.018188640062027688,
           "rentry_pprice_dist_wallet_exposure_weighting": 10.818190063473487,
           "wallet_exposure_limit": 0.1}}