{"config_name": "static_grid_ADAUSDT_149days",
 "logging_level": 0,
 "long": {"auto_unstuck_ema_dist": 0.06753475456191713,
          "auto_unstuck_wallet_exposure_threshold": 0.13233715696628337,
          "backwards_tp": true,
          "ema_span_0": 4225.930909631155,
          "ema_span_1": 9676.09820179451,
          "enabled": true,
          "eprice_exp_base": 1.935688796655476,
          "eprice_pprice_diff": 0.026389021799723397,
          "grid_span": 0.22713771493471824,
          "initial_eprice_ema_dist": -0.04894222580101781,
          "initial_qty_pct": 0.03913971324889866,
          "markup_range": 0.018409039654356397,
          "max_n_entry_orders": 10,
          "min_markup": 0.04955376575242705,
          "n_close_orders": 7,
          "secondary_allocation": 0.02014796034483259,
          "secondary_pprice_diff": 0.08189558165719214,
          "wallet_exposure_limit": 0.1},
 "short": {"auto_unstuck_ema_dist": 0.048825117430009404,
           "auto_unstuck_wallet_exposure_threshold": 0.680159482936475,
           "backwards_tp": true,
           "ema_span_0": 3421.551825583014,
           "ema_span_1": 2727.277956734602,
           "enabled": true,
           "eprice_exp_base": 1.2443297335819274,
           "eprice_pprice_diff": 0.0381829059035531,
           "grid_span": 0.2465105263475535,
           "initial_eprice_ema_dist": -0.08911152631874229,
           "initial_qty_pct": 0.02893776707566029,
           "markup_range": 0.03247455987394955,
           "max_n_entry_orders": 10,
           "min_markup": 0.059530167572877,
           "n_close_orders": 13,
           "secondary_allocation": 0.17867521983692267,
           "secondary_pprice_diff": 0.1687729358735161,
           "wallet_exposure_limit": 0.1}}