{"config_name": "static_grid_ADAUSDT_338days",
 "logging_level": 0,
 "long": {"auto_unstuck_ema_dist": 0.06012918559318408,
          "auto_unstuck_wallet_exposure_threshold": 0.41769220672207674,
          "backwards_tp": true,
          "ema_span_0": 3123.1975027412914,
          "ema_span_1": 3254.926387714104,
          "enabled": true,
          "eprice_exp_base": 1.0997513953849418,
          "eprice_pprice_diff": 0.030658678126449655,
          "grid_span": 0.20261828043847885,
          "initial_eprice_ema_dist": -0.00979388243820597,
          "initial_qty_pct": 0.007,
          "markup_range": 0.031611510254271974,
          "max_n_entry_orders": 13,
          "min_markup": 0.017383321254187713,
          "n_close_orders": 17,
          "secondary_allocation": 0,
          "secondary_pprice_diff": 0.4129647610136523,
          "wallet_exposure_limit": 0.1},
 "short": {"auto_unstuck_ema_dist": 0.021927915390660892,
           "auto_unstuck_wallet_exposure_threshold": 0.5713423910771507,
           "backwards_tp": true,
           "ema_span_0": 1259.0848760467265,
           "ema_span_1": 1666.9041896676422,
           "enabled": true,
           "eprice_exp_base": 1.2546571671698843,
           "eprice_pprice_diff": 0.02027654289007036,
           "grid_span": 0.2047151086641773,
           "initial_eprice_ema_dist": -0.02003612192134772,
           "initial_qty_pct": 0.007,
           "markup_range": 0.024900003275380396,
           "max_n_entry_orders": 11,
           "min_markup": 0.009833528681396978,
           "n_close_orders": 17,
           "secondary_allocation": 0.5757176031146823,
           "secondary_pprice_diff": 0.19344290817663132,
           "wallet_exposure_limit": 0.1}}