{"config_name": "static_grid_ADAUSDT_138days",
 "logging_level": 0,
 "long": {"auto_unstuck_ema_dist": 0.04926517925776883,
          "auto_unstuck_wallet_exposure_threshold": 0.7890104816494976,
          "backwards_tp": true,
          "ema_span_0": 645.5244515191325,
          "ema_span_1": 9347.178052574347,
          "enabled": true,
          "eprice_exp_base": 1.8923926849512642,
          "eprice_pprice_diff": 0.0462100076418071,
          "grid_span": 0.205421483364379,
          "initial_eprice_ema_dist": -0.05996980192692942,
          "initial_qty_pct": 0.012447812482875261,
          "markup_range": 0.04622606356079449,
          "max_n_entry_orders": 10,
          "min_markup": 0.06,
          "n_close_orders": 21,
          "secondary_allocation": 0.13191637191764682,
          "secondary_pprice_diff": 0.05,
          "wallet_exposure_limit": 0.1},
 "short": {"auto_unstuck_ema_dist": 0.042250610626857046,
           "auto_unstuck_wallet_exposure_threshold": 0.841922328195972,
           "backwards_tp": true,
           "ema_span_0": 3488.5685551516967,
           "ema_span_1": 2099.3911952357967,
           "enabled": true,
           "eprice_exp_base": 1.922387223293155,
           "eprice_pprice_diff": 0.023858795118524703,
           "grid_span": 0.14850175245812322,
           "initial_eprice_ema_dist": -0.04158236865215234,
           "initial_qty_pct": 0.018979023586362595,
           "markup_range": 0.05208127281429824,
           "max_n_entry_orders": 10,
           "min_markup": 0.04712433032052453,
           "n_close_orders": 11,
           "secondary_allocation": 0.16450449295641947,
           "secondary_pprice_diff": 0.05794330180172394,
           "wallet_exposure_limit": 0.1}}