{"config_name": "static_grid_ADAUSDT_173days",
 "logging_level": 0,
 "long": {"auto_unstuck_ema_dist": 0.04553630078509464,
          "auto_unstuck_wallet_exposure_threshold": 0.5051795639669984,
          "backwards_tp": true,
          "ema_span_0": 1318.889249959693,
          "ema_span_1": 9911.491788782498,
          "enabled": true,
          "eprice_exp_base": 1.039431918150462,
          "eprice_pprice_diff": 0.037103530852222996,
          "grid_span": 0.31402636122466565,
          "initial_eprice_ema_dist": -0.014731978717167915,
          "initial_qty_pct": 0.03043791819644162,
          "markup_range": 0.00782339366186962,
          "max_n_entry_orders": 10,
          "min_markup": 0.05743929281888478,
          "n_close_orders": 9,
          "secondary_allocation": 0.16402729521832193,
          "secondary_pprice_diff": 0.07686135782785808,
          "wallet_exposure_limit": 0.1},
 "short": {"auto_unstuck_ema_dist": 0.04996102089710729,
           "auto_unstuck_wallet_exposure_threshold": 0.7573983322304653,
           "backwards_tp": true,
           "ema_span_0": 3286.4042221624063,
           "ema_span_1": 2967.166460827523,
           "enabled": true,
           "eprice_exp_base": 2.0860542040715337,
           "eprice_pprice_diff": 0.014705351169463048,
           "grid_span": 0.15356272179330416,
           "initial_eprice_ema_dist": -0.02939582727994404,
           "initial_qty_pct": 0.024566083840689288,
           "markup_range": 0.043114940256517575,
           "max_n_entry_orders": 10,
           "min_markup": 0.055847039436154766,
           "n_close_orders": 16,
           "secondary_allocation": 0.3318977523607926,
           "secondary_pprice_diff": 0.09548504576536078,
           "wallet_exposure_limit": 0.1}}