{"config_name": "static_grid_ADAUSDT_198days",
 "logging_level": 0,
 "long": {"auto_unstuck_ema_dist": 0.09248909354548046,
          "auto_unstuck_wallet_exposure_threshold": 0.6352056812775907,
          "backwards_tp": true,
          "ema_span_0": 3526.928801018476,
          "ema_span_1": 9074.805703835227,
          "enabled": true,
          "eprice_exp_base": 1.5676313115746727,
          "eprice_pprice_diff": 0.029820144058606127,
          "grid_span": 0.30616851906004483,
          "initial_eprice_ema_dist": -0.016545554004268905,
          "initial_qty_pct": 0.014783950922057745,
          "markup_range": 0.0337234366390509,
          "max_n_entry_orders": 10,
          "min_markup": 0.046295009421370444,
          "n_close_orders": 25,
          "secondary_allocation": 0.11677135105000785,
          "secondary_pprice_diff": 0.10297862994107622,
          "wallet_exposure_limit": 0.1},
 "short": {"auto_unstuck_ema_dist": 0.03503022722174088,
           "auto_unstuck_wallet_exposure_threshold": 0.26635056803763624,
           "backwards_tp": true,
           "ema_span_0": 3543.067574827554,
           "ema_span_1": 3301.248229415906,
           "enabled": true,
           "eprice_exp_base": 1.6782881204029088,
           "eprice_pprice_diff": 0.012433926652069384,
           "grid_span": 0.1,
           "initial_eprice_ema_dist": -0.09977423491284053,
           "initial_qty_pct": 0.028010745943138023,
           "markup_range": 0.06,
           "max_n_entry_orders": 10,
           "min_markup": 0.05719458472430499,
           "n_close_orders": 12,
           "secondary_allocation": 0.0608360959105909,
           "secondary_pprice_diff": 0.23917634527038673,
           "wallet_exposure_limit": 0.1}}