{"config_name": "static_grid_ADAUSDT_233days",
 "logging_level": 0,
 "long": {"auto_unstuck_ema_dist": 0.015495670704654987,
          "auto_unstuck_wallet_exposure_threshold": 0.45320343121794304,
          "backwards_tp": true,
          "ema_span_0": 2826.6807969948286,
          "ema_span_1": 8287.19431348338,
          "enabled": true,
          "eprice_exp_base": 1.120386087670744,
          "eprice_pprice_diff": 0.02781422381952549,
          "grid_span": 0.21804711189627787,
          "initial_eprice_ema_dist": -0.00666294806075501,
          "initial_qty_pct": 0.007950946474702795,
          "markup_range": 0.03774601055746738,
          "max_n_entry_orders": 12,
          "min_markup": 0.009552624941941172,
          "n_close_orders": 6,
          "secondary_allocation": 0.0910904519964288,
          "secondary_pprice_diff": 0.3917823556251033,
          "wallet_exposure_limit": 0.1},
 "short": {"auto_unstuck_ema_dist": 0.016931026925243554,
           "auto_unstuck_wallet_exposure_threshold": 0.457133392426826,
           "backwards_tp": true,
           "ema_span_0": 4258.267111792729,
           "ema_span_1": 5292.841732981744,
           "enabled": true,
           "eprice_exp_base": 1.0949978708060615,
           "eprice_pprice_diff": 0.00926887739949704,
           "grid_span": 0.28453007391791496,
           "initial_eprice_ema_dist": -0.061426445017438346,
           "initial_qty_pct": 0.009793059170547947,
           "markup_range": 0.018151805404633844,
           "max_n_entry_orders": 13,
           "min_markup": 0.017376947458041837,
           "n_close_orders": 13,
           "secondary_allocation": 0.0733340391339412,
           "secondary_pprice_diff": 0.39414480256634643,
           "wallet_exposure_limit": 0.1}}