{"config_name": "static_grid_ADAUSDT_158days",
 "logging_level": 0,
 "long": {"auto_unstuck_ema_dist": 0.04404433783771851,
          "auto_unstuck_wallet_exposure_threshold": 0.5148776259360657,
          "backwards_tp": true,
          "ema_span_0": 824.0418344791627,
          "ema_span_1": 9634.996151027115,
          "enabled": true,
          "eprice_exp_base": 1.3596329593271355,
          "eprice_pprice_diff": 0.031080135470000707,
          "grid_span": 0.21349518429362407,
          "initial_eprice_ema_dist": -0.040313599562907164,
          "initial_qty_pct": 0.03505720094645929,
          "markup_range": 0.015474763159466534,
          "max_n_entry_orders": 10,
          "min_markup": 0.05366974258173876,
          "n_close_orders": 21,
          "secondary_allocation": 0.0732694291720141,
          "secondary_pprice_diff": 0.3743317609659553,
          "wallet_exposure_limit": 0.1},
 "short": {"auto_unstuck_ema_dist": 0.049956243193555044,
           "auto_unstuck_wallet_exposure_threshold": 0.7298936475797471,
           "backwards_tp": true,
           "ema_span_0": 2917.382127137697,
           "ema_span_1": 2976.256193014718,
           "enabled": true,
           "eprice_exp_base": 1.35077193836115,
           "eprice_pprice_diff": 0.039947251464815696,
           "grid_span": 0.19638320569051212,
           "initial_eprice_ema_dist": -0.08314101336967161,
           "initial_qty_pct": 0.030320634076579325,
           "markup_range": 0.05193565731353778,
           "max_n_entry_orders": 10,
           "min_markup": 0.051351203068175304,
           "n_close_orders": 17,
           "secondary_allocation": 0.3035368397025881,
           "secondary_pprice_diff": 0.29993424241401473,
           "wallet_exposure_limit": 0.1}}