{"config_name": "static_grid_ADAUSDT_253days",
 "logging_level": 0,
 "long": {"auto_unstuck_ema_dist": 0.028769707568348277,
          "auto_unstuck_wallet_exposure_threshold": 0.41839103766840524,
          "backwards_tp": true,
          "ema_span_0": 1912.2553826236062,
          "ema_span_1": 9354.802533035881,
          "enabled": true,
          "eprice_exp_base": 1.0747099406995013,
          "eprice_pprice_diff": 0.01361284820715963,
          "grid_span": 0.23242574502132865,
          "initial_eprice_ema_dist": -0.0026397716995506643,
          "initial_qty_pct": 0.013073801280192091,
          "markup_range": 0.016594893267278733,
          "max_n_entry_orders": 12,
          "min_markup": 0.005585701770118655,
          "n_close_orders": 14,
          "secondary_allocation": 0.057155298028578924,
          "secondary_pprice_diff": 0.25064305696902744,
          "wallet_exposure_limit": 0.1},
 "short": {"auto_unstuck_ema_dist": 0.010949324776973308,
           "auto_unstuck_wallet_exposure_threshold": 0.491940312387278,
           "backwards_tp": true,
           "ema_span_0": 557.0411590752876,
           "ema_span_1": 1500.8055950522714,
           "enabled": true,
           "eprice_exp_base": 1.449903314923936,
           "eprice_pprice_diff": 0.021259684998689896,
           "grid_span": 0.38030613180076306,
           "initial_eprice_ema_dist": -0.08763707339442164,
           "initial_qty_pct": 0.008700374797323874,
           "markup_range": 0.03419506907451804,
           "max_n_entry_orders": 10,
           "min_markup": 0.004405775529545559,
           "n_close_orders": 19,
           "secondary_allocation": 0.11164211810221593,
           "secondary_pprice_diff": 0.23472693570608757,
           "wallet_exposure_limit": 0.1}}