{"config_name": "static_grid_ADAUSDT_193days",
 "logging_level": 0,
 "long": {"auto_unstuck_ema_dist": 0.059084018605697355,
          "auto_unstuck_wallet_exposure_threshold": 0.08661720492198796,
          "backwards_tp": true,
          "ema_span_0": 2418.0444212933553,
          "ema_span_1": 9797.129775110905,
          "enabled": true,
          "eprice_exp_base": 1.377697849751253,
          "eprice_pprice_diff": 0.047549154297613284,
          "grid_span": 0.20848207992569232,
          "initial_eprice_ema_dist": 0,
          "initial_qty_pct": 0.027834952471265967,
          "markup_range": 0.024796199058968817,
          "max_n_entry_orders": 10,
          "min_markup": 0.04279030697588493,
          "n_close_orders": 19,
          "secondary_allocation": 0.06630710080635446,
          "secondary_pprice_diff": 0.09641124349197752,
          "wallet_exposure_limit": 0.1},
 "short": {"auto_unstuck_ema_dist": 0.03023515065340804,
           "auto_unstuck_wallet_exposure_threshold": 0.6573083302872728,
           "backwards_tp": true,
           "ema_span_0": 3476.5847936714335,
           "ema_span_1": 4276.601305271661,
           "enabled": true,
           "eprice_exp_base": 1.784599055157824,
           "eprice_pprice_diff": 0.01690541098638571,
           "grid_span": 0.25317174733344966,
           "initial_eprice_ema_dist": -0.032625436367986704,
           "initial_qty_pct": 0.031146409068811172,
           "markup_range": 0.02148085289972176,
           "max_n_entry_orders": 10,
           "min_markup": 0.05365124596621948,
           "n_close_orders": 26,
           "secondary_allocation": 0.20095623863607812,
           "secondary_pprice_diff": 0.3297453405541272,
           "wallet_exposure_limit": 0.1}}