{"config_name": "static_grid_ADAUSDT_174days",
 "logging_level": 0,
 "long": {"auto_unstuck_ema_dist": 0.006906195508610903,
          "auto_unstuck_wallet_exposure_threshold": 0.8513821056216206,
          "backwards_tp": true,
          "ema_span_0": 579.3980312989028,
          "ema_span_1": 9948.935307923904,
          "enabled": true,
          "eprice_exp_base": 1.3072530066414159,
          "eprice_pprice_diff": 0.0315629379873656,
          "grid_span": 0.30087851191038095,
          "initial_eprice_ema_dist": -0.07422031250740074,
          "initial_qty_pct": 0.014454240674161878,
          "markup_range": 0.03050114595836174,
          "max_n_entry_orders": 10,
          "min_markup": 0.05326526816802604,
          "n_close_orders": 26,
          "secondary_allocation": 0.3005025357886972,
          "secondary_pprice_diff": 0.45071542380358,
          "wallet_exposure_limit": 0.1},
 "short": {"auto_unstuck_ema_dist": 0.0477188996614593,
           "auto_unstuck_wallet_exposure_threshold": 0.6207342966133941,
           "backwards_tp": true,
           "ema_span_0": 3361.5190846950154,
           "ema_span_1": 2701.267425002668,
           "enabled": true,
           "eprice_exp_base": 1.4355455142751632,
           "eprice_pprice_diff": 0.01901695526424267,
           "grid_span": 0.11624320517794276,
           "initial_eprice_ema_dist": -0.09421798528631407,
           "initial_qty_pct": 0.04138749816447084,
           "markup_range": 0.03814366470165695,
           "max_n_entry_orders": 10,
           "min_markup": 0.05963257079247497,
           "n_close_orders": 21,
           "secondary_allocation": 0.16492878257420662,
           "secondary_pprice_diff": 0.1517559852479393,
           "wallet_exposure_limit": 0.1}}