{"config_name": "static_grid_ADAUSDT_214days",
 "logging_level": 0,
 "long": {"auto_unstuck_ema_dist": 0.023557382790358884,
          "auto_unstuck_wallet_exposure_threshold": 0.4173078480456027,
          "backwards_tp": true,
          "ema_span_0": 4221.677214066727,
          "ema_span_1": 2547.3267863757305,
          "enabled": true,
          "eprice_exp_base": 1.2309533657181635,
          "eprice_pprice_diff": 0.01882602464087934,
          "grid_span": 0.19608229170379288,
          "initial_eprice_ema_dist": -0.003488006465254842,
          "initial_qty_pct": 0.0073225446491267335,
          "markup_range": 0.02156168725877196,
          "max_n_entry_orders": 12,
          "min_markup": 0.01302601420071501,
          "n_close_orders": 8,
          "secondary_allocation": 0.24324330599024563,
          "secondary_pprice_diff": 0.05,
          "wallet_exposure_limit": 0.1},
 "short": {"auto_unstuck_ema_dist": 0.0016115490984822574,
           "auto_unstuck_wallet_exposure_threshold": 0.5031780793834147,
           "backwards_tp": true,
           "ema_span_0": 2969.3266002205764,
           "ema_span_1": 4560.357716981684,
           "enabled": true,
           "eprice_exp_base": 1.2817614521781668,
           "eprice_pprice_diff": 0.005757162487818888,
           "grid_span": 0.14612034861141793,
           "initial_eprice_ema_dist": -0.018885608904011565,
           "initial_qty_pct": 0.01387103473562609,
           "markup_range": 0.0031454990625687618,
           "max_n_entry_orders": 12,
           "min_markup": 0.009043285840295118,
           "n_close_orders": 15,
           "secondary_allocation": 0.08116804430964078,
           "secondary_pprice_diff": 0.41856634610081894,
           "wallet_exposure_limit": 0.1}}