{"config_name": "static_grid_ADAUSDT_243days",
 "logging_level": 0,
 "long": {"auto_unstuck_ema_dist": 0.04090204298863559,
          "auto_unstuck_wallet_exposure_threshold": 0.5269563466511499,
          "backwards_tp": true,
          "ema_span_0": 1970.7673509041297,
          "ema_span_1": 6652.151112283305,
          "enabled": true,
          "eprice_exp_base": 1.2720909196920633,
          "eprice_pprice_diff": 0.030421386372608838,
          "grid_span": 0.19642047195800602,
          "initial_eprice_ema_dist": -0.0015227808150332773,
          "initial_qty_pct": 0.00882302058689033,
          "markup_range": 0.0304904240923746,
          "max_n_entry_orders": 12,
          "min_markup": 0.01661070998971962,
          "n_close_orders": 7,
          "secondary_allocation": 0.20728144944128615,
          "secondary_pprice_diff": 0.3458349150759192,
          "wallet_exposure_limit": 0.1},
 "short": {"auto_unstuck_ema_dist": 0.07213997638958644,
           "auto_unstuck_wallet_exposure_threshold": 0.10655914522938026,
           "backwards_tp": true,
           "ema_span_0": 946.3847674323721,
           "ema_span_1": 831.0191693662438,
           "enabled": true,
           "eprice_exp_base": 1.0335327461058588,
           "eprice_pprice_diff": 0.017125581144010846,
           "grid_span": 0.2960909079222315,
           "initial_eprice_ema_dist": -0.1,
           "initial_qty_pct": 0.007769236542811888,
           "markup_range": 0.028431647016318302,
           "max_n_entry_orders": 10,
           "min_markup": 0.012916745507714938,
           "n_close_orders": 8,
           "secondary_allocation": 0.5410521530568492,
           "secondary_pprice_diff": 0.1460085204357356,
           "wallet_exposure_limit": 0.1}}