{"config_name": "static_grid_ADAUSDT_213days",
 "logging_level": 0,
 "long": {"auto_unstuck_ema_dist": 0.09752858263567284,
          "auto_unstuck_wallet_exposure_threshold": 0.0598891331667819,
          "backwards_tp": true,
          "ema_span_0": 2929.1377249268703,
          "ema_span_1": 10080,
          "enabled": true,
          "eprice_exp_base": 1.5427387046569292,
          "eprice_pprice_diff": 0.032142038740071814,
          "grid_span": 0.22138348861853258,
          "initial_eprice_ema_dist": 0,
          "initial_qty_pct": 0.0330777826327682,
          "markup_range": 0.025684571343078486,
          "max_n_entry_orders": 10,
          "min_markup": 0.05562197447439697,
          "n_close_orders": 10,
          "secondary_allocation": 0.18407375999521872,
          "secondary_pprice_diff": 0.07634464625801583,
          "wallet_exposure_limit": 0.1},
 "short": {"auto_unstuck_ema_dist": 0.04120132503581459,
           "auto_unstuck_wallet_exposure_threshold": 0.7024731807978357,
           "backwards_tp": true,
           "ema_span_0": 2027.8245100635781,
           "ema_span_1": 3608.8977613007064,
           "enabled": true,
           "eprice_exp_base": 1.9726565615497702,
           "eprice_pprice_diff": 0.04131264487885979,
           "grid_span": 0.21921827557298307,
           "initial_eprice_ema_dist": -0.1,
           "initial_qty_pct": 0.031781249117223555,
           "markup_range": 0.029478393617943105,
           "max_n_entry_orders": 10,
           "min_markup": 0.05599989842922674,
           "n_close_orders": 24,
           "secondary_allocation": 0.23441874501239,
           "secondary_pprice_diff": 0.4499011447218939,
           "wallet_exposure_limit": 0.1}}