{"config_name": "static_grid_ADAUSDT_307days",
 "logging_level": 0,
 "long": {"auto_unstuck_ema_dist": 0.05121507497901807,
          "auto_unstuck_wallet_exposure_threshold": 0.11299730946982349,
          "backwards_tp": true,
          "ema_span_0": 4263.631710391693,
          "ema_span_1": 3373.133330624316,
          "enabled": true,
          "eprice_exp_base": 1.357409080393513,
          "eprice_pprice_diff": 0.02525239035695222,
          "grid_span": 0.17963255459132724,
          "initial_eprice_ema_dist": -0.019763648712851748,
          "initial_qty_pct": 0.014584723600772669,
          "markup_range": 0.03438022312908889,
          "max_n_entry_orders": 10,
          "min_markup": 0.01686433457321164,
          "n_close_orders": 6,
          "secondary_allocation": 0.5912830807077435,
          "secondary_pprice_diff": 0.07318449849132129,
          "wallet_exposure_limit": 0.1},
 "short": {"auto_unstuck_ema_dist": 0.015565158355547132,
           "auto_unstuck_wallet_exposure_threshold": 0.48380792207412643,
           "backwards_tp": true,
           "ema_span_0": 2096.17693624608,
           "ema_span_1": 142.26472241908158,
           "enabled": true,
           "eprice_exp_base": 1.275002680940146,
           "eprice_pprice_diff": 0.021328790404132672,
           "grid_span": 0.34566525755053423,
           "initial_eprice_ema_dist": -0.05354736746448545,
           "initial_qty_pct": 0.007633836876827638,
           "markup_range": 0.025556696317248006,
           "max_n_entry_orders": 11,
           "min_markup": 0.019013251171551157,
           "n_close_orders": 15,
           "secondary_allocation": 0.30217308350441136,
           "secondary_pprice_diff": 0.05762415469856828,
           "wallet_exposure_limit": 0.1}}