{"config_name": "static_grid_ADAUSDT_280days",
 "logging_level": 0,
 "long": {"auto_unstuck_ema_dist": 0.04046695456068961,
          "auto_unstuck_wallet_exposure_threshold": 0.2713728330414541,
          "backwards_tp": true,
          "ema_span_0": 2091.816383215362,
          "ema_span_1": 4950.5371667337895,
          "enabled": true,
          "eprice_exp_base": 1.2951133405770243,
          "eprice_pprice_diff": 0.026236273566214153,
          "grid_span": 0.20116781906073222,
          "initial_eprice_ema_dist": -0.007008227202852296,
          "initial_qty_pct": 0.010472193349618773,
          "markup_range": 0.03077205136149406,
          "max_n_entry_orders": 12,
          "min_markup": 0.01342098504959079,
          "n_close_orders": 18,
          "secondary_allocation": 0.24161482847255009,
          "secondary_pprice_diff": 0.43915116071085736,
          "wallet_exposure_limit": 0.1},
 "short": {"auto_unstuck_ema_dist": 0.05248566704745519,
           "auto_unstuck_wallet_exposure_threshold": 0.10828909724443019,
           "backwards_tp": true,
           "ema_span_0": 766.4903543810781,
           "ema_span_1": 120,
           "enabled": true,
           "eprice_exp_base": 1.134763493710033,
           "eprice_pprice_diff": 0.017598398354861912,
           "grid_span": 0.38688625383608366,
           "initial_eprice_ema_dist": -0.08632838445256952,
           "initial_qty_pct": 0.007,
           "markup_range": 0.031224661957117858,
           "max_n_entry_orders": 13,
           "min_markup": 0.0044528998889618344,
           "n_close_orders": 14,
           "secondary_allocation": 0.295734322685399,
           "secondary_pprice_diff": 0.09518956888889211,
           "wallet_exposure_limit": 0.1}}