{"config_name": "static_grid_ADAUSDT_265days",
 "logging_level": 0,
 "long": {"auto_unstuck_ema_dist": 0.06061429950437715,
          "auto_unstuck_wallet_exposure_threshold": 0.09457044153217992,
          "backwards_tp": true,
          "ema_span_0": 344.4351245654069,
          "ema_span_1": 4192.357175371468,
          "enabled": true,
          "eprice_exp_base": 1.1340802442753148,
          "eprice_pprice_diff": 0.030204824626609186,
          "grid_span": 0.20210828201085934,
          "initial_eprice_ema_dist": -0.0069572500283019145,
          "initial_qty_pct": 0.009822840390472246,
          "markup_range": 0.039166158660791206,
          "max_n_entry_orders": 13,
          "min_markup": 0.010721273210092723,
          "n_close_orders": 8,
          "secondary_allocation": 0.0418308895193006,
          "secondary_pprice_diff": 0.48471866059839525,
          "wallet_exposure_limit": 0.1},
 "short": {"auto_unstuck_ema_dist": 0.01980723804196608,
           "auto_unstuck_wallet_exposure_threshold": 0.39264269382129857,
           "backwards_tp": true,
           "ema_span_0": 1870.0182849919474,
           "ema_span_1": 1592.3671947897801,
           "enabled": true,
           "eprice_exp_base": 1.2604028357111787,
           "eprice_pprice_diff": 0.025743311468268498,
           "grid_span": 0.350612618375621,
           "initial_eprice_ema_dist": -0.08566606976469016,
           "initial_qty_pct": 0.013092611337600056,
           "markup_range": 0.026805406415571272,
           "max_n_entry_orders": 11,
           "min_markup": 0.01213290577219094,
           "n_close_orders": 12,
           "secondary_allocation": 0.19135337031407987,
           "secondary_pprice_diff": 0.4684161563515135,
           "wallet_exposure_limit": 0.1}}