{"config_name": "static_grid_ALGOUSDT_271days",
 "logging_level": 0,
 "long": {"auto_unstuck_ema_dist": 0.053567431977948034,
          "auto_unstuck_wallet_exposure_threshold": 0.13443027592636683,
          "backwards_tp": true,
          "ema_span_0": 2365.114535261269,
          "ema_span_1": 8661.275708659681,
          "enabled": true,
          "eprice_exp_base": 1,
          "eprice_pprice_diff": 0.02979382077121205,
          "grid_span": 0.16766084930032465,
          "initial_eprice_ema_dist": -0.011567906673674775,
          "initial_qty_pct": 0.007,
          "markup_range": 0.025051465463248587,
          "max_n_entry_orders": 13,
          "min_markup": 0.014064641768370847,
          "n_close_orders": 11,
          "secondary_allocation": 0.6605196293561256,
          "secondary_pprice_diff": 0.050899570755856716,
          "wallet_exposure_limit": 0.1},
 "short": {"auto_unstuck_ema_dist": 0.01201726854670159,
           "auto_unstuck_wallet_exposure_threshold": 0.6,
           "backwards_tp": true,
           "ema_span_0": 473.2062111152634,
           "ema_span_1": 1453.4761843717433,
           "enabled": true,
           "eprice_exp_base": 1.0697658279606186,
           "eprice_pprice_diff": 0.023111305814100664,
           "grid_span": 0.10135034843907506,
           "initial_eprice_ema_dist": -0.08164238187014514,
           "initial_qty_pct": 0.007611234587176406,
           "markup_range": 0.01978399796068718,
           "max_n_entry_orders": 11,
           "min_markup": 0.0065891789777034575,
           "n_close_orders": 8,
           "secondary_allocation": 0.29023185830238646,
           "secondary_pprice_diff": 0.053652594081258144,
           "wallet_exposure_limit": 0.1}}