{"config_name": "static_grid_ALGOUSDT_151days",
 "logging_level": 0,
 "long": {"auto_unstuck_ema_dist": 0.08502017940369873,
          "auto_unstuck_wallet_exposure_threshold": 0.259693238654632,
          "backwards_tp": true,
          "ema_span_0": 854.683080439541,
          "ema_span_1": 2453.202823435166,
          "enabled": true,
          "eprice_exp_base": 1.4356318256960299,
          "eprice_pprice_diff": 0.03031302283525914,
          "grid_span": 0.22428940273946715,
          "initial_eprice_ema_dist": -0.001915116676151723,
          "initial_qty_pct": 0.04551004249605772,
          "markup_range": 0.01971870154018994,
          "max_n_entry_orders": 10,
          "min_markup": 0.05780736099098975,
          "n_close_orders": 5,
          "secondary_allocation": 0.4551754312185072,
          "secondary_pprice_diff": 0.08166394617156865,
          "wallet_exposure_limit": 0.1},
 "short": {"auto_unstuck_ema_dist": 0.09763796978750093,
           "auto_unstuck_wallet_exposure_threshold": 0.11740329777258265,
           "backwards_tp": true,
           "ema_span_0": 1516.4568218298232,
           "ema_span_1": 1598.853372116885,
           "enabled": true,
           "eprice_exp_base": 1.4404346966183559,
           "eprice_pprice_diff": 0.028426583791929614,
           "grid_span": 0.12819985226131927,
           "initial_eprice_ema_dist": -0.08255374850637853,
           "initial_qty_pct": 0.031011507744068204,
           "markup_range": 0.005194337809010825,
           "max_n_entry_orders": 10,
           "min_markup": 0.04496778059446316,
           "n_close_orders": 19,
           "secondary_allocation": 0.03485918587066177,
           "secondary_pprice_diff": 0.3484351572076882,
           "wallet_exposure_limit": 0.1}}