{"config_name": "static_grid_ALGOUSDT_230days",
 "logging_level": 0,
 "long": {"auto_unstuck_ema_dist": 0.02635367225738208,
          "auto_unstuck_wallet_exposure_threshold": 0.4223465013624501,
          "backwards_tp": true,
          "ema_span_0": 2707.2041592476153,
          "ema_span_1": 6760.87565370699,
          "enabled": true,
          "eprice_exp_base": 1,
          "eprice_pprice_diff": 0.03320313839841449,
          "grid_span": 0.213898405174063,
          "initial_eprice_ema_dist": -0.012882507866825512,
          "initial_qty_pct": 0.008431264848684426,
          "markup_range": 0.030412837505659762,
          "max_n_entry_orders": 13,
          "min_markup": 0.011325015200942062,
          "n_close_orders": 7,
          "secondary_allocation": 0.04232653921112696,
          "secondary_pprice_diff": 0.09103529474937216,
          "wallet_exposure_limit": 0.1},
 "short": {"auto_unstuck_ema_dist": 0.02196466604381695,
           "auto_unstuck_wallet_exposure_threshold": 0.2432695611161388,
           "backwards_tp": true,
           "ema_span_0": 461.5251237984069,
           "ema_span_1": 411.864197220116,
           "enabled": true,
           "eprice_exp_base": 1.2598082496343785,
           "eprice_pprice_diff": 0.015222802267075293,
           "grid_span": 0.14104890763799577,
           "initial_eprice_ema_dist": -0.0900760147473114,
           "initial_qty_pct": 0.013616135523084594,
           "markup_range": 0.008414290291658388,
           "max_n_entry_orders": 11,
           "min_markup": 0.01927277619969392,
           "n_close_orders": 16,
           "secondary_allocation": 0.0002136023870442979,
           "secondary_pprice_diff": 0.12930403089327908,
           "wallet_exposure_limit": 0.1}}