{"config_name": "static_grid_ALGOUSDT_165days",
 "logging_level": 0,
 "long": {"auto_unstuck_ema_dist": 0.06669884148840749,
          "auto_unstuck_wallet_exposure_threshold": 0.8155498029931073,
          "backwards_tp": true,
          "ema_span_0": 702.7651963777346,
          "ema_span_1": 5954.487046638246,
          "enabled": true,
          "eprice_exp_base": 2.0484419581213396,
          "eprice_pprice_diff": 0.026441872918296,
          "grid_span": 0.20281788184613525,
          "initial_eprice_ema_dist": -0.014817156285867706,
          "initial_qty_pct": 0.03203004623635125,
          "markup_range": 0.02099508862691935,
          "max_n_entry_orders": 10,
          "min_markup": 0.05880730713469719,
          "n_close_orders": 21,
          "secondary_allocation": 0.12096331059091384,
          "secondary_pprice_diff": 0.09635268955734341,
          "wallet_exposure_limit": 0.1},
 "short": {"auto_unstuck_ema_dist": 0.03978348882226609,
           "auto_unstuck_wallet_exposure_threshold": 0.9983495298820947,
           "backwards_tp": true,
           "ema_span_0": 3393.168566226898,
           "ema_span_1": 3084.666451285642,
           "enabled": true,
           "eprice_exp_base": 1.1075806916099316,
           "eprice_pprice_diff": 0.02601369462416149,
           "grid_span": 0.5106197294806674,
           "initial_eprice_ema_dist": -0.027892415559006692,
           "initial_qty_pct": 0.03257494663001975,
           "markup_range": 0,
           "max_n_entry_orders": 10,
           "min_markup": 0.016953493704377615,
           "n_close_orders": 30,
           "secondary_allocation": 0.004159871559287497,
           "secondary_pprice_diff": 0.4834281975627804,
           "wallet_exposure_limit": 0.1}}