{"config_name": "static_grid_ALGOUSDT_196days",
 "logging_level": 0,
 "long": {"auto_unstuck_ema_dist": 0.05768859417788374,
          "auto_unstuck_wallet_exposure_threshold": 0.3889045755348737,
          "backwards_tp": true,
          "ema_span_0": 747.8707969058785,
          "ema_span_1": 6081.144224848064,
          "enabled": true,
          "eprice_exp_base": 1.8504698106713582,
          "eprice_pprice_diff": 0.046089054360071435,
          "grid_span": 0.22279678059471922,
          "initial_eprice_ema_dist": -0.010713259820802595,
          "initial_qty_pct": 0.014898059991265394,
          "markup_range": 0.027838735915598718,
          "max_n_entry_orders": 10,
          "min_markup": 0.05708748977013078,
          "n_close_orders": 13,
          "secondary_allocation": 0.01825103678770279,
          "secondary_pprice_diff": 0.398338830972779,
          "wallet_exposure_limit": 0.1},
 "short": {"auto_unstuck_ema_dist": 0.05608769191538267,
           "auto_unstuck_wallet_exposure_threshold": 0,
           "backwards_tp": true,
           "ema_span_0": 1031.956483064324,
           "ema_span_1": 1440,
           "enabled": true,
           "eprice_exp_base": 1.1934348759509221,
           "eprice_pprice_diff": 0.024447611618876545,
           "grid_span": 0.13172070285533874,
           "initial_eprice_ema_dist": -0.08623232788990645,
           "initial_qty_pct": 0.05,
           "markup_range": 0.006350920909219153,
           "max_n_entry_orders": 10,
           "min_markup": 0.04165311762673894,
           "n_close_orders": 5,
           "secondary_allocation": 0,
           "secondary_pprice_diff": 0.11733823069562473,
           "wallet_exposure_limit": 0.1}}