{"config_name": "static_grid_ALGOUSDT_180days",
 "logging_level": 0,
 "long": {"auto_unstuck_ema_dist": 0.0872668656869221,
          "auto_unstuck_wallet_exposure_threshold": 0.3030619573645939,
          "backwards_tp": true,
          "ema_span_0": 803.0285205065871,
          "ema_span_1": 3723.621024110117,
          "enabled": true,
          "eprice_exp_base": 1.5253617760231368,
          "eprice_pprice_diff": 0.03485218329931289,
          "grid_span": 0.20862470449067144,
          "initial_eprice_ema_dist": 0,
          "initial_qty_pct": 0.02911862828877524,
          "markup_range": 0.052211492519226986,
          "max_n_entry_orders": 10,
          "min_markup": 0.06,
          "n_close_orders": 23,
          "secondary_allocation": 0.47674959567966707,
          "secondary_pprice_diff": 0.06402722128285591,
          "wallet_exposure_limit": 0.1},
 "short": {"auto_unstuck_ema_dist": 0.062014937625607905,
           "auto_unstuck_wallet_exposure_threshold": 0,
           "backwards_tp": true,
           "ema_span_0": 3022.366730834358,
           "ema_span_1": 2676.726999423494,
           "enabled": true,
           "eprice_exp_base": 1.608428346612528,
           "eprice_pprice_diff": 0.007893873611660607,
           "grid_span": 0.12039701189871772,
           "initial_eprice_ema_dist": -0.0884862050173246,
           "initial_qty_pct": 0.03268390742661711,
           "markup_range": 0.01377798191503841,
           "max_n_entry_orders": 10,
           "min_markup": 0.05149325598828405,
           "n_close_orders": 9,
           "secondary_allocation": 0.014362185674783572,
           "secondary_pprice_diff": 0.2420068883376406,
           "wallet_exposure_limit": 0.1}}