{"config_name": "static_grid_ALGOUSDT_312days",
 "logging_level": 0,
 "long": {"auto_unstuck_ema_dist": 0.004700942223366231,
          "auto_unstuck_wallet_exposure_threshold": 0.572613399012357,
          "backwards_tp": true,
          "ema_span_0": 530.4942891736042,
          "ema_span_1": 765.6521020376213,
          "enabled": true,
          "eprice_exp_base": 1.0082953573539732,
          "eprice_pprice_diff": 0.0180632867069047,
          "grid_span": 0.20952543794205786,
          "initial_eprice_ema_dist": -0.00033301330391454246,
          "initial_qty_pct": 0.007,
          "markup_range": 0.003121471330186122,
          "max_n_entry_orders": 13,
          "min_markup": 0.010626238332003613,
          "n_close_orders": 9,
          "secondary_allocation": 0.04520650313798221,
          "secondary_pprice_diff": 0.3807974080543788,
          "wallet_exposure_limit": 0.1},
 "short": {"auto_unstuck_ema_dist": 0.09071706964610977,
           "auto_unstuck_wallet_exposure_threshold": 0.571941082540295,
           "backwards_tp": true,
           "ema_span_0": 3831.7032115192374,
           "ema_span_1": 1996.756096945286,
           "enabled": true,
           "eprice_exp_base": 1.171677900854849,
           "eprice_pprice_diff": 0.022646641669812388,
           "grid_span": 0.44038115161293623,
           "initial_eprice_ema_dist": -0.09983169222174335,
           "initial_qty_pct": 0.007601136165434018,
           "markup_range": 0.02821188475300013,
           "max_n_entry_orders": 10,
           "min_markup": 0.018144837198758205,
           "n_close_orders": 19,
           "secondary_allocation": 0,
           "secondary_pprice_diff": 0.053883665230308,
           "wallet_exposure_limit": 0.1}}