{"config_name": "static_grid_ALGOUSDT_257days",
 "logging_level": 0,
 "long": {"auto_unstuck_ema_dist": 0.018938837439950174,
          "auto_unstuck_wallet_exposure_threshold": 0.11424516357162534,
          "backwards_tp": true,
          "ema_span_0": 778.1513657991464,
          "ema_span_1": 4335.304782479752,
          "enabled": true,
          "eprice_exp_base": 1.057812249794009,
          "eprice_pprice_diff": 0.032562772747774395,
          "grid_span": 0.18884534941278455,
          "initial_eprice_ema_dist": -0.009715381783743773,
          "initial_qty_pct": 0.018028856370059188,
          "markup_range": 0.014063847765789138,
          "max_n_entry_orders": 11,
          "min_markup": 0.0039808190499177505,
          "n_close_orders": 17,
          "secondary_allocation": 0.11852887900209634,
          "secondary_pprice_diff": 0.44238564584495876,
          "wallet_exposure_limit": 0.1},
 "short": {"auto_unstuck_ema_dist": 0.09318306588306827,
           "auto_unstuck_wallet_exposure_threshold": 0.38750027452618047,
           "backwards_tp": true,
           "ema_span_0": 817.5719126501629,
           "ema_span_1": 1621.6561005933168,
           "enabled": true,
           "eprice_exp_base": 1.7645313150663808,
           "eprice_pprice_diff": 0.021451666121747308,
           "grid_span": 0.13692623977080284,
           "initial_eprice_ema_dist": -0.0747327277431242,
           "initial_qty_pct": 0.027515260201340718,
           "markup_range": 0.014346529416468438,
           "max_n_entry_orders": 12,
           "min_markup": 0.0055233538686581055,
           "n_close_orders": 17,
           "secondary_allocation": 0.07312386386897118,
           "secondary_pprice_diff": 0.06690866579632339,
           "wallet_exposure_limit": 0.1}}