{"config_name": "static_grid_ALGOUSDT_141days",
 "logging_level": 0,
 "long": {"auto_unstuck_ema_dist": 0.08751739889022164,
          "auto_unstuck_wallet_exposure_threshold": 0.4008820144020742,
          "backwards_tp": true,
          "ema_span_0": 1105.308857992044,
          "ema_span_1": 3893.9168208204146,
          "enabled": true,
          "eprice_exp_base": 1.3176341923894528,
          "eprice_pprice_diff": 0.039438762244368285,
          "grid_span": 0.2272419644044116,
          "initial_eprice_ema_dist": -0.010203362254225579,
          "initial_qty_pct": 0.03679806404854275,
          "markup_range": 0.01014395823628601,
          "max_n_entry_orders": 10,
          "min_markup": 0.04961605923983672,
          "n_close_orders": 5,
          "secondary_allocation": 0.5107420332953981,
          "secondary_pprice_diff": 0.05454068488968912,
          "wallet_exposure_limit": 0.1},
 "short": {"auto_unstuck_ema_dist": 0.05364306420807778,
           "auto_unstuck_wallet_exposure_threshold": 0.01647191275637721,
           "backwards_tp": true,
           "ema_span_0": 3015.130193421101,
           "ema_span_1": 1769.9966497285532,
           "enabled": true,
           "eprice_exp_base": 1.786161947071179,
           "eprice_pprice_diff": 0.016928884538429046,
           "grid_span": 0.11019262404029523,
           "initial_eprice_ema_dist": -0.07240726547556632,
           "initial_qty_pct": 0.01461335829136391,
           "markup_range": 0.0003561502270781749,
           "max_n_entry_orders": 10,
           "min_markup": 0.053168209234448635,
           "n_close_orders": 8,
           "secondary_allocation": 0.021318936008496867,
           "secondary_pprice_diff": 0.36647927320937757,
           "wallet_exposure_limit": 0.1}}