{"config_name": "static_grid_ALGOUSDT_207days",
 "logging_level": 0,
 "long": {"auto_unstuck_ema_dist": 0.05150862385828336,
          "auto_unstuck_wallet_exposure_threshold": 0.5768400211774796,
          "backwards_tp": true,
          "ema_span_0": 1214.41104365201,
          "ema_span_1": 7011.046702074665,
          "enabled": true,
          "eprice_exp_base": 1.0109601419999883,
          "eprice_pprice_diff": 0.027439621806052708,
          "grid_span": 0.21221447300071816,
          "initial_eprice_ema_dist": -0.0018841118896986836,
          "initial_qty_pct": 0.0111541821450775,
          "markup_range": 0.003996629976014894,
          "max_n_entry_orders": 13,
          "min_markup": 0.01983871988343279,
          "n_close_orders": 18,
          "secondary_allocation": 0.13287139060734307,
          "secondary_pprice_diff": 0.19651085819880829,
          "wallet_exposure_limit": 0.1},
 "short": {"auto_unstuck_ema_dist": 0.02786493210295994,
           "auto_unstuck_wallet_exposure_threshold": 0.3110063818397685,
           "backwards_tp": true,
           "ema_span_0": 826.3354778882078,
           "ema_span_1": 469.78018685019777,
           "enabled": true,
           "eprice_exp_base": 1.074796149266018,
           "eprice_pprice_diff": 0.008965809208859447,
           "grid_span": 0.10029317946372321,
           "initial_eprice_ema_dist": -0.09263399448183986,
           "initial_qty_pct": 0.009856107015781776,
           "markup_range": 0.00174049998317295,
           "max_n_entry_orders": 11,
           "min_markup": 0.008303904488648588,
           "n_close_orders": 16,
           "secondary_allocation": 0.03624320181455109,
           "secondary_pprice_diff": 0.11444550407550996,
           "wallet_exposure_limit": 0.1}}