{"config_name": "static_grid_ALGOUSDT_104days",
 "logging_level": 0,
 "long": {"auto_unstuck_ema_dist": 0.06778565557399666,
          "auto_unstuck_wallet_exposure_threshold": 0.21065714696559687,
          "backwards_tp": true,
          "ema_span_0": 2778.8831917937905,
          "ema_span_1": 2984.447654552518,
          "enabled": true,
          "eprice_exp_base": 1.47792820449171,
          "eprice_pprice_diff": 0.02452669931661247,
          "grid_span": 0.23612277509896615,
          "initial_eprice_ema_dist": -0.003947727841176156,
          "initial_qty_pct": 0.039470815384513254,
          "markup_range": 0.016963194979793324,
          "max_n_entry_orders": 10,
          "min_markup": 0.0391978003628301,
          "n_close_orders": 29,
          "secondary_allocation": 0.06005892258908278,
          "secondary_pprice_diff": 0.46165461552440035,
          "wallet_exposure_limit": 0.1},
 "short": {"auto_unstuck_ema_dist": 0.04750241411397788,
           "auto_unstuck_wallet_exposure_threshold": 0.25534090126600184,
           "backwards_tp": true,
           "ema_span_0": 1053.6513739007955,
           "ema_span_1": 4188.025803908638,
           "enabled": true,
           "eprice_exp_base": 1.5692396642646684,
           "eprice_pprice_diff": 0.023600081040393864,
           "grid_span": 0.1,
           "initial_eprice_ema_dist": -0.07101779766381933,
           "initial_qty_pct": 0.043788589296027504,
           "markup_range": 0.028049220186351368,
           "max_n_entry_orders": 10,
           "min_markup": 0.05765398868800643,
           "n_close_orders": 12,
           "secondary_allocation": 0.06367921927119079,
           "secondary_pprice_diff": 0.20036000054138453,
           "wallet_exposure_limit": 0.1}}