{"config_name": "static_grid_ALGOUSDT_193days",
 "logging_level": 0,
 "long": {"auto_unstuck_ema_dist": 0.08888425770490625,
          "auto_unstuck_wallet_exposure_threshold": 0.11974589409374017,
          "backwards_tp": true,
          "ema_span_0": 4019.305635210908,
          "ema_span_1": 4074.1153474627067,
          "enabled": true,
          "eprice_exp_base": 2.0917705834232376,
          "eprice_pprice_diff": 0.044332791945365144,
          "grid_span": 0.2377792440681225,
          "initial_eprice_ema_dist": -0.031966584883238044,
          "initial_qty_pct": 0.013297577548361136,
          "markup_range": 0.009424157241193753,
          "max_n_entry_orders": 10,
          "min_markup": 0.059612134278890186,
          "n_close_orders": 20,
          "secondary_allocation": 0.06753896521228847,
          "secondary_pprice_diff": 0.16139438753170166,
          "wallet_exposure_limit": 0.1},
 "short": {"auto_unstuck_ema_dist": 0.002450376631710727,
           "auto_unstuck_wallet_exposure_threshold": 0,
           "backwards_tp": true,
           "ema_span_0": 2446.2498023925878,
           "ema_span_1": 3001.726489728405,
           "enabled": true,
           "eprice_exp_base": 1.841728681504323,
           "eprice_pprice_diff": 0.026759638066289143,
           "grid_span": 0.12651819855122626,
           "initial_eprice_ema_dist": -0.09797170460355926,
           "initial_qty_pct": 0.046016329018930505,
           "markup_range": 0.000632186011000921,
           "max_n_entry_orders": 10,
           "min_markup": 0.05427310708786182,
           "n_close_orders": 28,
           "secondary_allocation": 0.07129771414024708,
           "secondary_pprice_diff": 0.05,
           "wallet_exposure_limit": 0.1}}