{"config_name": "static_grid_ALGOUSDT_295days",
 "logging_level": 0,
 "long": {"auto_unstuck_ema_dist": 0.049053732904816454,
          "auto_unstuck_wallet_exposure_threshold": 0.5800697984787924,
          "backwards_tp": true,
          "ema_span_0": 2819.95675945816,
          "ema_span_1": 9922.24903325953,
          "enabled": true,
          "eprice_exp_base": 1.1946226764602028,
          "eprice_pprice_diff": 0.02884305176635845,
          "grid_span": 0.18938922449493525,
          "initial_eprice_ema_dist": -0.007100078943651882,
          "initial_qty_pct": 0.007878407117239293,
          "markup_range": 0.01679246174932806,
          "max_n_entry_orders": 11,
          "min_markup": 0.010919552240785536,
          "n_close_orders": 18,
          "secondary_allocation": 0.679566350876749,
          "secondary_pprice_diff": 0.05,
          "wallet_exposure_limit": 0.1},
 "short": {"auto_unstuck_ema_dist": 0.01786059992360498,
           "auto_unstuck_wallet_exposure_threshold": 0.46547085670347427,
           "backwards_tp": true,
           "ema_span_0": 3698.383645802777,
           "ema_span_1": 2768.8269975100916,
           "enabled": true,
           "eprice_exp_base": 1.1927069868869127,
           "eprice_pprice_diff": 0.018514760329310206,
           "grid_span": 0.17211045880734271,
           "initial_eprice_ema_dist": -0.07597957862241124,
           "initial_qty_pct": 0.007689274258109553,
           "markup_range": 0.009281971428406888,
           "max_n_entry_orders": 13,
           "min_markup": 0.00940710903024593,
           "n_close_orders": 12,
           "secondary_allocation": 0.17324217733689942,
           "secondary_pprice_diff": 0.06960752786730624,
           "wallet_exposure_limit": 0.1}}