{"config_name": "static_grid_ALGOUSDT_216days",
 "logging_level": 0,
 "long": {"auto_unstuck_ema_dist": 0.0591651220408506,
          "auto_unstuck_wallet_exposure_threshold": 0.32876546162970033,
          "backwards_tp": true,
          "ema_span_0": 4149.212387178376,
          "ema_span_1": 6715.811586364613,
          "enabled": true,
          "eprice_exp_base": 1.624753533400739,
          "eprice_pprice_diff": 0.012213030614235622,
          "grid_span": 0.23514577552981175,
          "initial_eprice_ema_dist": -0.051952016152142774,
          "initial_qty_pct": 0.017514428924292214,
          "markup_range": 0.002074130150858892,
          "max_n_entry_orders": 10,
          "min_markup": 0.032708400896264,
          "n_close_orders": 18,
          "secondary_allocation": 0.3460920706122507,
          "secondary_pprice_diff": 0.06611672327775193,
          "wallet_exposure_limit": 0.1},
 "short": {"auto_unstuck_ema_dist": 0.09205951645272036,
           "auto_unstuck_wallet_exposure_threshold": 0,
           "backwards_tp": true,
           "ema_span_0": 1579.4241306210877,
           "ema_span_1": 2653.648373594378,
           "enabled": true,
           "eprice_exp_base": 1.6390892734521223,
           "eprice_pprice_diff": 0.021092158146395194,
           "grid_span": 0.11992196066436242,
           "initial_eprice_ema_dist": -0.08793912085727608,
           "initial_qty_pct": 0.048773075039246834,
           "markup_range": 0.001337686373635269,
           "max_n_entry_orders": 10,
           "min_markup": 0.05913053771323346,
           "n_close_orders": 9,
           "secondary_allocation": 0.5921561309876465,
           "secondary_pprice_diff": 0.053445006175441075,
           "wallet_exposure_limit": 0.1}}