{"config_name": "static_grid_ALGOUSDT_174days",
 "logging_level": 0,
 "long": {"auto_unstuck_ema_dist": 0.05303712640832397,
          "auto_unstuck_wallet_exposure_threshold": 0.32577320235624546,
          "backwards_tp": true,
          "ema_span_0": 669.1040159217695,
          "ema_span_1": 4179.9695311218275,
          "enabled": true,
          "eprice_exp_base": 1.315348487469516,
          "eprice_pprice_diff": 0.04925615239974447,
          "grid_span": 0.2275629604396748,
          "initial_eprice_ema_dist": -0.009632026356232027,
          "initial_qty_pct": 0.039255081665370506,
          "markup_range": 0.0035103139712491967,
          "max_n_entry_orders": 10,
          "min_markup": 0.056514368574375605,
          "n_close_orders": 6,
          "secondary_allocation": 0.05636974445771832,
          "secondary_pprice_diff": 0.4348622198198656,
          "wallet_exposure_limit": 0.1},
 "short": {"auto_unstuck_ema_dist": 0.07790751821167875,
           "auto_unstuck_wallet_exposure_threshold": 0.05477860365373568,
           "backwards_tp": true,
           "ema_span_0": 2904.5548004915777,
           "ema_span_1": 2961.2705546873517,
           "enabled": true,
           "eprice_exp_base": 1.921744199372461,
           "eprice_pprice_diff": 0.028096736229773028,
           "grid_span": 0.12765275629172043,
           "initial_eprice_ema_dist": -0.09701774875425184,
           "initial_qty_pct": 0.031306444282306306,
           "markup_range": 0,
           "max_n_entry_orders": 10,
           "min_markup": 0.05420073992329189,
           "n_close_orders": 23,
           "secondary_allocation": 0.02290269295634124,
           "secondary_pprice_diff": 0.39335366455950627,
           "wallet_exposure_limit": 0.1}}