{"config_name": "static_grid_ALGOUSDT_235days",
 "logging_level": 0,
 "long": {"auto_unstuck_ema_dist": 0.00251106831520791,
          "auto_unstuck_wallet_exposure_threshold": 0.14897304105839296,
          "backwards_tp": true,
          "ema_span_0": 4250.110608648393,
          "ema_span_1": 9524.22321920475,
          "enabled": true,
          "eprice_exp_base": 1.0316571403599821,
          "eprice_pprice_diff": 0.023576253848725484,
          "grid_span": 0.1931277334244708,
          "initial_eprice_ema_dist": 0,
          "initial_qty_pct": 0.007,
          "markup_range": 0.02350815871810058,
          "max_n_entry_orders": 11,
          "min_markup": 0.012998931671283251,
          "n_close_orders": 15,
          "secondary_allocation": 0.06643415723621793,
          "secondary_pprice_diff": 0.1761155357400715,
          "wallet_exposure_limit": 0.1},
 "short": {"auto_unstuck_ema_dist": 0.01704697411725148,
           "auto_unstuck_wallet_exposure_threshold": 0.1838144997068517,
           "backwards_tp": true,
           "ema_span_0": 804.6937191647709,
           "ema_span_1": 717.7420940346955,
           "enabled": true,
           "eprice_exp_base": 1.068861949722577,
           "eprice_pprice_diff": 0.011127416763943432,
           "grid_span": 0.1611776289164625,
           "initial_eprice_ema_dist": -0.08632503823145649,
           "initial_qty_pct": 0.0079430393648924,
           "markup_range": 0.01160484631280935,
           "max_n_entry_orders": 9,
           "min_markup": 0.016793961032191992,
           "n_close_orders": 14,
           "secondary_allocation": 0.3157106547283957,
           "secondary_pprice_diff": 0.06893949398954417,
           "wallet_exposure_limit": 0.1}}