{"config_name": "static_grid_ALGOUSDT_149days",
 "logging_level": 0,
 "long": {"auto_unstuck_ema_dist": 0.046680166605712996,
          "auto_unstuck_wallet_exposure_threshold": 0.723465510456294,
          "backwards_tp": true,
          "ema_span_0": 564.701307320201,
          "ema_span_1": 7883.718212948166,
          "enabled": true,
          "eprice_exp_base": 1,
          "eprice_pprice_diff": 0.019365916583532497,
          "grid_span": 0.396660951415692,
          "initial_eprice_ema_dist": -0.021453769547240462,
          "initial_qty_pct": 0.01744636123330228,
          "markup_range": 0.021067177679023878,
          "max_n_entry_orders": 10,
          "min_markup": 0.047162560834990375,
          "n_close_orders": 19,
          "secondary_allocation": 0.2346373629997568,
          "secondary_pprice_diff": 0.30842292572055113,
          "wallet_exposure_limit": 0.1},
 "short": {"auto_unstuck_ema_dist": 0.0722908915323482,
           "auto_unstuck_wallet_exposure_threshold": 0.42799611795275083,
           "backwards_tp": true,
           "ema_span_0": 2915.82083377959,
           "ema_span_1": 2968.2786657542647,
           "enabled": true,
           "eprice_exp_base": 1.9953435364227534,
           "eprice_pprice_diff": 0.0445892057665198,
           "grid_span": 0.11125074362025172,
           "initial_eprice_ema_dist": -0.1,
           "initial_qty_pct": 0.012130496943248397,
           "markup_range": 0.020664927754748954,
           "max_n_entry_orders": 10,
           "min_markup": 0.05929983930910773,
           "n_close_orders": 9,
           "secondary_allocation": 0.6718421077505337,
           "secondary_pprice_diff": 0.06326121325368442,
           "wallet_exposure_limit": 0.1}}