{"config_name": "static_grid_ALGOUSDT_218days",
 "logging_level": 0,
 "long": {"auto_unstuck_ema_dist": 0.056992212280067005,
          "auto_unstuck_wallet_exposure_threshold": 0.04134780139481007,
          "backwards_tp": true,
          "ema_span_0": 270.60141891507544,
          "ema_span_1": 8005.381272769099,
          "enabled": true,
          "eprice_exp_base": 1.078352313860101,
          "eprice_pprice_diff": 0.04492370683686711,
          "grid_span": 0.41831075083120517,
          "initial_eprice_ema_dist": -0.06149976509116211,
          "initial_qty_pct": 0.026397790796305574,
          "markup_range": 0.02277185410370723,
          "max_n_entry_orders": 11,
          "min_markup": 0.00719025512527297,
          "n_close_orders": 9,
          "secondary_allocation": 0.19802924279343065,
          "secondary_pprice_diff": 0.18559357669256105,
          "wallet_exposure_limit": 0.1},
 "short": {"auto_unstuck_ema_dist": 0.07766939647076855,
           "auto_unstuck_wallet_exposure_threshold": 0.5705719051396988,
           "backwards_tp": true,
           "ema_span_0": 4164.4808879043485,
           "ema_span_1": 4352.73825857138,
           "enabled": true,
           "eprice_exp_base": 1.00129749868782,
           "eprice_pprice_diff": 0.02366569310463336,
           "grid_span": 0.271221940591443,
           "initial_eprice_ema_dist": -0.05333069819058102,
           "initial_qty_pct": 0.024938334968709504,
           "markup_range": 0.039609369886352955,
           "max_n_entry_orders": 8,
           "min_markup": 0.005112272518192688,
           "n_close_orders": 9,
           "secondary_allocation": 0.22985745411091538,
           "secondary_pprice_diff": 0.166000443355452,
           "wallet_exposure_limit": 0.1}}