{"config_name": "static_grid_ALGOUSDT_172days",
 "logging_level": 0,
 "long": {"auto_unstuck_ema_dist": 0.04811785638939227,
          "auto_unstuck_wallet_exposure_threshold": 0.596125509837635,
          "backwards_tp": true,
          "ema_span_0": 643.0434621880235,
          "ema_span_1": 7857.55950432979,
          "enabled": true,
          "eprice_exp_base": 1.1494905293911564,
          "eprice_pprice_diff": 0.011823255450343986,
          "grid_span": 0.4020445527578477,
          "initial_eprice_ema_dist": -0.000930434039936863,
          "initial_qty_pct": 0.033006297742127884,
          "markup_range": 0.006233375776527875,
          "max_n_entry_orders": 10,
          "min_markup": 0.05655937451466086,
          "n_close_orders": 12,
          "secondary_allocation": 0.018392482445660607,
          "secondary_pprice_diff": 0.4549020017951431,
          "wallet_exposure_limit": 0.1},
 "short": {"auto_unstuck_ema_dist": 0.06470133443286381,
           "auto_unstuck_wallet_exposure_threshold": 0.13211339676427866,
           "backwards_tp": true,
           "ema_span_0": 2784.360834146051,
           "ema_span_1": 2395.2512709499215,
           "enabled": true,
           "eprice_exp_base": 1.5322580767049956,
           "eprice_pprice_diff": 0.041973280492178466,
           "grid_span": 0.10566444551287742,
           "initial_eprice_ema_dist": -0.055385495988454894,
           "initial_qty_pct": 0.015442046906263935,
           "markup_range": 0.03725371172225265,
           "max_n_entry_orders": 10,
           "min_markup": 0.05297792735830549,
           "n_close_orders": 13,
           "secondary_allocation": 0.7,
           "secondary_pprice_diff": 0.05892730851491933,
           "wallet_exposure_limit": 0.1}}