{"config_name": "static_grid_ALGOUSDT_223days",
 "logging_level": 0,
 "long": {"auto_unstuck_ema_dist": 0.028356482993006384,
          "auto_unstuck_wallet_exposure_threshold": 0.11345828535315869,
          "backwards_tp": true,
          "ema_span_0": 1754.1177039689267,
          "ema_span_1": 8737.362741177558,
          "enabled": true,
          "eprice_exp_base": 1,
          "eprice_pprice_diff": 0.029753182751668727,
          "grid_span": 0.1385329293931699,
          "initial_eprice_ema_dist": 0,
          "initial_qty_pct": 0.010487244922679485,
          "markup_range": 0.0308861371093592,
          "max_n_entry_orders": 12,
          "min_markup": 0.01873006554869333,
          "n_close_orders": 18,
          "secondary_allocation": 0.3305087442367444,
          "secondary_pprice_diff": 0.08652218890834551,
          "wallet_exposure_limit": 0.1},
 "short": {"auto_unstuck_ema_dist": 0.019594948167121134,
           "auto_unstuck_wallet_exposure_threshold": 0.28244682377138974,
           "backwards_tp": true,
           "ema_span_0": 877.755345156101,
           "ema_span_1": 502.79014663563856,
           "enabled": true,
           "eprice_exp_base": 1.2020805864560138,
           "eprice_pprice_diff": 0.015755895210177003,
           "grid_span": 0.13274865856150958,
           "initial_eprice_ema_dist": -0.1,
           "initial_qty_pct": 0.007692259954773445,
           "markup_range": 0.01678282739690307,
           "max_n_entry_orders": 10,
           "min_markup": 0.01124153092554433,
           "n_close_orders": 13,
           "secondary_allocation": 0.038307212574741165,
           "secondary_pprice_diff": 0.055503883579291265,
           "wallet_exposure_limit": 0.1}}