{"config_name": "static_grid_ATOMUSDT_147days",
 "logging_level": 0,
 "long": {"auto_unstuck_ema_dist": 0.0915348901082044,
          "auto_unstuck_wallet_exposure_threshold": 0.8273249055438143,
          "backwards_tp": true,
          "ema_span_0": 1278.2985510399244,
          "ema_span_1": 6902.960570156082,
          "enabled": true,
          "eprice_exp_base": 1.5926011819170642,
          "eprice_pprice_diff": 0.044271621603325435,
          "grid_span": 0.3051328173198218,
          "initial_eprice_ema_dist": -0.04314990982027659,
          "initial_qty_pct": 0.04278072112875524,
          "markup_range": 0.04209539261977986,
          "max_n_entry_orders": 10,
          "min_markup": 0.03278549002154695,
          "n_close_orders": 29,
          "secondary_allocation": 0.5607137372001845,
          "secondary_pprice_diff": 0.17500639643803012,
          "wallet_exposure_limit": 0.1},
 "short": {"auto_unstuck_ema_dist": 0.1,
           "auto_unstuck_wallet_exposure_threshold": 0.9763970392254601,
           "backwards_tp": true,
           "ema_span_0": 2374.4513635589046,
           "ema_span_1": 4747.998026812887,
           "enabled": true,
           "eprice_exp_base": 1.9105399016357199,
           "eprice_pprice_diff": 0.02662609738889966,
           "grid_span": 0.20032194012632426,
           "initial_eprice_ema_dist": -0.004556420144283265,
           "initial_qty_pct": 0.010013487298643202,
           "markup_range": 0.03245386364541932,
           "max_n_entry_orders": 10,
           "min_markup": 0.05396241533182988,
           "n_close_orders": 15,
           "secondary_allocation": 0.22878490233612597,
           "secondary_pprice_diff": 0.3687632720040088,
           "wallet_exposure_limit": 0.1}}