{"config_name": "static_grid_ATOMUSDT_300days",
 "logging_level": 0,
 "long": {"auto_unstuck_ema_dist": 0.04730109153864941,
          "auto_unstuck_wallet_exposure_threshold": 0.1588242120765781,
          "backwards_tp": true,
          "ema_span_0": 1869.4136322425459,
          "ema_span_1": 2644.754943936405,
          "enabled": true,
          "eprice_exp_base": 1.1607538041919505,
          "eprice_pprice_diff": 0.011749009060211703,
          "grid_span": 0.17114746276594023,
          "initial_eprice_ema_dist": -0.08784820921801251,
          "initial_qty_pct": 0.0072052924088656985,
          "markup_range": 0,
          "max_n_entry_orders": 12,
          "min_markup": 0.01664832546759989,
          "n_close_orders": 19,
          "secondary_allocation": 0.08953688874296999,
          "secondary_pprice_diff": 0.14012047250872622,
          "wallet_exposure_limit": 0.1},
 "short": {"auto_unstuck_ema_dist": 0.08623986052494495,
           "auto_unstuck_wallet_exposure_threshold": 0.5578254152270483,
           "backwards_tp": true,
           "ema_span_0": 2213.11273734631,
           "ema_span_1": 4350.347928857173,
           "enabled": true,
           "eprice_exp_base": 1.091052296297464,
           "eprice_pprice_diff": 0.03490559917143433,
           "grid_span": 0.32630940650005036,
           "initial_eprice_ema_dist": -0.07104604294814003,
           "initial_qty_pct": 0.007,
           "markup_range": 0.03864173779209918,
           "max_n_entry_orders": 11,
           "min_markup": 0.01836961948171886,
           "n_close_orders": 10,
           "secondary_allocation": 0.10312668155478308,
           "secondary_pprice_diff": 0.15132564935800974,
           "wallet_exposure_limit": 0.1}}