{"config_name": "static_grid_ATOMUSDT_185days",
 "logging_level": 0,
 "long": {"auto_unstuck_ema_dist": 0.02937305258489851,
          "auto_unstuck_wallet_exposure_threshold": 0.6740877718977996,
          "backwards_tp": true,
          "ema_span_0": 1348.161673395663,
          "ema_span_1": 3510.394191946139,
          "enabled": true,
          "eprice_exp_base": 2.073631076078409,
          "eprice_pprice_diff": 0.0030644889563230197,
          "grid_span": 0.2878969996228517,
          "initial_eprice_ema_dist": -0.0005812917512488525,
          "initial_qty_pct": 0.013503473041387931,
          "markup_range": 0.009953393164696383,
          "max_n_entry_orders": 10,
          "min_markup": 0.026610821455908727,
          "n_close_orders": 4,
          "secondary_allocation": 0.3350079510544784,
          "secondary_pprice_diff": 0.4054033689787672,
          "wallet_exposure_limit": 0.1},
 "short": {"auto_unstuck_ema_dist": 0.08779458162956981,
           "auto_unstuck_wallet_exposure_threshold": 0.0706611794407988,
           "backwards_tp": true,
           "ema_span_0": 1872.3503517358279,
           "ema_span_1": 9911.146047396009,
           "enabled": true,
           "eprice_exp_base": 1.8433983245528598,
           "eprice_pprice_diff": 0.03516183296750969,
           "grid_span": 0.16887222034202456,
           "initial_eprice_ema_dist": 0,
           "initial_qty_pct": 0.02591596714698597,
           "markup_range": 0.03620624476633282,
           "max_n_entry_orders": 10,
           "min_markup": 0.05836461781251681,
           "n_close_orders": 10,
           "secondary_allocation": 0.19165922133328644,
           "secondary_pprice_diff": 0.15081446648335373,
           "wallet_exposure_limit": 0.1}}