{"config_name": "static_grid_ATOMUSDT_211days",
 "logging_level": 0,
 "long": {"auto_unstuck_ema_dist": 0.003676538132047948,
          "auto_unstuck_wallet_exposure_threshold": 0.48814621702941224,
          "backwards_tp": true,
          "ema_span_0": 1968.64323230221,
          "ema_span_1": 9135.538234038633,
          "enabled": true,
          "eprice_exp_base": 1.0226745776956776,
          "eprice_pprice_diff": 0.014696154097192878,
          "grid_span": 0.22018146021307589,
          "initial_eprice_ema_dist": -0.08450364083695677,
          "initial_qty_pct": 0.008446209823069166,
          "markup_range": 0.005405779525972136,
          "max_n_entry_orders": 13,
          "min_markup": 0.012085645525823727,
          "n_close_orders": 19,
          "secondary_allocation": 0.029329320802571297,
          "secondary_pprice_diff": 0.12870747715258385,
          "wallet_exposure_limit": 0.1},
 "short": {"auto_unstuck_ema_dist": 0.053622140239234714,
           "auto_unstuck_wallet_exposure_threshold": 0.22084189134778975,
           "backwards_tp": true,
           "ema_span_0": 4085.7907816716215,
           "ema_span_1": 3778.382621566568,
           "enabled": true,
           "eprice_exp_base": 1.085549122629627,
           "eprice_pprice_diff": 0.020805727029931317,
           "grid_span": 0.20989500733862432,
           "initial_eprice_ema_dist": -0.027328229661067495,
           "initial_qty_pct": 0.007,
           "markup_range": 0.0273566347556531,
           "max_n_entry_orders": 10,
           "min_markup": 0.013557273804768672,
           "n_close_orders": 7,
           "secondary_allocation": 0.01678358290343863,
           "secondary_pprice_diff": 0.2897912128322907,
           "wallet_exposure_limit": 0.1}}