{"config_name": "static_grid_ATOMUSDT_194days",
 "logging_level": 0,
 "long": {"auto_unstuck_ema_dist": 0.08665847854266909,
          "auto_unstuck_wallet_exposure_threshold": 0.7233448668208589,
          "backwards_tp": true,
          "ema_span_0": 437.518026570577,
          "ema_span_1": 2967.74469573743,
          "enabled": true,
          "eprice_exp_base": 1.8979782427218412,
          "eprice_pprice_diff": 0.007136963888654616,
          "grid_span": 0.3036443327288811,
          "initial_eprice_ema_dist": -0.00366738932021611,
          "initial_qty_pct": 0.01601586976617734,
          "markup_range": 0.015438529375675912,
          "max_n_entry_orders": 10,
          "min_markup": 0.033318194073752486,
          "n_close_orders": 16,
          "secondary_allocation": 0.08262062957508358,
          "secondary_pprice_diff": 0.08591160063590161,
          "wallet_exposure_limit": 0.1},
 "short": {"auto_unstuck_ema_dist": 0.08375575703739692,
           "auto_unstuck_wallet_exposure_threshold": 0.022974443702981597,
           "backwards_tp": true,
           "ema_span_0": 4039.373036551221,
           "ema_span_1": 10080,
           "enabled": true,
           "eprice_exp_base": 1.8202637162995847,
           "eprice_pprice_diff": 0.041657876874697256,
           "grid_span": 0.16196729525588427,
           "initial_eprice_ema_dist": 0,
           "initial_qty_pct": 0.03537692070770928,
           "markup_range": 0.02918474029588016,
           "max_n_entry_orders": 10,
           "min_markup": 0.058474916158998,
           "n_close_orders": 17,
           "secondary_allocation": 0.17838124101741526,
           "secondary_pprice_diff": 0.1536422138536322,
           "wallet_exposure_limit": 0.1}}