{"config_name": "static_grid_ATOMUSDT_229days",
 "logging_level": 0,
 "long": {"auto_unstuck_ema_dist": 0.08829528532365949,
          "auto_unstuck_wallet_exposure_threshold": 0.5051823979658998,
          "backwards_tp": true,
          "ema_span_0": 1733.5836646824523,
          "ema_span_1": 8798.167697328056,
          "enabled": true,
          "eprice_exp_base": 1.0660531314768278,
          "eprice_pprice_diff": 0.024433106401929455,
          "grid_span": 0.21899916070239991,
          "initial_eprice_ema_dist": -0.07541993758847675,
          "initial_qty_pct": 0.009553851212532967,
          "markup_range": 0.02027702240383079,
          "max_n_entry_orders": 12,
          "min_markup": 0.012749419195827333,
          "n_close_orders": 12,
          "secondary_allocation": 0.09193846792207155,
          "secondary_pprice_diff": 0.203104177133909,
          "wallet_exposure_limit": 0.1},
 "short": {"auto_unstuck_ema_dist": 0.05403612017674159,
           "auto_unstuck_wallet_exposure_threshold": 0.06571753148787012,
           "backwards_tp": true,
           "ema_span_0": 3501.789214223541,
           "ema_span_1": 5306.682357917029,
           "enabled": true,
           "eprice_exp_base": 1.1442955968917699,
           "eprice_pprice_diff": 0.014780683640562502,
           "grid_span": 0.14983966679722627,
           "initial_eprice_ema_dist": -0.03482608450320818,
           "initial_qty_pct": 0.008201716499730876,
           "markup_range": 0.00021269385984257674,
           "max_n_entry_orders": 11,
           "min_markup": 0.013054520208780979,
           "n_close_orders": 19,
           "secondary_allocation": 0.026107776144957677,
           "secondary_pprice_diff": 0.1575224391855356,
           "wallet_exposure_limit": 0.1}}