{"config_name": "static_grid_ATOMUSDT_317days",
 "logging_level": 0,
 "long": {"auto_unstuck_ema_dist": 0.002917873521625281,
          "auto_unstuck_wallet_exposure_threshold": 0.526747833333843,
          "backwards_tp": true,
          "ema_span_0": 3683.305932061032,
          "ema_span_1": 9828.313349929496,
          "enabled": true,
          "eprice_exp_base": 1.0734884248215377,
          "eprice_pprice_diff": 0.01627831445609731,
          "grid_span": 0.22215087553713808,
          "initial_eprice_ema_dist": -0.09292351502129523,
          "initial_qty_pct": 0.008223481088374028,
          "markup_range": 0.009418377433313453,
          "max_n_entry_orders": 12,
          "min_markup": 0.011162706359097113,
          "n_close_orders": 15,
          "secondary_allocation": 0.13456524229013545,
          "secondary_pprice_diff": 0.4840763169725588,
          "wallet_exposure_limit": 0.1},
 "short": {"auto_unstuck_ema_dist": 0.0703040634803436,
           "auto_unstuck_wallet_exposure_threshold": 0.5802231756577598,
           "backwards_tp": true,
           "ema_span_0": 1027.4034217975104,
           "ema_span_1": 8582.34542851784,
           "enabled": true,
           "eprice_exp_base": 1.2756148989918652,
           "eprice_pprice_diff": 0.029181205847466102,
           "grid_span": 0.35027430489136646,
           "initial_eprice_ema_dist": -0.039355203230698015,
           "initial_qty_pct": 0.007,
           "markup_range": 0.03511236980667799,
           "max_n_entry_orders": 13,
           "min_markup": 0.017857110157620287,
           "n_close_orders": 16,
           "secondary_allocation": 0.11290315059178274,
           "secondary_pprice_diff": 0.319759589566246,
           "wallet_exposure_limit": 0.1}}