{"config_name": "static_grid_ATOMUSDT_239days",
 "logging_level": 0,
 "long": {"auto_unstuck_ema_dist": 0.033689265639711856,
          "auto_unstuck_wallet_exposure_threshold": 0.5254374870170659,
          "backwards_tp": true,
          "ema_span_0": 2656.6108728147915,
          "ema_span_1": 6082.2235523596,
          "enabled": true,
          "eprice_exp_base": 1.1793246861346574,
          "eprice_pprice_diff": 0.014285697750284137,
          "grid_span": 0.1698669341428254,
          "initial_eprice_ema_dist": -0.08837655009760942,
          "initial_qty_pct": 0.008511382488854588,
          "markup_range": 0.011605997818666301,
          "max_n_entry_orders": 10,
          "min_markup": 0.008142170786280163,
          "n_close_orders": 13,
          "secondary_allocation": 0.4347341976575349,
          "secondary_pprice_diff": 0.05838939350749886,
          "wallet_exposure_limit": 0.1},
 "short": {"auto_unstuck_ema_dist": 0.06188088287252266,
           "auto_unstuck_wallet_exposure_threshold": 0.5789872021989984,
           "backwards_tp": true,
           "ema_span_0": 1304.4570870364912,
           "ema_span_1": 2687.9395894418126,
           "enabled": true,
           "eprice_exp_base": 1.0937082857887848,
           "eprice_pprice_diff": 0.03549237867238733,
           "grid_span": 0.41685196745871167,
           "initial_eprice_ema_dist": -0.06788933245263418,
           "initial_qty_pct": 0.007,
           "markup_range": 0.03992182763660954,
           "max_n_entry_orders": 13,
           "min_markup": 0.018665515484078427,
           "n_close_orders": 5,
           "secondary_allocation": 0.18929677718708207,
           "secondary_pprice_diff": 0.1674742519449132,
           "wallet_exposure_limit": 0.1}}