{"config_name": "static_grid_ATOMUSDT_181days",
 "logging_level": 0,
 "long": {"auto_unstuck_ema_dist": 0.02169517302806754,
          "auto_unstuck_wallet_exposure_threshold": 0.796167206682272,
          "backwards_tp": true,
          "ema_span_0": 644.9834956361258,
          "ema_span_1": 10080,
          "enabled": true,
          "eprice_exp_base": 2.0288725290071286,
          "eprice_pprice_diff": 0.022853689272265453,
          "grid_span": 0.2707617905737711,
          "initial_eprice_ema_dist": -0.06617233734669119,
          "initial_qty_pct": 0.030581965543454694,
          "markup_range": 0.003685858181203634,
          "max_n_entry_orders": 10,
          "min_markup": 0.03173970696980056,
          "n_close_orders": 19,
          "secondary_allocation": 0.17235564828173935,
          "secondary_pprice_diff": 0.05,
          "wallet_exposure_limit": 0.1},
 "short": {"auto_unstuck_ema_dist": 0.08698747159542945,
           "auto_unstuck_wallet_exposure_threshold": 0.5575918915449204,
           "backwards_tp": true,
           "ema_span_0": 4320,
           "ema_span_1": 9463.741503336872,
           "enabled": true,
           "eprice_exp_base": 2.0239021023612644,
           "eprice_pprice_diff": 0.0066142841154299735,
           "grid_span": 0.17940509841767005,
           "initial_eprice_ema_dist": -0.004661602955873416,
           "initial_qty_pct": 0.041072285180808285,
           "markup_range": 0.03838256130403758,
           "max_n_entry_orders": 10,
           "min_markup": 0.02676932364660662,
           "n_close_orders": 24,
           "secondary_allocation": 0.03160502085265808,
           "secondary_pprice_diff": 0.13632828264322994,
           "wallet_exposure_limit": 0.1}}