{"config_name": "static_grid_ATOMUSDT_188days",
 "logging_level": 0,
 "long": {"auto_unstuck_ema_dist": 0.010988603409300378,
          "auto_unstuck_wallet_exposure_threshold": 0.8223760508893071,
          "backwards_tp": true,
          "ema_span_0": 682.5667475087241,
          "ema_span_1": 9646.356422867026,
          "enabled": true,
          "eprice_exp_base": 1.7680926164776585,
          "eprice_pprice_diff": 0.04646086840460173,
          "grid_span": 0.17868285058514094,
          "initial_eprice_ema_dist": -0.048445312248052604,
          "initial_qty_pct": 0.015797987097366507,
          "markup_range": 0.001892447498385616,
          "max_n_entry_orders": 10,
          "min_markup": 0.056992366642450394,
          "n_close_orders": 13,
          "secondary_allocation": 0.33145417540631944,
          "secondary_pprice_diff": 0.07744437810536416,
          "wallet_exposure_limit": 0.1},
 "short": {"auto_unstuck_ema_dist": 0.08558743911389903,
           "auto_unstuck_wallet_exposure_threshold": 0.8380863186708439,
           "backwards_tp": true,
           "ema_span_0": 4213.2602558904255,
           "ema_span_1": 4332.076607249753,
           "enabled": true,
           "eprice_exp_base": 1.8147576930018696,
           "eprice_pprice_diff": 0.03790309443200429,
           "grid_span": 0.14603235688883828,
           "initial_eprice_ema_dist": -0.0186439843267333,
           "initial_qty_pct": 0.033230571751579736,
           "markup_range": 0.009310944032324867,
           "max_n_entry_orders": 10,
           "min_markup": 0.017697687823689988,
           "n_close_orders": 24,
           "secondary_allocation": 0.3630028496591831,
           "secondary_pprice_diff": 0.404789783835569,
           "wallet_exposure_limit": 0.1}}