{"config_name": "static_grid_ATOMUSDT_216days",
 "logging_level": 0,
 "long": {"auto_unstuck_ema_dist": 0.02529471918415227,
          "auto_unstuck_wallet_exposure_threshold": 0.6962939984855341,
          "backwards_tp": true,
          "ema_span_0": 1078.7864535779177,
          "ema_span_1": 8374.915677909376,
          "enabled": true,
          "eprice_exp_base": 1.931759351655065,
          "eprice_pprice_diff": 0.03529895238131852,
          "grid_span": 0.32297709068052016,
          "initial_eprice_ema_dist": -0.08154719725015185,
          "initial_qty_pct": 0.03669487674476803,
          "markup_range": 0.024749121292733114,
          "max_n_entry_orders": 10,
          "min_markup": 0.029274467375347054,
          "n_close_orders": 30,
          "secondary_allocation": 0.35899435174086547,
          "secondary_pprice_diff": 0.2773728058018105,
          "wallet_exposure_limit": 0.1},
 "short": {"auto_unstuck_ema_dist": 0.08803120391678627,
           "auto_unstuck_wallet_exposure_threshold": 0.9668385923851106,
           "backwards_tp": true,
           "ema_span_0": 4320,
           "ema_span_1": 6010.596120476299,
           "enabled": true,
           "eprice_exp_base": 2.010966386111379,
           "eprice_pprice_diff": 0.04119918076223619,
           "grid_span": 0.21394007348358143,
           "initial_eprice_ema_dist": -0.033764870753389555,
           "initial_qty_pct": 0.020030222725672613,
           "markup_range": 0.008709225296705847,
           "max_n_entry_orders": 10,
           "min_markup": 0.058476813674874985,
           "n_close_orders": 24,
           "secondary_allocation": 0.48559793861068573,
           "secondary_pprice_diff": 0.45450899395945477,
           "wallet_exposure_limit": 0.1}}