{"config_name": "static_grid_ATOMUSDT_164days",
 "logging_level": 0,
 "long": {"auto_unstuck_ema_dist": 0.09692027208272186,
          "auto_unstuck_wallet_exposure_threshold": 0.760964292424149,
          "backwards_tp": true,
          "ema_span_0": 596.1079939192028,
          "ema_span_1": 7512.037608145408,
          "enabled": true,
          "eprice_exp_base": 1.8438554616103842,
          "eprice_pprice_diff": 0.002,
          "grid_span": 0.3045651922926076,
          "initial_eprice_ema_dist": -0.05866838856602899,
          "initial_qty_pct": 0.024689404058078936,
          "markup_range": 0.04445409264354302,
          "max_n_entry_orders": 10,
          "min_markup": 0.012233278547924343,
          "n_close_orders": 18,
          "secondary_allocation": 0.10065265943757308,
          "secondary_pprice_diff": 0.1893369230071904,
          "wallet_exposure_limit": 0.1},
 "short": {"auto_unstuck_ema_dist": 0.08384318240572353,
           "auto_unstuck_wallet_exposure_threshold": 0.8972098453908304,
           "backwards_tp": true,
           "ema_span_0": 4320,
           "ema_span_1": 9872.490333191892,
           "enabled": true,
           "eprice_exp_base": 1.3403486395042188,
           "eprice_pprice_diff": 0.013813144131177318,
           "grid_span": 0.16885211531914127,
           "initial_eprice_ema_dist": -0.027932316030132277,
           "initial_qty_pct": 0.018736742064930843,
           "markup_range": 0.014925863782216582,
           "max_n_entry_orders": 10,
           "min_markup": 0.007819306462312327,
           "n_close_orders": 20,
           "secondary_allocation": 0.27581523940026964,
           "secondary_pprice_diff": 0.45809811580435655,
           "wallet_exposure_limit": 0.1}}