{"config_name": "static_grid_ATOMUSDT_329days",
 "logging_level": 0,
 "long": {"auto_unstuck_ema_dist": 0.08499605300083894,
          "auto_unstuck_wallet_exposure_threshold": 0.2926828347555671,
          "backwards_tp": true,
          "ema_span_0": 498.05344739266536,
          "ema_span_1": 473.2464577492807,
          "enabled": true,
          "eprice_exp_base": 1.0701124963029582,
          "eprice_pprice_diff": 0.011967561655544672,
          "grid_span": 0.16393765065249494,
          "initial_eprice_ema_dist": -0.1,
          "initial_qty_pct": 0.008108923769270599,
          "markup_range": 0.012782967786430026,
          "max_n_entry_orders": 12,
          "min_markup": 0.0059978638381893955,
          "n_close_orders": 8,
          "secondary_allocation": 0.11795223243189033,
          "secondary_pprice_diff": 0.2445606641378309,
          "wallet_exposure_limit": 0.1},
 "short": {"auto_unstuck_ema_dist": 0.09183118871299219,
           "auto_unstuck_wallet_exposure_threshold": 0.6,
           "backwards_tp": true,
           "ema_span_0": 2028.5386071649518,
           "ema_span_1": 3008.266917813818,
           "enabled": true,
           "eprice_exp_base": 1.102592246967308,
           "eprice_pprice_diff": 0.03570539632093415,
           "grid_span": 0.307508307734997,
           "initial_eprice_ema_dist": -0.07933882157428175,
           "initial_qty_pct": 0.007,
           "markup_range": 0.0388473242666315,
           "max_n_entry_orders": 11,
           "min_markup": 0.01888800297264857,
           "n_close_orders": 6,
           "secondary_allocation": 0.4857347780958018,
           "secondary_pprice_diff": 0.16742810436046263,
           "wallet_exposure_limit": 0.1}}