{"config_name": "static_grid_ATOMUSDT_138days",
 "logging_level": 0,
 "long": {"auto_unstuck_ema_dist": 0.09901405303095677,
          "auto_unstuck_wallet_exposure_threshold": 0.47232159029758236,
          "backwards_tp": true,
          "ema_span_0": 521.8689888377062,
          "ema_span_1": 9543.615287853534,
          "enabled": true,
          "eprice_exp_base": 1.0187265102318601,
          "eprice_pprice_diff": 0.015710458504544587,
          "grid_span": 0.2735173383511955,
          "initial_eprice_ema_dist": -0.07915647552673662,
          "initial_qty_pct": 0.03853751411251485,
          "markup_range": 0.04038391266749533,
          "max_n_entry_orders": 10,
          "min_markup": 0.03721210967833152,
          "n_close_orders": 7,
          "secondary_allocation": 0.26650712298034357,
          "secondary_pprice_diff": 0.41760198871379606,
          "wallet_exposure_limit": 0.1},
 "short": {"auto_unstuck_ema_dist": 0.0834807780151755,
           "auto_unstuck_wallet_exposure_threshold": 0.8347092721668056,
           "backwards_tp": true,
           "ema_span_0": 3953.184495961417,
           "ema_span_1": 4778.335945817048,
           "enabled": true,
           "eprice_exp_base": 1.7446343982142838,
           "eprice_pprice_diff": 0.046072218728965976,
           "grid_span": 0.22140975749412295,
           "initial_eprice_ema_dist": -0.004853270585805254,
           "initial_qty_pct": 0.04549635318465981,
           "markup_range": 0.028007628108566843,
           "max_n_entry_orders": 10,
           "min_markup": 0.014489097738557902,
           "n_close_orders": 13,
           "secondary_allocation": 0.3392835618168084,
           "secondary_pprice_diff": 0.07764305235870603,
           "wallet_exposure_limit": 0.1}}