{"config_name": "static_grid_ATOMUSDT_260days",
 "logging_level": 0,
 "long": {"auto_unstuck_ema_dist": 0.02086441051974473,
          "auto_unstuck_wallet_exposure_threshold": 0.5483595281907516,
          "backwards_tp": true,
          "ema_span_0": 3612.8811540321503,
          "ema_span_1": 5066.949752684926,
          "enabled": true,
          "eprice_exp_base": 1.1169738654652608,
          "eprice_pprice_diff": 0.013707921827280086,
          "grid_span": 0.23244253748380395,
          "initial_eprice_ema_dist": -0.09286572555550958,
          "initial_qty_pct": 0.007,
          "markup_range": 0.003125722748855165,
          "max_n_entry_orders": 13,
          "min_markup": 0.01764163301678147,
          "n_close_orders": 14,
          "secondary_allocation": 0.1090065622241271,
          "secondary_pprice_diff": 0.29075708499280073,
          "wallet_exposure_limit": 0.1},
 "short": {"auto_unstuck_ema_dist": 0.08756265311614066,
           "auto_unstuck_wallet_exposure_threshold": 0.5740465028448899,
           "backwards_tp": true,
           "ema_span_0": 3093.380615121115,
           "ema_span_1": 2724.9889778359275,
           "enabled": true,
           "eprice_exp_base": 1.1156949659177278,
           "eprice_pprice_diff": 0.03806687998194422,
           "grid_span": 0.36764420453726676,
           "initial_eprice_ema_dist": -0.07305108461249042,
           "initial_qty_pct": 0.007770567850006999,
           "markup_range": 0.037189104625689764,
           "max_n_entry_orders": 10,
           "min_markup": 0.019690398483458913,
           "n_close_orders": 18,
           "secondary_allocation": 0.08450649318730667,
           "secondary_pprice_diff": 0.30563303319196866,
           "wallet_exposure_limit": 0.1}}