{"config_name": "static_grid_ATOMUSDT_275days",
 "logging_level": 0,
 "long": {"auto_unstuck_ema_dist": 0.08810741249209342,
          "auto_unstuck_wallet_exposure_threshold": 0.12698987459043343,
          "backwards_tp": true,
          "ema_span_0": 1184.1420470911837,
          "ema_span_1": 1485.9979451186703,
          "enabled": true,
          "eprice_exp_base": 1.09888924213194,
          "eprice_pprice_diff": 0.015012621367779009,
          "grid_span": 0.13025885622082084,
          "initial_eprice_ema_dist": -0.09895615678409075,
          "initial_qty_pct": 0.008956158058795625,
          "markup_range": 0.003246452920376579,
          "max_n_entry_orders": 9,
          "min_markup": 0.014943107679280488,
          "n_close_orders": 11,
          "secondary_allocation": 0.04264332966625338,
          "secondary_pprice_diff": 0.4159714736013603,
          "wallet_exposure_limit": 0.1},
 "short": {"auto_unstuck_ema_dist": 0.0718892187225929,
           "auto_unstuck_wallet_exposure_threshold": 0.5648180877286055,
           "backwards_tp": true,
           "ema_span_0": 1206.0885613253404,
           "ema_span_1": 6678.721625722584,
           "enabled": true,
           "eprice_exp_base": 1.074339124873659,
           "eprice_pprice_diff": 0.03549306606294221,
           "grid_span": 0.4040320618152559,
           "initial_eprice_ema_dist": -0.08438302549271011,
           "initial_qty_pct": 0.007152237985034982,
           "markup_range": 0.03925952551730867,
           "max_n_entry_orders": 13,
           "min_markup": 0.018668417316404704,
           "n_close_orders": 8,
           "secondary_allocation": 0.13080188500074233,
           "secondary_pprice_diff": 0.15015177168150065,
           "wallet_exposure_limit": 0.1}}