{"config_name": "static_grid_ATOMUSDT_248days",
 "logging_level": 0,
 "long": {"auto_unstuck_ema_dist": 0.00681829820783706,
          "auto_unstuck_wallet_exposure_threshold": 0.47852718687107504,
          "backwards_tp": true,
          "ema_span_0": 1834.5240644270605,
          "ema_span_1": 5305.6271175602515,
          "enabled": true,
          "eprice_exp_base": 1.215071947870638,
          "eprice_pprice_diff": 0.014574515828210967,
          "grid_span": 0.21048877506706254,
          "initial_eprice_ema_dist": -0.09028383745536793,
          "initial_qty_pct": 0.007114660242508626,
          "markup_range": 0.012768344156647305,
          "max_n_entry_orders": 13,
          "min_markup": 0.006877868270456016,
          "n_close_orders": 8,
          "secondary_allocation": 0.028146491426370438,
          "secondary_pprice_diff": 0.42698340285619746,
          "wallet_exposure_limit": 0.1},
 "short": {"auto_unstuck_ema_dist": 0.07505092658107804,
           "auto_unstuck_wallet_exposure_threshold": 0.5406258318051295,
           "backwards_tp": true,
           "ema_span_0": 1375.8457630166486,
           "ema_span_1": 2868.225205662774,
           "enabled": true,
           "eprice_exp_base": 1.0757938576527382,
           "eprice_pprice_diff": 0.031921831899093714,
           "grid_span": 0.397461569075661,
           "initial_eprice_ema_dist": -0.06406940216487923,
           "initial_qty_pct": 0.007,
           "markup_range": 0.03824914266949189,
           "max_n_entry_orders": 12,
           "min_markup": 0.01925527263368036,
           "n_close_orders": 15,
           "secondary_allocation": 0.05241510568110367,
           "secondary_pprice_diff": 0.31423460626396477,
           "wallet_exposure_limit": 0.1}}