{"config_name": "static_grid_ATOMUSDT_229days",
 "logging_level": 0,
 "long": {"auto_unstuck_ema_dist": 0.007338243881216488,
          "auto_unstuck_wallet_exposure_threshold": 0.34657409277814205,
          "backwards_tp": true,
          "ema_span_0": 2955.709240590035,
          "ema_span_1": 5978.14617241329,
          "enabled": true,
          "eprice_exp_base": 1.1022231408924836,
          "eprice_pprice_diff": 0.018050999555108374,
          "grid_span": 0.16996284207093784,
          "initial_eprice_ema_dist": -0.09438270649691302,
          "initial_qty_pct": 0.007,
          "markup_range": 0.01670276828723383,
          "max_n_entry_orders": 12,
          "min_markup": 0.006048949681715088,
          "n_close_orders": 6,
          "secondary_allocation": 0.32284084774959126,
          "secondary_pprice_diff": 0.10980010807819122,
          "wallet_exposure_limit": 0.1},
 "short": {"auto_unstuck_ema_dist": 0.07125595573661483,
           "auto_unstuck_wallet_exposure_threshold": 0.5678653257984205,
           "backwards_tp": true,
           "ema_span_0": 3384.7053418900846,
           "ema_span_1": 7897.873473710322,
           "enabled": true,
           "eprice_exp_base": 1.1599577714921603,
           "eprice_pprice_diff": 0.025429704851010197,
           "grid_span": 0.26961203763621266,
           "initial_eprice_ema_dist": -0.04488525255513541,
           "initial_qty_pct": 0.007,
           "markup_range": 0.03414315408189159,
           "max_n_entry_orders": 9,
           "min_markup": 0.01907085283818257,
           "n_close_orders": 9,
           "secondary_allocation": 0.05837013043398892,
           "secondary_pprice_diff": 0.27129453409425175,
           "wallet_exposure_limit": 0.1}}