{"config_name": "static_grid_AVAXUSDT_160days",
 "logging_level": 0,
 "long": {"auto_unstuck_ema_dist": 0.07114261608532656,
          "auto_unstuck_wallet_exposure_threshold": 0,
          "backwards_tp": true,
          "ema_span_0": 2160.703328441001,
          "ema_span_1": 2127.603664269012,
          "enabled": true,
          "eprice_exp_base": 1.1865430320364965,
          "eprice_pprice_diff": 0.0323147722890113,
          "grid_span": 0.22938937023016637,
          "initial_eprice_ema_dist": -0.09145545785527437,
          "initial_qty_pct": 0.032092593390976545,
          "markup_range": 0.009157165024562364,
          "max_n_entry_orders": 10,
          "min_markup": 0.0200468097102077,
          "n_close_orders": 15,
          "secondary_allocation": 0.31400576685851167,
          "secondary_pprice_diff": 0.2439977811731742,
          "wallet_exposure_limit": 0.1},
 "short": {"auto_unstuck_ema_dist": 0.1,
           "auto_unstuck_wallet_exposure_threshold": 0.4125840024940164,
           "backwards_tp": true,
           "ema_span_0": 2933.1465275427095,
           "ema_span_1": 3415.6502947816257,
           "enabled": true,
           "eprice_exp_base": 1.1910900464509693,
           "eprice_pprice_diff": 0.027603857023273552,
           "grid_span": 0.4241611369781715,
           "initial_eprice_ema_dist": -0.07063139006887428,
           "initial_qty_pct": 0.03065144680247619,
           "markup_range": 0.038008636038447605,
           "max_n_entry_orders": 10,
           "min_markup": 0.054472483595317304,
           "n_close_orders": 12,
           "secondary_allocation": 0.25362070968966094,
           "secondary_pprice_diff": 0.4407175563597982,
           "wallet_exposure_limit": 0.1}}