{"config_name": "static_grid_AVAXUSDT_212days",
 "logging_level": 0,
 "long": {"auto_unstuck_ema_dist": 0.07799878332690463,
          "auto_unstuck_wallet_exposure_threshold": 0,
          "backwards_tp": true,
          "ema_span_0": 1127.1150890651215,
          "ema_span_1": 2146.2516254109833,
          "enabled": true,
          "eprice_exp_base": 1.2065340601039904,
          "eprice_pprice_diff": 0.015857818242170536,
          "grid_span": 0.49006924984330025,
          "initial_eprice_ema_dist": -0.08406385786128227,
          "initial_qty_pct": 0.026051392032224736,
          "markup_range": 0.034860260794928724,
          "max_n_entry_orders": 10,
          "min_markup": 0.023554002213346012,
          "n_close_orders": 16,
          "secondary_allocation": 0.40406608247536735,
          "secondary_pprice_diff": 0.27951822265711357,
          "wallet_exposure_limit": 0.1},
 "short": {"auto_unstuck_ema_dist": 0.08948052473793285,
           "auto_unstuck_wallet_exposure_threshold": 0.37803885067158016,
           "backwards_tp": true,
           "ema_span_0": 2168.646612093419,
           "ema_span_1": 3395.72075697834,
           "enabled": true,
           "eprice_exp_base": 1.918145698549998,
           "eprice_pprice_diff": 0.009910276272253748,
           "grid_span": 0.4496366400098337,
           "initial_eprice_ema_dist": -0.0813119890052372,
           "initial_qty_pct": 0.016637467781411914,
           "markup_range": 0.02934694372658796,
           "max_n_entry_orders": 10,
           "min_markup": 0.05690425516198888,
           "n_close_orders": 21,
           "secondary_allocation": 0.25251792108592136,
           "secondary_pprice_diff": 0.2797319158727801,
           "wallet_exposure_limit": 0.1}}