{"config_name": "static_grid_AVAXUSDT_208days",
 "logging_level": 0,
 "long": {"auto_unstuck_ema_dist": 0.0161938829045575,
          "auto_unstuck_wallet_exposure_threshold": 0.5840999783320864,
          "backwards_tp": true,
          "ema_span_0": 4257.566799910502,
          "ema_span_1": 5537.479074783089,
          "enabled": true,
          "eprice_exp_base": 1.323377235595024,
          "eprice_pprice_diff": 0.03426025028602698,
          "grid_span": 0.375733593191302,
          "initial_eprice_ema_dist": -0.013171531822173243,
          "initial_qty_pct": 0.007030779933597286,
          "markup_range": 0.04,
          "max_n_entry_orders": 12,
          "min_markup": 0.019511255249592383,
          "n_close_orders": 12,
          "secondary_allocation": 0.3551532041127793,
          "secondary_pprice_diff": 0.1555425820242616,
          "wallet_exposure_limit": 0.1},
 "short": {"auto_unstuck_ema_dist": 0.0293834132497929,
           "auto_unstuck_wallet_exposure_threshold": 0.5693451323712366,
           "backwards_tp": true,
           "ema_span_0": 2470.459584886361,
           "ema_span_1": 1541.6776003660386,
           "enabled": true,
           "eprice_exp_base": 1.1179423982542713,
           "eprice_pprice_diff": 0.014747556118162534,
           "grid_span": 0.11867649263365253,
           "initial_eprice_ema_dist": -0.0032342627611708086,
           "initial_qty_pct": 0.01742797267319152,
           "markup_range": 0.005177051823154451,
           "max_n_entry_orders": 13,
           "min_markup": 0.0064380622741896446,
           "n_close_orders": 13,
           "secondary_allocation": 0.299670277891613,
           "secondary_pprice_diff": 0.06655991546526961,
           "wallet_exposure_limit": 0.1}}