{"config_name": "static_grid_AVAXUSDT_226days",
 "logging_level": 0,
 "long": {"auto_unstuck_ema_dist": 0.05186047979973995,
          "auto_unstuck_wallet_exposure_threshold": 0.4057065282950183,
          "backwards_tp": true,
          "ema_span_0": 3987.0750600430733,
          "ema_span_1": 9102.744730666258,
          "enabled": true,
          "eprice_exp_base": 1.1120798352943915,
          "eprice_pprice_diff": 0.03980583201847652,
          "grid_span": 0.3523045307760919,
          "initial_eprice_ema_dist": -0.0006822339797714819,
          "initial_qty_pct": 0.007,
          "markup_range": 0.04,
          "max_n_entry_orders": 11,
          "min_markup": 0.01958906101676356,
          "n_close_orders": 19,
          "secondary_allocation": 0.1809460700766686,
          "secondary_pprice_diff": 0.05,
          "wallet_exposure_limit": 0.1},
 "short": {"auto_unstuck_ema_dist": 0.04666943210540877,
           "auto_unstuck_wallet_exposure_threshold": 0.5160641187345654,
           "backwards_tp": true,
           "ema_span_0": 2873.5207354778227,
           "ema_span_1": 3189.729836285347,
           "enabled": true,
           "eprice_exp_base": 1.2283744135558687,
           "eprice_pprice_diff": 0.011678913995997835,
           "grid_span": 0.2020944410601436,
           "initial_eprice_ema_dist": -0.056688886172904206,
           "initial_qty_pct": 0.007534260649099785,
           "markup_range": 0.010493031979346241,
           "max_n_entry_orders": 8,
           "min_markup": 0.0077895767164140204,
           "n_close_orders": 11,
           "secondary_allocation": 0.08121714859785749,
           "secondary_pprice_diff": 0.06793903916841201,
           "wallet_exposure_limit": 0.1}}