{"config_name": "static_grid_AVAXUSDT_149days",
 "logging_level": 0,
 "long": {"auto_unstuck_ema_dist": 0.02977072315247388,
          "auto_unstuck_wallet_exposure_threshold": 0,
          "backwards_tp": true,
          "ema_span_0": 433.4602482199599,
          "ema_span_1": 2167.99245825614,
          "enabled": true,
          "eprice_exp_base": 1.708485174049092,
          "eprice_pprice_diff": 0.04810076620949462,
          "grid_span": 0.5154322837448416,
          "initial_eprice_ema_dist": -0.07157351743884022,
          "initial_qty_pct": 0.04143787575832117,
          "markup_range": 0.016884787653192106,
          "max_n_entry_orders": 10,
          "min_markup": 0.04298445334387642,
          "n_close_orders": 16,
          "secondary_allocation": 0.3477415258306299,
          "secondary_pprice_diff": 0.09451663612657302,
          "wallet_exposure_limit": 0.1},
 "short": {"auto_unstuck_ema_dist": 0.06429742167046146,
           "auto_unstuck_wallet_exposure_threshold": 0.37642314880441774,
           "backwards_tp": true,
           "ema_span_0": 3643.579962038346,
           "ema_span_1": 5529.191980119834,
           "enabled": true,
           "eprice_exp_base": 1.7383301727140248,
           "eprice_pprice_diff": 0.01785899948154581,
           "grid_span": 0.24493720649534725,
           "initial_eprice_ema_dist": -0.05555121868842448,
           "initial_qty_pct": 0.0242670740065563,
           "markup_range": 0.010333425971503992,
           "max_n_entry_orders": 10,
           "min_markup": 0.055541996248414764,
           "n_close_orders": 25,
           "secondary_allocation": 0.01886920159336796,
           "secondary_pprice_diff": 0.2400751555915491,
           "wallet_exposure_limit": 0.1}}