{"config_name": "static_grid_AVAXUSDT_270days",
 "logging_level": 0,
 "long": {"auto_unstuck_ema_dist": 0.013050008985185525,
          "auto_unstuck_wallet_exposure_threshold": 0.34973939522546965,
          "backwards_tp": true,
          "ema_span_0": 2587.887112714134,
          "ema_span_1": 9062.807939704267,
          "enabled": true,
          "eprice_exp_base": 1.2827007666364987,
          "eprice_pprice_diff": 0.03748933543134031,
          "grid_span": 0.38557458479768414,
          "initial_eprice_ema_dist": -0.05875138467367365,
          "initial_qty_pct": 0.007,
          "markup_range": 0.03646706663649269,
          "max_n_entry_orders": 13,
          "min_markup": 0.016927599155034726,
          "n_close_orders": 10,
          "secondary_allocation": 0.25055155173513527,
          "secondary_pprice_diff": 0.19572292887364798,
          "wallet_exposure_limit": 0.1},
 "short": {"auto_unstuck_ema_dist": 0.008879171311194986,
           "auto_unstuck_wallet_exposure_threshold": 0.5422933053204418,
           "backwards_tp": true,
           "ema_span_0": 1310.0916559524373,
           "ema_span_1": 5991.598541025416,
           "enabled": true,
           "eprice_exp_base": 1.266170905088453,
           "eprice_pprice_diff": 0.02517242889225549,
           "grid_span": 0.3803038452395849,
           "initial_eprice_ema_dist": -0.03820614004072508,
           "initial_qty_pct": 0.011564729299489785,
           "markup_range": 0.0020570236675876274,
           "max_n_entry_orders": 13,
           "min_markup": 0.01509927813032259,
           "n_close_orders": 13,
           "secondary_allocation": 0.027422640126239115,
           "secondary_pprice_diff": 0.1733543834138995,
           "wallet_exposure_limit": 0.1}}