{"config_name": "static_grid_AVAXUSDT_312days",
 "logging_level": 0,
 "long": {"auto_unstuck_ema_dist": 0.0012732530678347311,
          "auto_unstuck_wallet_exposure_threshold": 0.4548012947180439,
          "backwards_tp": true,
          "ema_span_0": 3859.1331105474046,
          "ema_span_1": 9750.569065882974,
          "enabled": true,
          "eprice_exp_base": 1.1290741712295749,
          "eprice_pprice_diff": 0.03421918532149544,
          "grid_span": 0.37700559549663504,
          "initial_eprice_ema_dist": -0.0415258261611789,
          "initial_qty_pct": 0.007,
          "markup_range": 0.04,
          "max_n_entry_orders": 12,
          "min_markup": 0.02,
          "n_close_orders": 11,
          "secondary_allocation": 0.3171997045179902,
          "secondary_pprice_diff": 0.22795076799835465,
          "wallet_exposure_limit": 0.1},
 "short": {"auto_unstuck_ema_dist": 0.05967132365355548,
           "auto_unstuck_wallet_exposure_threshold": 0.3586166367153885,
           "backwards_tp": true,
           "ema_span_0": 2451.1056516348267,
           "ema_span_1": 3585.407885794097,
           "enabled": true,
           "eprice_exp_base": 1.0111842394147759,
           "eprice_pprice_diff": 0.02222887926008863,
           "grid_span": 0.2757356443123841,
           "initial_eprice_ema_dist": -0.020846468217976474,
           "initial_qty_pct": 0.007,
           "markup_range": 0.006789705087924584,
           "max_n_entry_orders": 10,
           "min_markup": 0.01668494161586723,
           "n_close_orders": 17,
           "secondary_allocation": 0.214893476876825,
           "secondary_pprice_diff": 0.2463492896818455,
           "wallet_exposure_limit": 0.1}}