{"config_name": "static_grid_AVAXUSDT_295days",
 "logging_level": 0,
 "long": {"auto_unstuck_ema_dist": 0.011849836269037552,
          "auto_unstuck_wallet_exposure_threshold": 0.2751290083194372,
          "backwards_tp": true,
          "ema_span_0": 4146.7159751600875,
          "ema_span_1": 10080,
          "enabled": true,
          "eprice_exp_base": 1.1879185650894133,
          "eprice_pprice_diff": 0.04356109512702336,
          "grid_span": 0.3067087313662054,
          "initial_eprice_ema_dist": -0.09632374694919728,
          "initial_qty_pct": 0.00709257148697174,
          "markup_range": 0.03570076069764318,
          "max_n_entry_orders": 11,
          "min_markup": 0.018797467071480996,
          "n_close_orders": 14,
          "secondary_allocation": 0.016981469868145787,
          "secondary_pprice_diff": 0.05351768511554564,
          "wallet_exposure_limit": 0.1},
 "short": {"auto_unstuck_ema_dist": 0.028871764799310196,
           "auto_unstuck_wallet_exposure_threshold": 0.1369835167188054,
           "backwards_tp": true,
           "ema_span_0": 1252.7288224794293,
           "ema_span_1": 3452.294237400119,
           "enabled": true,
           "eprice_exp_base": 1.3081213004293692,
           "eprice_pprice_diff": 0.016841699633672137,
           "grid_span": 0.16052040445892116,
           "initial_eprice_ema_dist": -0.019011498583945647,
           "initial_qty_pct": 0.007748019419936111,
           "markup_range": 0.006222525734869718,
           "max_n_entry_orders": 12,
           "min_markup": 0.01398132313851944,
           "n_close_orders": 6,
           "secondary_allocation": 0.09468319340061059,
           "secondary_pprice_diff": 0.05368437513828953,
           "wallet_exposure_limit": 0.1}}