{"config_name": "static_grid_AVAXUSDT_219days",
 "logging_level": 0,
 "long": {"auto_unstuck_ema_dist": 0.011251941864562381,
          "auto_unstuck_wallet_exposure_threshold": 0.372629436978759,
          "backwards_tp": true,
          "ema_span_0": 4255.6737079412305,
          "ema_span_1": 8692.824489202558,
          "enabled": true,
          "eprice_exp_base": 1.1478441427329036,
          "eprice_pprice_diff": 0.04266991100489475,
          "grid_span": 0.38201619374744866,
          "initial_eprice_ema_dist": -0.03782619697938257,
          "initial_qty_pct": 0.0082192229621663,
          "markup_range": 0.038028835564186396,
          "max_n_entry_orders": 11,
          "min_markup": 0.018483452805900063,
          "n_close_orders": 16,
          "secondary_allocation": 0.2950564986353832,
          "secondary_pprice_diff": 0.12419346686598781,
          "wallet_exposure_limit": 0.1},
 "short": {"auto_unstuck_ema_dist": 0.0053916849855460665,
           "auto_unstuck_wallet_exposure_threshold": 0.0725342658974584,
           "backwards_tp": true,
           "ema_span_0": 2891.433296807297,
           "ema_span_1": 410.3369173844375,
           "enabled": true,
           "eprice_exp_base": 1.1306358710340603,
           "eprice_pprice_diff": 0.015118851921088585,
           "grid_span": 0.14564410501346925,
           "initial_eprice_ema_dist": -0.06075650960872461,
           "initial_qty_pct": 0.013953705764197572,
           "markup_range": 0,
           "max_n_entry_orders": 13,
           "min_markup": 0.00890576713135839,
           "n_close_orders": 15,
           "secondary_allocation": 0.1028634429164686,
           "secondary_pprice_diff": 0.08192493016917315,
           "wallet_exposure_limit": 0.1}}