{"config_name": "static_grid_AVAXUSDT_201days",
 "logging_level": 0,
 "long": {"auto_unstuck_ema_dist": 0.09905677123858607,
          "auto_unstuck_wallet_exposure_threshold": 0.3722844345497063,
          "backwards_tp": true,
          "ema_span_0": 360,
          "ema_span_1": 4096.434226124084,
          "enabled": true,
          "eprice_exp_base": 1.4565907042233723,
          "eprice_pprice_diff": 0.01650326496054456,
          "grid_span": 0.5788603175352645,
          "initial_eprice_ema_dist": -0.08880274060472679,
          "initial_qty_pct": 0.015229696112295691,
          "markup_range": 0.05343919566151787,
          "max_n_entry_orders": 10,
          "min_markup": 0.047812816929404846,
          "n_close_orders": 9,
          "secondary_allocation": 0.04632995837708482,
          "secondary_pprice_diff": 0.35544910454273804,
          "wallet_exposure_limit": 0.1},
 "short": {"auto_unstuck_ema_dist": 0.07232755363208825,
           "auto_unstuck_wallet_exposure_threshold": 0.3815627234631669,
           "backwards_tp": true,
           "ema_span_0": 1607.974329719016,
           "ema_span_1": 5804.16800601227,
           "enabled": true,
           "eprice_exp_base": 1.155542017088905,
           "eprice_pprice_diff": 0.003372628042554688,
           "grid_span": 0.23769521330117574,
           "initial_eprice_ema_dist": -0.06417136120432551,
           "initial_qty_pct": 0.02032848355323422,
           "markup_range": 0.025302528517141647,
           "max_n_entry_orders": 10,
           "min_markup": 0.05911015221718783,
           "n_close_orders": 12,
           "secondary_allocation": 0.2572801048957849,
           "secondary_pprice_diff": 0.45579102687254014,
           "wallet_exposure_limit": 0.1}}