{"config_name": "static_grid_AVAXUSDT_246days",
 "logging_level": 0,
 "long": {"auto_unstuck_ema_dist": 0.003609026604054533,
          "auto_unstuck_wallet_exposure_threshold": 0.5250671787127131,
          "backwards_tp": true,
          "ema_span_0": 4087.6206081190485,
          "ema_span_1": 9528.018670050236,
          "enabled": true,
          "eprice_exp_base": 1.2500473341501879,
          "eprice_pprice_diff": 0.0337223993456265,
          "grid_span": 0.3820869503030433,
          "initial_eprice_ema_dist": -0.05978122719806443,
          "initial_qty_pct": 0.007,
          "markup_range": 0.03674508794769949,
          "max_n_entry_orders": 10,
          "min_markup": 0.01809803113354599,
          "n_close_orders": 19,
          "secondary_allocation": 0.41500769050124514,
          "secondary_pprice_diff": 0.05978312640307215,
          "wallet_exposure_limit": 0.1},
 "short": {"auto_unstuck_ema_dist": 0.0017908152480907158,
           "auto_unstuck_wallet_exposure_threshold": 0.17222520026823132,
           "backwards_tp": true,
           "ema_span_0": 3993.857542006938,
           "ema_span_1": 2669.428154670313,
           "enabled": true,
           "eprice_exp_base": 1.0831379973682278,
           "eprice_pprice_diff": 0.023181056489917442,
           "grid_span": 0.17286047063110938,
           "initial_eprice_ema_dist": -0.0747428351968631,
           "initial_qty_pct": 0.01230781475639057,
           "markup_range": 0.00743722846275089,
           "max_n_entry_orders": 12,
           "min_markup": 0.007382827202096817,
           "n_close_orders": 16,
           "secondary_allocation": 0.014884376636218421,
           "secondary_pprice_diff": 0.09730073860786498,
           "wallet_exposure_limit": 0.1}}