{"config_name": "static_grid_AVAXUSDT_118days",
 "logging_level": 0,
 "long": {"auto_unstuck_ema_dist": 0.0880419310017344,
          "auto_unstuck_wallet_exposure_threshold": 0,
          "backwards_tp": true,
          "ema_span_0": 4063.3680107157807,
          "ema_span_1": 2446.7415072041485,
          "enabled": true,
          "eprice_exp_base": 1.351320412449536,
          "eprice_pprice_diff": 0.010021820139020374,
          "grid_span": 0.4714146579307716,
          "initial_eprice_ema_dist": -0.09480616285889899,
          "initial_qty_pct": 0.010453432793439466,
          "markup_range": 0.04662489869544928,
          "max_n_entry_orders": 10,
          "min_markup": 0.050465511118549466,
          "n_close_orders": 10,
          "secondary_allocation": 0.4394567366230329,
          "secondary_pprice_diff": 0.42559933702714675,
          "wallet_exposure_limit": 0.1},
 "short": {"auto_unstuck_ema_dist": 0.085600813408103,
           "auto_unstuck_wallet_exposure_threshold": 0.36434405986143703,
           "backwards_tp": true,
           "ema_span_0": 1680.8219817595163,
           "ema_span_1": 3155.7051909406023,
           "enabled": true,
           "eprice_exp_base": 1.8290864659727066,
           "eprice_pprice_diff": 0.008341088045532529,
           "grid_span": 0.4327119354883664,
           "initial_eprice_ema_dist": -0.08069540893692284,
           "initial_qty_pct": 0.03684682132026444,
           "markup_range": 0.02352005946585041,
           "max_n_entry_orders": 10,
           "min_markup": 0.06,
           "n_close_orders": 21,
           "secondary_allocation": 0.20906139221312692,
           "secondary_pprice_diff": 0.13872718823689614,
           "wallet_exposure_limit": 0.1}}