{"config_name": "static_grid_AVAXUSDT_200days",
 "logging_level": 0,
 "long": {"auto_unstuck_ema_dist": 0.06753243958797678,
          "auto_unstuck_wallet_exposure_threshold": 0,
          "backwards_tp": true,
          "ema_span_0": 1961.4045893587752,
          "ema_span_1": 2167.5569219868967,
          "enabled": true,
          "eprice_exp_base": 1.8557108881661075,
          "eprice_pprice_diff": 0.04067619982412214,
          "grid_span": 0.20484544181954717,
          "initial_eprice_ema_dist": -0.0713897887393053,
          "initial_qty_pct": 0.025440933250286308,
          "markup_range": 0.0111504114067939,
          "max_n_entry_orders": 10,
          "min_markup": 0.04318089778025538,
          "n_close_orders": 26,
          "secondary_allocation": 0.322505404782264,
          "secondary_pprice_diff": 0.24361422842183245,
          "wallet_exposure_limit": 0.1},
 "short": {"auto_unstuck_ema_dist": 0.08622996233738017,
           "auto_unstuck_wallet_exposure_threshold": 0.3673897768826522,
           "backwards_tp": true,
           "ema_span_0": 3433.170418150342,
           "ema_span_1": 2291.6884201026337,
           "enabled": true,
           "eprice_exp_base": 2.0300239861866767,
           "eprice_pprice_diff": 0.04008930415777895,
           "grid_span": 0.2622687587329165,
           "initial_eprice_ema_dist": -0.07917888201134679,
           "initial_qty_pct": 0.013698613939816938,
           "markup_range": 0.03224773581263895,
           "max_n_entry_orders": 10,
           "min_markup": 0.05848833121142395,
           "n_close_orders": 25,
           "secondary_allocation": 0.26429714439496876,
           "secondary_pprice_diff": 0.4186632955311087,
           "wallet_exposure_limit": 0.1}}