{"config_name": "static_grid_AVAXUSDT_257days",
 "logging_level": 0,
 "long": {"auto_unstuck_ema_dist": 0.07893048423307354,
          "auto_unstuck_wallet_exposure_threshold": 0.5489011813648907,
          "backwards_tp": true,
          "ema_span_0": 1684.2440459490526,
          "ema_span_1": 8775.180803454881,
          "enabled": true,
          "eprice_exp_base": 1.1963735948650056,
          "eprice_pprice_diff": 0.034120319605523995,
          "grid_span": 0.3433406721244411,
          "initial_eprice_ema_dist": -0.03870302204679715,
          "initial_qty_pct": 0.007322861982408062,
          "markup_range": 0.03900314952738198,
          "max_n_entry_orders": 10,
          "min_markup": 0.01698790734659688,
          "n_close_orders": 13,
          "secondary_allocation": 0.038102582011911273,
          "secondary_pprice_diff": 0.4319512159912872,
          "wallet_exposure_limit": 0.1},
 "short": {"auto_unstuck_ema_dist": 0.05035801608635491,
           "auto_unstuck_wallet_exposure_threshold": 0.009633082227820033,
           "backwards_tp": true,
           "ema_span_0": 2157.437938070574,
           "ema_span_1": 1844.7782838913383,
           "enabled": true,
           "eprice_exp_base": 2.0528783173686405,
           "eprice_pprice_diff": 0.029112056070255597,
           "grid_span": 0.12502563413303822,
           "initial_eprice_ema_dist": -0.09207491827010246,
           "initial_qty_pct": 0.008884603586572212,
           "markup_range": 0.024789562932021315,
           "max_n_entry_orders": 12,
           "min_markup": 0.014519979994405647,
           "n_close_orders": 9,
           "secondary_allocation": 0.47411281882658646,
           "secondary_pprice_diff": 0.10706312422837878,
           "wallet_exposure_limit": 0.1}}