{"config_name": "static_grid_AVAXUSDT_236days",
 "logging_level": 0,
 "long": {"auto_unstuck_ema_dist": 0.011462930188566766,
          "auto_unstuck_wallet_exposure_threshold": 0.515121825481264,
          "backwards_tp": true,
          "ema_span_0": 4275.12194355035,
          "ema_span_1": 8532.362147535892,
          "enabled": true,
          "eprice_exp_base": 1.2847521651990297,
          "eprice_pprice_diff": 0.040118507047210664,
          "grid_span": 0.37109529462787916,
          "initial_eprice_ema_dist": -0.006751258891500909,
          "initial_qty_pct": 0.007,
          "markup_range": 0.03491938542379812,
          "max_n_entry_orders": 12,
          "min_markup": 0.02,
          "n_close_orders": 18,
          "secondary_allocation": 0.28324520801018194,
          "secondary_pprice_diff": 0.13759342840086725,
          "wallet_exposure_limit": 0.1},
 "short": {"auto_unstuck_ema_dist": 0.030888044814080563,
           "auto_unstuck_wallet_exposure_threshold": 0.11869733906982072,
           "backwards_tp": true,
           "ema_span_0": 874.6215669416353,
           "ema_span_1": 302.9295952182674,
           "enabled": true,
           "eprice_exp_base": 1.154479557386332,
           "eprice_pprice_diff": 0.01782200919520868,
           "grid_span": 0.28606033313019613,
           "initial_eprice_ema_dist": -0.052185313498179245,
           "initial_qty_pct": 0.007505375787649424,
           "markup_range": 0.007209130772815478,
           "max_n_entry_orders": 13,
           "min_markup": 0.011975921249571165,
           "n_close_orders": 8,
           "secondary_allocation": 0.01563392352119538,
           "secondary_pprice_diff": 0.21479173905774396,
           "wallet_exposure_limit": 0.1}}