{"config_name": "static_grid_AVAXUSDT_138days",
 "logging_level": 0,
 "long": {"auto_unstuck_ema_dist": 0.0535927866021037,
          "auto_unstuck_wallet_exposure_threshold": 0,
          "backwards_tp": true,
          "ema_span_0": 360,
          "ema_span_1": 4151.350179178763,
          "enabled": true,
          "eprice_exp_base": 2.088992810383705,
          "eprice_pprice_diff": 0.002936685643625702,
          "grid_span": 0.5289058257726988,
          "initial_eprice_ema_dist": -0.09245967590303882,
          "initial_qty_pct": 0.02697316447203329,
          "markup_range": 0.00990093610395215,
          "max_n_entry_orders": 10,
          "min_markup": 0.04856108475946201,
          "n_close_orders": 8,
          "secondary_allocation": 0.07507264101506277,
          "secondary_pprice_diff": 0.14990244484516954,
          "wallet_exposure_limit": 0.1},
 "short": {"auto_unstuck_ema_dist": 0.1,
           "auto_unstuck_wallet_exposure_threshold": 0.545280635259641,
           "backwards_tp": true,
           "ema_span_0": 3249.624450994363,
           "ema_span_1": 3137.928129368403,
           "enabled": true,
           "eprice_exp_base": 1.1457803607164556,
           "eprice_pprice_diff": 0.008324984878061773,
           "grid_span": 0.23518213224275702,
           "initial_eprice_ema_dist": -0.04596048149766696,
           "initial_qty_pct": 0.04123503535806444,
           "markup_range": 0.03335434584752167,
           "max_n_entry_orders": 10,
           "min_markup": 0.046432429941337366,
           "n_close_orders": 18,
           "secondary_allocation": 0,
           "secondary_pprice_diff": 0.160033907076142,
           "wallet_exposure_limit": 0.1}}