{"config_name": "static_grid_AVAXUSDT_183days",
 "logging_level": 0,
 "long": {"auto_unstuck_ema_dist": 0.08583815483219197,
          "auto_unstuck_wallet_exposure_threshold": 0,
          "backwards_tp": true,
          "ema_span_0": 1298.345478295692,
          "ema_span_1": 2173.6056086704316,
          "enabled": true,
          "eprice_exp_base": 1.7127900437005876,
          "eprice_pprice_diff": 0.03003176997761395,
          "grid_span": 0.625711196206798,
          "initial_eprice_ema_dist": -0.0714682337006236,
          "initial_qty_pct": 0.03668946200601981,
          "markup_range": 0.014180421324720022,
          "max_n_entry_orders": 10,
          "min_markup": 0.042918857100416534,
          "n_close_orders": 7,
          "secondary_allocation": 0.6940210083391714,
          "secondary_pprice_diff": 0.38677841532030793,
          "wallet_exposure_limit": 0.1},
 "short": {"auto_unstuck_ema_dist": 0.09131752516347301,
           "auto_unstuck_wallet_exposure_threshold": 0.3985103188596795,
           "backwards_tp": true,
           "ema_span_0": 3244.6389201256948,
           "ema_span_1": 2258.9271444278484,
           "enabled": true,
           "eprice_exp_base": 1.2457172529765779,
           "eprice_pprice_diff": 0.048932604090475375,
           "grid_span": 0.43973689575229197,
           "initial_eprice_ema_dist": -0.06916703687854152,
           "initial_qty_pct": 0.04397816635708384,
           "markup_range": 0.03253401352749905,
           "max_n_entry_orders": 10,
           "min_markup": 0.05889984075995956,
           "n_close_orders": 13,
           "secondary_allocation": 0.699112984202766,
           "secondary_pprice_diff": 0.42870596691271146,
           "wallet_exposure_limit": 0.1}}