{"config_name": "static_grid_BCHUSDT_233days",
 "logging_level": 0,
 "long": {"auto_unstuck_ema_dist": 0.05883887110166078,
          "auto_unstuck_wallet_exposure_threshold": 0.5544654737187099,
          "backwards_tp": true,
          "ema_span_0": 935.6359245106108,
          "ema_span_1": 8433.003386730945,
          "enabled": true,
          "eprice_exp_base": 1.2291372741976154,
          "eprice_pprice_diff": 0.011802139640886045,
          "grid_span": 0.17796006422046454,
          "initial_eprice_ema_dist": -0.0018134858422982722,
          "initial_qty_pct": 0.00801316979216332,
          "markup_range": 0.009485772614654601,
          "max_n_entry_orders": 13,
          "min_markup": 0.012297227029735108,
          "n_close_orders": 13,
          "secondary_allocation": 0.35913463524219186,
          "secondary_pprice_diff": 0.12274394039303549,
          "wallet_exposure_limit": 0.1},
 "short": {"auto_unstuck_ema_dist": 0.045259775788712965,
           "auto_unstuck_wallet_exposure_threshold": 0.5673865470767204,
           "backwards_tp": true,
           "ema_span_0": 1819.9755765784005,
           "ema_span_1": 1758.1286099969855,
           "enabled": true,
           "eprice_exp_base": 1.078750268446329,
           "eprice_pprice_diff": 0.01726861137299805,
           "grid_span": 0.22759800787821477,
           "initial_eprice_ema_dist": -0.09397969145413153,
           "initial_qty_pct": 0.008087377461086082,
           "markup_range": 0.03017099281003481,
           "max_n_entry_orders": 11,
           "min_markup": 0.014936135616117742,
           "n_close_orders": 11,
           "secondary_allocation": 0.013530498861511432,
           "secondary_pprice_diff": 0.28655788286241013,
           "wallet_exposure_limit": 0.1}}