{"config_name": "static_grid_BCHUSDT_278days",
 "logging_level": 0,
 "long": {"auto_unstuck_ema_dist": 0.04579793338946776,
          "auto_unstuck_wallet_exposure_threshold": 0.586965553850238,
          "backwards_tp": true,
          "ema_span_0": 1528.48412367587,
          "ema_span_1": 3588.1541550254346,
          "enabled": true,
          "eprice_exp_base": 1.1505240565368593,
          "eprice_pprice_diff": 0.008591948044399451,
          "grid_span": 0.13495163830083523,
          "initial_eprice_ema_dist": -0.01611725254422444,
          "initial_qty_pct": 0.01533356307983016,
          "markup_range": 0.0011564053253828991,
          "max_n_entry_orders": 12,
          "min_markup": 0.007451851230922565,
          "n_close_orders": 15,
          "secondary_allocation": 0.0897127267739828,
          "secondary_pprice_diff": 0.15507706515791184,
          "wallet_exposure_limit": 0.1},
 "short": {"auto_unstuck_ema_dist": 0.01654037906177934,
           "auto_unstuck_wallet_exposure_threshold": 0.352028704573577,
           "backwards_tp": true,
           "ema_span_0": 1037.7585319467144,
           "ema_span_1": 1384.0942391929814,
           "enabled": true,
           "eprice_exp_base": 1.1312781602962612,
           "eprice_pprice_diff": 0.02029482588144646,
           "grid_span": 0.30969206829394397,
           "initial_eprice_ema_dist": -0.0895254428668768,
           "initial_qty_pct": 0.010919959580332376,
           "markup_range": 0.03274366452376711,
           "max_n_entry_orders": 11,
           "min_markup": 0.019146217661523638,
           "n_close_orders": 10,
           "secondary_allocation": 0.20657326051209646,
           "secondary_pprice_diff": 0.0914415836972433,
           "wallet_exposure_limit": 0.1}}