{"config_name": "static_grid_BCHUSDT_213days",
 "logging_level": 0,
 "long": {"auto_unstuck_ema_dist": 0.07160360687396045,
          "auto_unstuck_wallet_exposure_threshold": 0.40694692275744965,
          "backwards_tp": true,
          "ema_span_0": 1918.5357876525197,
          "ema_span_1": 4761.403448323044,
          "enabled": true,
          "eprice_exp_base": 1.3720030411583504,
          "eprice_pprice_diff": 0.021727504125922635,
          "grid_span": 0.1859063664730094,
          "initial_eprice_ema_dist": -0.018155657580160967,
          "initial_qty_pct": 0.007,
          "markup_range": 0.008192834110514868,
          "max_n_entry_orders": 11,
          "min_markup": 0.01640839676313778,
          "n_close_orders": 16,
          "secondary_allocation": 0.03648919515343488,
          "secondary_pprice_diff": 0.3954313743470612,
          "wallet_exposure_limit": 0.1},
 "short": {"auto_unstuck_ema_dist": 0.049331387241768,
           "auto_unstuck_wallet_exposure_threshold": 0.2530995069466963,
           "backwards_tp": true,
           "ema_span_0": 1436.5544418842342,
           "ema_span_1": 2284.0421373078243,
           "enabled": true,
           "eprice_exp_base": 1.2575025265053628,
           "eprice_pprice_diff": 0.017234461605107002,
           "grid_span": 0.2689535776320494,
           "initial_eprice_ema_dist": -0.09048990346060254,
           "initial_qty_pct": 0.015551499593616193,
           "markup_range": 0.03988622540648769,
           "max_n_entry_orders": 13,
           "min_markup": 0.02,
           "n_close_orders": 17,
           "secondary_allocation": 0.22209255478308354,
           "secondary_pprice_diff": 0.1897288465215741,
           "wallet_exposure_limit": 0.1}}