{"config_name": "static_grid_BCHUSDT_252days",
 "logging_level": 0,
 "long": {"auto_unstuck_ema_dist": 0.04832417326156285,
          "auto_unstuck_wallet_exposure_threshold": 0.2281367096651207,
          "backwards_tp": true,
          "ema_span_0": 656.8994488446697,
          "ema_span_1": 796.4653828621072,
          "enabled": true,
          "eprice_exp_base": 1.2038088031084844,
          "eprice_pprice_diff": 0.011211206802444262,
          "grid_span": 0.12256478165772168,
          "initial_eprice_ema_dist": -0.012111581186409226,
          "initial_qty_pct": 0.008171737634671826,
          "markup_range": 0.007149499609503946,
          "max_n_entry_orders": 11,
          "min_markup": 0.012969449791783483,
          "n_close_orders": 17,
          "secondary_allocation": 0.31402016039997294,
          "secondary_pprice_diff": 0.06326636425730622,
          "wallet_exposure_limit": 0.1},
 "short": {"auto_unstuck_ema_dist": 0.04410934401694299,
           "auto_unstuck_wallet_exposure_threshold": 0.3520351175247263,
           "backwards_tp": true,
           "ema_span_0": 773.3994634789418,
           "ema_span_1": 936.8790719506472,
           "enabled": true,
           "eprice_exp_base": 1.106399575906617,
           "eprice_pprice_diff": 0.015275540399584802,
           "grid_span": 0.30699126091541207,
           "initial_eprice_ema_dist": -0.09699232282675145,
           "initial_qty_pct": 0.007,
           "markup_range": 0.01699146558621377,
           "max_n_entry_orders": 13,
           "min_markup": 0.019520983842841125,
           "n_close_orders": 6,
           "secondary_allocation": 0.36575266736956896,
           "secondary_pprice_diff": 0.11927814621742168,
           "wallet_exposure_limit": 0.1}}