{"config_name": "static_grid_BCHUSDT_220days",
 "logging_level": 0,
 "long": {"auto_unstuck_ema_dist": 0.0380324781436818,
          "auto_unstuck_wallet_exposure_threshold": 0.9409685793991444,
          "backwards_tp": true,
          "ema_span_0": 775.9093127120551,
          "ema_span_1": 3209.6772776766,
          "enabled": true,
          "eprice_exp_base": 1.0321386337923413,
          "eprice_pprice_diff": 0.03321734545161055,
          "grid_span": 0.11524089152225936,
          "initial_eprice_ema_dist": -0.019285271980394623,
          "initial_qty_pct": 0.03194150506478837,
          "markup_range": 0.021834447675052833,
          "max_n_entry_orders": 10,
          "min_markup": 0.051633257218268114,
          "n_close_orders": 5,
          "secondary_allocation": 0.3132443301658467,
          "secondary_pprice_diff": 0.2771573303915383,
          "wallet_exposure_limit": 0.1},
 "short": {"auto_unstuck_ema_dist": 0.04935016590293017,
           "auto_unstuck_wallet_exposure_threshold": 0.8545718825077908,
           "backwards_tp": true,
           "ema_span_0": 2778.2028708405633,
           "ema_span_1": 2609.624768787995,
           "enabled": true,
           "eprice_exp_base": 1.0562197596347036,
           "eprice_pprice_diff": 0.046043184759649046,
           "grid_span": 0.1,
           "initial_eprice_ema_dist": -0.020969230518671212,
           "initial_qty_pct": 0.024109937399443032,
           "markup_range": 0.016242406612363983,
           "max_n_entry_orders": 10,
           "min_markup": 0.05941102682544273,
           "n_close_orders": 23,
           "secondary_allocation": 0,
           "secondary_pprice_diff": 0.07124880403918148,
           "wallet_exposure_limit": 0.1}}