{"config_name": "static_grid_BCHUSDT_112days",
 "logging_level": 0,
 "long": {"auto_unstuck_ema_dist": 0.034265730545624505,
          "auto_unstuck_wallet_exposure_threshold": 0.9345955305651533,
          "backwards_tp": true,
          "ema_span_0": 705.1861999128723,
          "ema_span_1": 3486.6763145635823,
          "enabled": true,
          "eprice_exp_base": 1.6050542653188806,
          "eprice_pprice_diff": 0.027615558668092413,
          "grid_span": 0.34352017958158343,
          "initial_eprice_ema_dist": -0.019076832899138977,
          "initial_qty_pct": 0.01759075680395225,
          "markup_range": 0.0068005198273306585,
          "max_n_entry_orders": 10,
          "min_markup": 0.05497411908851963,
          "n_close_orders": 17,
          "secondary_allocation": 0.19184039361708807,
          "secondary_pprice_diff": 0.366671585627105,
          "wallet_exposure_limit": 0.1},
 "short": {"auto_unstuck_ema_dist": 0.04348849384390584,
           "auto_unstuck_wallet_exposure_threshold": 0.8497876591365445,
           "backwards_tp": true,
           "ema_span_0": 3083.1237573202225,
           "ema_span_1": 1912.0778623604806,
           "enabled": true,
           "eprice_exp_base": 1.7348526603219439,
           "eprice_pprice_diff": 0.03254534291187262,
           "grid_span": 0.39105933970702217,
           "initial_eprice_ema_dist": -0.03793071668336306,
           "initial_qty_pct": 0.0246585238573608,
           "markup_range": 0.06,
           "max_n_entry_orders": 10,
           "min_markup": 0.058181652701059364,
           "n_close_orders": 27,
           "secondary_allocation": 0.22757462939576792,
           "secondary_pprice_diff": 0.296098379003811,
           "wallet_exposure_limit": 0.1}}