{"config_name": "static_grid_BCHUSDT_321days",
 "logging_level": 0,
 "long": {"auto_unstuck_ema_dist": 0.0185995842939806,
          "auto_unstuck_wallet_exposure_threshold": 0.30274031121483125,
          "backwards_tp": true,
          "ema_span_0": 3483.257030692948,
          "ema_span_1": 6854.9869397749435,
          "enabled": true,
          "eprice_exp_base": 1.1149167443688528,
          "eprice_pprice_diff": 0.016358690646906555,
          "grid_span": 0.34995822538460597,
          "initial_eprice_ema_dist": -0.009933205198485551,
          "initial_qty_pct": 0.008239422956403957,
          "markup_range": 0.03618087752353102,
          "max_n_entry_orders": 13,
          "min_markup": 0.019603961505403895,
          "n_close_orders": 6,
          "secondary_allocation": 0.3142160264532001,
          "secondary_pprice_diff": 0.13071070341313631,
          "wallet_exposure_limit": 0.1},
 "short": {"auto_unstuck_ema_dist": 0.02138162955961544,
           "auto_unstuck_wallet_exposure_threshold": 0.23680529679310014,
           "backwards_tp": true,
           "ema_span_0": 1590.859835063186,
           "ema_span_1": 2171.475294795876,
           "enabled": true,
           "eprice_exp_base": 1.282821190329405,
           "eprice_pprice_diff": 0.020513369318924883,
           "grid_span": 0.3113243852181246,
           "initial_eprice_ema_dist": -0.08505976493992548,
           "initial_qty_pct": 0.009979727554089973,
           "markup_range": 0.03401391030858557,
           "max_n_entry_orders": 12,
           "min_markup": 0.016777606798371817,
           "n_close_orders": 10,
           "secondary_allocation": 0.12586098090370013,
           "secondary_pprice_diff": 0.45441284125209985,
           "wallet_exposure_limit": 0.1}}