{"config_name": "static_grid_BCHUSDT_172days",
 "logging_level": 0,
 "long": {"auto_unstuck_ema_dist": 0.045914207510852914,
          "auto_unstuck_wallet_exposure_threshold": 1,
          "backwards_tp": true,
          "ema_span_0": 1697.8359749463718,
          "ema_span_1": 3012.2832240999683,
          "enabled": true,
          "eprice_exp_base": 1.854050639079,
          "eprice_pprice_diff": 0.029805092214621902,
          "grid_span": 0.23181005036148522,
          "initial_eprice_ema_dist": -0.011281590859938349,
          "initial_qty_pct": 0.03573450853627427,
          "markup_range": 0.009408754313730939,
          "max_n_entry_orders": 10,
          "min_markup": 0.05951405876093476,
          "n_close_orders": 5,
          "secondary_allocation": 0.6825579934421526,
          "secondary_pprice_diff": 0.23351192356272288,
          "wallet_exposure_limit": 0.1},
 "short": {"auto_unstuck_ema_dist": 0.046085588919246495,
           "auto_unstuck_wallet_exposure_threshold": 0.9038362516286242,
           "backwards_tp": true,
           "ema_span_0": 1714.851923972209,
           "ema_span_1": 2990.40911815014,
           "enabled": true,
           "eprice_exp_base": 1.386646506076613,
           "eprice_pprice_diff": 0.03002310803746329,
           "grid_span": 0.6994147996014763,
           "initial_eprice_ema_dist": -0.02716964437706855,
           "initial_qty_pct": 0.0361700805193242,
           "markup_range": 0.05482263373425696,
           "max_n_entry_orders": 10,
           "min_markup": 0.06,
           "n_close_orders": 6,
           "secondary_allocation": 0.054959946690335014,
           "secondary_pprice_diff": 0.26629751570652965,
           "wallet_exposure_limit": 0.1}}