{"config_name": "static_grid_BCHUSDT_232days",
 "logging_level": 0,
 "long": {"auto_unstuck_ema_dist": 0.04053303280501294,
          "auto_unstuck_wallet_exposure_threshold": 0.3096061119303173,
          "backwards_tp": true,
          "ema_span_0": 4156.859712132238,
          "ema_span_1": 1549.233019993163,
          "enabled": true,
          "eprice_exp_base": 1.1013796695421296,
          "eprice_pprice_diff": 0.014162482827009723,
          "grid_span": 0.1,
          "initial_eprice_ema_dist": -0.04160654926299779,
          "initial_qty_pct": 0.008587539427234865,
          "markup_range": 0.0033381424543957924,
          "max_n_entry_orders": 13,
          "min_markup": 0.00802502322536072,
          "n_close_orders": 12,
          "secondary_allocation": 0.28176098737941724,
          "secondary_pprice_diff": 0.4346172268759599,
          "wallet_exposure_limit": 0.1},
 "short": {"auto_unstuck_ema_dist": 0.002161467956081326,
           "auto_unstuck_wallet_exposure_threshold": 0.5962547918912707,
           "backwards_tp": true,
           "ema_span_0": 3142.1244318150607,
           "ema_span_1": 5084.819633239759,
           "enabled": true,
           "eprice_exp_base": 1.72305522509882,
           "eprice_pprice_diff": 0.013527988811685324,
           "grid_span": 0.29284508454277935,
           "initial_eprice_ema_dist": -0.01857572795518804,
           "initial_qty_pct": 0.007,
           "markup_range": 0.031875175637407584,
           "max_n_entry_orders": 11,
           "min_markup": 0.0160677010294206,
           "n_close_orders": 6,
           "secondary_allocation": 0.2362524300610883,
           "secondary_pprice_diff": 0.34975248825652044,
           "wallet_exposure_limit": 0.1}}