{"config_name": "static_grid_BCHUSDT_137days",
 "logging_level": 0,
 "long": {"auto_unstuck_ema_dist": 0.0510066755654236,
          "auto_unstuck_wallet_exposure_threshold": 0.6629915021480147,
          "backwards_tp": true,
          "ema_span_0": 2738.8408497957826,
          "ema_span_1": 2295.383024402863,
          "enabled": true,
          "eprice_exp_base": 1.3447427813021198,
          "eprice_pprice_diff": 0.012898234316492398,
          "grid_span": 0.23067846814494383,
          "initial_eprice_ema_dist": -0.007432277485123859,
          "initial_qty_pct": 0.019895160670838553,
          "markup_range": 0.04910850291099874,
          "max_n_entry_orders": 10,
          "min_markup": 0.04993896550546445,
          "n_close_orders": 28,
          "secondary_allocation": 0.17335431695648906,
          "secondary_pprice_diff": 0.2311608211714182,
          "wallet_exposure_limit": 0.1},
 "short": {"auto_unstuck_ema_dist": 0.03169183824160635,
           "auto_unstuck_wallet_exposure_threshold": 0.8218165064907426,
           "backwards_tp": true,
           "ema_span_0": 893.0111739182672,
           "ema_span_1": 3576.9140206019765,
           "enabled": true,
           "eprice_exp_base": 1.229804630335444,
           "eprice_pprice_diff": 0.01064866397696906,
           "grid_span": 0.12190960608595769,
           "initial_eprice_ema_dist": -0.0948771179414264,
           "initial_qty_pct": 0.03863468516297771,
           "markup_range": 0.05176935612372782,
           "max_n_entry_orders": 10,
           "min_markup": 0.06,
           "n_close_orders": 13,
           "secondary_allocation": 0,
           "secondary_pprice_diff": 0.3431054939657286,
           "wallet_exposure_limit": 0.1}}