{"config_name": "static_grid_BCHUSDT_195days",
 "logging_level": 0,
 "long": {"auto_unstuck_ema_dist": 0.008541184094898659,
          "auto_unstuck_wallet_exposure_threshold": 0.5118079383061306,
          "backwards_tp": true,
          "ema_span_0": 1981.8459674946864,
          "ema_span_1": 7875.373652655897,
          "enabled": true,
          "eprice_exp_base": 1.8539509638891911,
          "eprice_pprice_diff": 0.018265901155826124,
          "grid_span": 0.16617987633304176,
          "initial_eprice_ema_dist": -0.00026988227830698763,
          "initial_qty_pct": 0.021830467973335908,
          "markup_range": 0.0024503293825709287,
          "max_n_entry_orders": 10,
          "min_markup": 0.033443156964020955,
          "n_close_orders": 5,
          "secondary_allocation": 0.044584576894197064,
          "secondary_pprice_diff": 0.23243642695799882,
          "wallet_exposure_limit": 0.1},
 "short": {"auto_unstuck_ema_dist": 0.031714730839976904,
           "auto_unstuck_wallet_exposure_threshold": 0.7768444642794801,
           "backwards_tp": true,
           "ema_span_0": 661.741330347722,
           "ema_span_1": 4142.329829903227,
           "enabled": true,
           "eprice_exp_base": 1.474845963536576,
           "eprice_pprice_diff": 0.010400781628362714,
           "grid_span": 0.10485073428053163,
           "initial_eprice_ema_dist": -0.08697887169392397,
           "initial_qty_pct": 0.04095711663671738,
           "markup_range": 0.05744462255490564,
           "max_n_entry_orders": 10,
           "min_markup": 0.06,
           "n_close_orders": 13,
           "secondary_allocation": 0.37424312390152764,
           "secondary_pprice_diff": 0.1885818142702744,
           "wallet_exposure_limit": 0.1}}