{"config_name": "static_grid_BCHUSDT_212days",
 "logging_level": 0,
 "long": {"auto_unstuck_ema_dist": 0.061815137860180974,
          "auto_unstuck_wallet_exposure_threshold": 0.3346432420872134,
          "backwards_tp": true,
          "ema_span_0": 2366.828812794938,
          "ema_span_1": 1476.3790232731446,
          "enabled": true,
          "eprice_exp_base": 1.7057632188476028,
          "eprice_pprice_diff": 0.041162414956255555,
          "grid_span": 0.24142735137816762,
          "initial_eprice_ema_dist": -0.007238893178831668,
          "initial_qty_pct": 0.04765855694105623,
          "markup_range": 0.03926051436618982,
          "max_n_entry_orders": 10,
          "min_markup": 0.050254516795086426,
          "n_close_orders": 14,
          "secondary_allocation": 0.24689541480720884,
          "secondary_pprice_diff": 0.24851661634165795,
          "wallet_exposure_limit": 0.1},
 "short": {"auto_unstuck_ema_dist": 0.04996802497114551,
           "auto_unstuck_wallet_exposure_threshold": 0.5170751446525812,
           "backwards_tp": true,
           "ema_span_0": 2930.908579572573,
           "ema_span_1": 2609.2259900085965,
           "enabled": true,
           "eprice_exp_base": 1.2962778169468803,
           "eprice_pprice_diff": 0.014269537812318727,
           "grid_span": 0.11964826060008486,
           "initial_eprice_ema_dist": -0.06448967247000827,
           "initial_qty_pct": 0.03158452194835676,
           "markup_range": 0.015452854805714289,
           "max_n_entry_orders": 10,
           "min_markup": 0.057811157441126235,
           "n_close_orders": 27,
           "secondary_allocation": 0.1845494473779256,
           "secondary_pprice_diff": 0.4749868693644574,
           "wallet_exposure_limit": 0.1}}