{"config_name": "static_grid_BCHUSDT_172days",
 "logging_level": 0,
 "long": {"auto_unstuck_ema_dist": 0.00445997290627364,
          "auto_unstuck_wallet_exposure_threshold": 0.7999987656361542,
          "backwards_tp": true,
          "ema_span_0": 539.4546506877408,
          "ema_span_1": 4611.940516458151,
          "enabled": true,
          "eprice_exp_base": 1.9017400251584922,
          "eprice_pprice_diff": 0.014456462600438317,
          "grid_span": 0.11282835960779405,
          "initial_eprice_ema_dist": -0.056570887117741296,
          "initial_qty_pct": 0.010117977824227584,
          "markup_range": 0.047294408236180245,
          "max_n_entry_orders": 10,
          "min_markup": 0.03311092969515487,
          "n_close_orders": 26,
          "secondary_allocation": 0.5521156491389785,
          "secondary_pprice_diff": 0.32723108667250184,
          "wallet_exposure_limit": 0.1},
 "short": {"auto_unstuck_ema_dist": 0.028193900932730158,
           "auto_unstuck_wallet_exposure_threshold": 0.8780186990671718,
           "backwards_tp": true,
           "ema_span_0": 360,
           "ema_span_1": 4660.438502778999,
           "enabled": true,
           "eprice_exp_base": 1.940049080803447,
           "eprice_pprice_diff": 0.012479147312282779,
           "grid_span": 0.102730733578303,
           "initial_eprice_ema_dist": -0.026383458433663805,
           "initial_qty_pct": 0.02421868177396903,
           "markup_range": 0.05234481216254352,
           "max_n_entry_orders": 10,
           "min_markup": 0.0535487622787977,
           "n_close_orders": 22,
           "secondary_allocation": 0.5997949045869139,
           "secondary_pprice_diff": 0.2823839874070653,
           "wallet_exposure_limit": 0.1}}