{"config_name": "static_grid_BCHUSDT_129days",
 "logging_level": 0,
 "long": {"auto_unstuck_ema_dist": 0.04666114779459506,
          "auto_unstuck_wallet_exposure_threshold": 0.82074421320672,
          "backwards_tp": true,
          "ema_span_0": 2893.8665557964223,
          "ema_span_1": 1743.811844825895,
          "enabled": true,
          "eprice_exp_base": 1.0646353043348067,
          "eprice_pprice_diff": 0.026074499803893154,
          "grid_span": 0.20581811658551047,
          "initial_eprice_ema_dist": -0.018893347255858034,
          "initial_qty_pct": 0.02201559220526975,
          "markup_range": 0.03281912408181892,
          "max_n_entry_orders": 10,
          "min_markup": 0.05623715633167729,
          "n_close_orders": 21,
          "secondary_allocation": 0.5282118216114169,
          "secondary_pprice_diff": 0.10836235521342538,
          "wallet_exposure_limit": 0.1},
 "short": {"auto_unstuck_ema_dist": 0.04597373279093147,
           "auto_unstuck_wallet_exposure_threshold": 0.7037566900739104,
           "backwards_tp": true,
           "ema_span_0": 2574.306410254595,
           "ema_span_1": 2550.4689577866616,
           "enabled": true,
           "eprice_exp_base": 1.3792300889537703,
           "eprice_pprice_diff": 0.01366930978367294,
           "grid_span": 0.1889815181534768,
           "initial_eprice_ema_dist": -0.08908948083626289,
           "initial_qty_pct": 0.012220047573824964,
           "markup_range": 0.013110159250464888,
           "max_n_entry_orders": 10,
           "min_markup": 0.058044783874032724,
           "n_close_orders": 25,
           "secondary_allocation": 0.21871881693034503,
           "secondary_pprice_diff": 0.21877862045171367,
           "wallet_exposure_limit": 0.1}}