{"config_name": "static_grid_BCHUSDT_182days",
 "logging_level": 0,
 "long": {"auto_unstuck_ema_dist": 0.067265072166654,
          "auto_unstuck_wallet_exposure_threshold": 0.9738859137856039,
          "backwards_tp": true,
          "ema_span_0": 1986.123090015353,
          "ema_span_1": 1440,
          "enabled": true,
          "eprice_exp_base": 1.5533687672392245,
          "eprice_pprice_diff": 0.0395318391141008,
          "grid_span": 0.46193824660074667,
          "initial_eprice_ema_dist": -0.01915679062621932,
          "initial_qty_pct": 0.010792399591163838,
          "markup_range": 0.057608182212200355,
          "max_n_entry_orders": 10,
          "min_markup": 0.0589885410542984,
          "n_close_orders": 19,
          "secondary_allocation": 0.5017494260189371,
          "secondary_pprice_diff": 0.1415611619957265,
          "wallet_exposure_limit": 0.1},
 "short": {"auto_unstuck_ema_dist": 0.03921804739170662,
           "auto_unstuck_wallet_exposure_threshold": 1,
           "backwards_tp": true,
           "ema_span_0": 1005.6677728780223,
           "ema_span_1": 2967.007716263017,
           "enabled": true,
           "eprice_exp_base": 1.8102118685573008,
           "eprice_pprice_diff": 0.007902069784119486,
           "grid_span": 0.24690958918012557,
           "initial_eprice_ema_dist": -0.007366622917620107,
           "initial_qty_pct": 0.020903185426197773,
           "markup_range": 0.054613294762681557,
           "max_n_entry_orders": 10,
           "min_markup": 0.06,
           "n_close_orders": 28,
           "secondary_allocation": 0.6412360811712974,
           "secondary_pprice_diff": 0.3892471059057806,
           "wallet_exposure_limit": 0.1}}