{"config_name": "static_grid_BCHUSDT_242days",
 "logging_level": 0,
 "long": {"auto_unstuck_ema_dist": 0.08667217410736687,
          "auto_unstuck_wallet_exposure_threshold": 0.012575312146989297,
          "backwards_tp": true,
          "ema_span_0": 609.0446959432586,
          "ema_span_1": 1338.0011321903157,
          "enabled": true,
          "eprice_exp_base": 1.2024290378784974,
          "eprice_pprice_diff": 0.03331733830602594,
          "grid_span": 0.13620866717267083,
          "initial_eprice_ema_dist": -0.007863740220558822,
          "initial_qty_pct": 0.007,
          "markup_range": 0.021644666582766668,
          "max_n_entry_orders": 13,
          "min_markup": 0.01494402651283038,
          "n_close_orders": 15,
          "secondary_allocation": 0.3198706304029045,
          "secondary_pprice_diff": 0.07407638811248558,
          "wallet_exposure_limit": 0.1},
 "short": {"auto_unstuck_ema_dist": 0.030084636970854096,
           "auto_unstuck_wallet_exposure_threshold": 0.03753843291099977,
           "backwards_tp": true,
           "ema_span_0": 2093.2447058332377,
           "ema_span_1": 2598.2952509736606,
           "enabled": true,
           "eprice_exp_base": 1.254127364596607,
           "eprice_pprice_diff": 0.018255399805590777,
           "grid_span": 0.28744021694661936,
           "initial_eprice_ema_dist": -0.0515069077817677,
           "initial_qty_pct": 0.007,
           "markup_range": 0.02190735068878228,
           "max_n_entry_orders": 13,
           "min_markup": 0.01333254671505105,
           "n_close_orders": 17,
           "secondary_allocation": 0.4254640486355435,
           "secondary_pprice_diff": 0.05,
           "wallet_exposure_limit": 0.1}}