{"config_name": "static_grid_BCHUSDT_192days",
 "logging_level": 0,
 "long": {"auto_unstuck_ema_dist": 0.0467028417463941,
          "auto_unstuck_wallet_exposure_threshold": 0.9946977698330739,
          "backwards_tp": true,
          "ema_span_0": 1740.233363160645,
          "ema_span_1": 2961.097876459402,
          "enabled": true,
          "eprice_exp_base": 1.5173953309599804,
          "eprice_pprice_diff": 0.020566700459790747,
          "grid_span": 0.15205067213951765,
          "initial_eprice_ema_dist": -0.011357780915235078,
          "initial_qty_pct": 0.02730918543530129,
          "markup_range": 0.007562991838601053,
          "max_n_entry_orders": 10,
          "min_markup": 0.06,
          "n_close_orders": 17,
          "secondary_allocation": 0.22423322275693341,
          "secondary_pprice_diff": 0.287754736642771,
          "wallet_exposure_limit": 0.1},
 "short": {"auto_unstuck_ema_dist": 0.04102704120878827,
           "auto_unstuck_wallet_exposure_threshold": 0.7118985988669344,
           "backwards_tp": true,
           "ema_span_0": 1426.3844008449755,
           "ema_span_1": 3178.606336753386,
           "enabled": true,
           "eprice_exp_base": 1.5642265931232706,
           "eprice_pprice_diff": 0.011917758219310376,
           "grid_span": 0.1,
           "initial_eprice_ema_dist": -0.08485000096265766,
           "initial_qty_pct": 0.020225574210463525,
           "markup_range": 0.04478208738762565,
           "max_n_entry_orders": 10,
           "min_markup": 0.05923631653627974,
           "n_close_orders": 15,
           "secondary_allocation": 0.048759625463529875,
           "secondary_pprice_diff": 0.06544210596287083,
           "wallet_exposure_limit": 0.1}}