{"config_name": "static_grid_BCHUSDT_175days",
 "logging_level": 0,
 "long": {"auto_unstuck_ema_dist": 0.05875383180712047,
          "auto_unstuck_wallet_exposure_threshold": 0.7253006430822359,
          "backwards_tp": true,
          "ema_span_0": 2227.827656336448,
          "ema_span_1": 1784.362135637891,
          "enabled": true,
          "eprice_exp_base": 2.0475927092551216,
          "eprice_pprice_diff": 0.0364580210623447,
          "grid_span": 0.1204403124385019,
          "initial_eprice_ema_dist": 0,
          "initial_qty_pct": 0.048655456670249196,
          "markup_range": 0.05698401073312198,
          "max_n_entry_orders": 10,
          "min_markup": 0.05135310522876491,
          "n_close_orders": 30,
          "secondary_allocation": 0.7,
          "secondary_pprice_diff": 0.0829351688442318,
          "wallet_exposure_limit": 0.1},
 "short": {"auto_unstuck_ema_dist": 0.04091728900111472,
           "auto_unstuck_wallet_exposure_threshold": 0.8240704151773803,
           "backwards_tp": true,
           "ema_span_0": 1718.499447818427,
           "ema_span_1": 3113.243971674821,
           "enabled": true,
           "eprice_exp_base": 1.6815998788490958,
           "eprice_pprice_diff": 0.009207135187218128,
           "grid_span": 0.15679636239732192,
           "initial_eprice_ema_dist": -0.07177889404961736,
           "initial_qty_pct": 0.03352945676046505,
           "markup_range": 0.06,
           "max_n_entry_orders": 10,
           "min_markup": 0.058178595810080364,
           "n_close_orders": 8,
           "secondary_allocation": 0.028784339757435214,
           "secondary_pprice_diff": 0.07656036202189336,
           "wallet_exposure_limit": 0.1}}