{"config_name": "static_grid_BCHUSDT_264days",
 "logging_level": 0,
 "long": {"auto_unstuck_ema_dist": 0.07774997424562244,
          "auto_unstuck_wallet_exposure_threshold": 0.5581097155131501,
          "backwards_tp": true,
          "ema_span_0": 2861.845613527677,
          "ema_span_1": 4397.287005263625,
          "enabled": true,
          "eprice_exp_base": 1.034132957786264,
          "eprice_pprice_diff": 0.014043242869014497,
          "grid_span": 0.10396203994115587,
          "initial_eprice_ema_dist": -0.006177221683272108,
          "initial_qty_pct": 0.011004085604856221,
          "markup_range": 0.00691349756059136,
          "max_n_entry_orders": 12,
          "min_markup": 0.008034122901080467,
          "n_close_orders": 18,
          "secondary_allocation": 0.044269967419168964,
          "secondary_pprice_diff": 0.18612690799329007,
          "wallet_exposure_limit": 0.1},
 "short": {"auto_unstuck_ema_dist": 0.06302036509521933,
           "auto_unstuck_wallet_exposure_threshold": 0.05545104032125243,
           "backwards_tp": true,
           "ema_span_0": 726.8760205606625,
           "ema_span_1": 709.0144653949004,
           "enabled": true,
           "eprice_exp_base": 1.2062455864506443,
           "eprice_pprice_diff": 0.015663882204716564,
           "grid_span": 0.31728546000181107,
           "initial_eprice_ema_dist": -0.029199738668131674,
           "initial_qty_pct": 0.007,
           "markup_range": 0.025298310522334867,
           "max_n_entry_orders": 13,
           "min_markup": 0.018118894791248098,
           "n_close_orders": 11,
           "secondary_allocation": 0.36819595846194786,
           "secondary_pprice_diff": 0.06254478660858295,
           "wallet_exposure_limit": 0.1}}