{"config_name": "static_grid_BCHUSDT_306days",
 "logging_level": 0,
 "long": {"auto_unstuck_ema_dist": 0.09079214613286024,
          "auto_unstuck_wallet_exposure_threshold": 0.3814301310288118,
          "backwards_tp": true,
          "ema_span_0": 1023.4724953728995,
          "ema_span_1": 955.5644999184893,
          "enabled": true,
          "eprice_exp_base": 1.2606525861804754,
          "eprice_pprice_diff": 0.011248497648710743,
          "grid_span": 0.10209114118518471,
          "initial_eprice_ema_dist": -0.007411393164020605,
          "initial_qty_pct": 0.013159623486598337,
          "markup_range": 0.0055758323063699045,
          "max_n_entry_orders": 11,
          "min_markup": 0.013625997339102764,
          "n_close_orders": 13,
          "secondary_allocation": 0.41191894978649723,
          "secondary_pprice_diff": 0.07633529826262293,
          "wallet_exposure_limit": 0.1},
 "short": {"auto_unstuck_ema_dist": 0.01850760139945768,
           "auto_unstuck_wallet_exposure_threshold": 0.40495104227512957,
           "backwards_tp": true,
           "ema_span_0": 2762.9935523023596,
           "ema_span_1": 3496.7797060323414,
           "enabled": true,
           "eprice_exp_base": 1.1533550460750461,
           "eprice_pprice_diff": 0.030567089280026216,
           "grid_span": 0.30616631822178825,
           "initial_eprice_ema_dist": -0.0766451242847142,
           "initial_qty_pct": 0.012754346604949793,
           "markup_range": 0.03983851224648109,
           "max_n_entry_orders": 13,
           "min_markup": 0.019919770730928807,
           "n_close_orders": 9,
           "secondary_allocation": 0.09920068975651163,
           "secondary_pprice_diff": 0.11178274505003713,
           "wallet_exposure_limit": 0.1}}