{"config_name": "static_grid_DASHUSDT_164days",
 "logging_level": 0,
 "long": {"auto_unstuck_ema_dist": 0.09020351660992951,
          "auto_unstuck_wallet_exposure_threshold": 0.6969685773754632,
          "backwards_tp": true,
          "ema_span_0": 1081.4242558721749,
          "ema_span_1": 9351.437360031008,
          "enabled": true,
          "eprice_exp_base": 1.3638698757232774,
          "eprice_pprice_diff": 0.03412875951883141,
          "grid_span": 0.18955858970445685,
          "initial_eprice_ema_dist": -0.07084292156199391,
          "initial_qty_pct": 0.022090770998638952,
          "markup_range": 0.015260605957202926,
          "max_n_entry_orders": 10,
          "min_markup": 0.059541964013933156,
          "n_close_orders": 12,
          "secondary_allocation": 0.1565996822454111,
          "secondary_pprice_diff": 0.2587804492332123,
          "wallet_exposure_limit": 0.1},
 "short": {"auto_unstuck_ema_dist": 0.05584373893197453,
           "auto_unstuck_wallet_exposure_threshold": 0.07469695624763595,
           "backwards_tp": true,
           "ema_span_0": 2498.681012643021,
           "ema_span_1": 2681.4733883029367,
           "enabled": true,
           "eprice_exp_base": 1.2100204651908275,
           "eprice_pprice_diff": 0.006382710129193413,
           "grid_span": 0.12350017754406942,
           "initial_eprice_ema_dist": -0.08990739248706874,
           "initial_qty_pct": 0.0454014727960372,
           "markup_range": 0.024347536787602823,
           "max_n_entry_orders": 10,
           "min_markup": 0.04858936999520245,
           "n_close_orders": 19,
           "secondary_allocation": 0.035188943814532234,
           "secondary_pprice_diff": 0.11253692946462901,
           "wallet_exposure_limit": 0.1}}