{"config_name": "static_grid_DASHUSDT_231days",
 "logging_level": 0,
 "long": {"auto_unstuck_ema_dist": 0.0748545494571933,
          "auto_unstuck_wallet_exposure_threshold": 0.4295427766190671,
          "backwards_tp": true,
          "ema_span_0": 3436.850045036068,
          "ema_span_1": 9748.181244689353,
          "enabled": true,
          "eprice_exp_base": 1.0064066946110517,
          "eprice_pprice_diff": 0.02206755289980919,
          "grid_span": 0.23933693683230015,
          "initial_eprice_ema_dist": -0.07766792395798194,
          "initial_qty_pct": 0.007,
          "markup_range": 0.018703828041138,
          "max_n_entry_orders": 11,
          "min_markup": 0.01267911991167762,
          "n_close_orders": 17,
          "secondary_allocation": 0.0379013974459925,
          "secondary_pprice_diff": 0.07910414302636593,
          "wallet_exposure_limit": 0.1},
 "short": {"auto_unstuck_ema_dist": 0.015007469849069068,
           "auto_unstuck_wallet_exposure_threshold": 0.10279706976610155,
           "backwards_tp": true,
           "ema_span_0": 892.6330512712917,
           "ema_span_1": 946.179549189887,
           "enabled": true,
           "eprice_exp_base": 1.1509489929442562,
           "eprice_pprice_diff": 0.011098580552388698,
           "grid_span": 0.20386740843723997,
           "initial_eprice_ema_dist": -0.09513742666156913,
           "initial_qty_pct": 0.007494164899725394,
           "markup_range": 0.0027265794466355183,
           "max_n_entry_orders": 12,
           "min_markup": 0.017928028558490988,
           "n_close_orders": 19,
           "secondary_allocation": 0.21072272408721665,
           "secondary_pprice_diff": 0.11242828748936291,
           "wallet_exposure_limit": 0.1}}