{"config_name": "static_grid_DASHUSDT_304days",
 "logging_level": 0,
 "long": {"auto_unstuck_ema_dist": 0.03763359022813705,
          "auto_unstuck_wallet_exposure_threshold": 0.28921083609529047,
          "backwards_tp": true,
          "ema_span_0": 4255.005762329148,
          "ema_span_1": 9441.115882052689,
          "enabled": true,
          "eprice_exp_base": 1.1953078013978378,
          "eprice_pprice_diff": 0.020962357180214657,
          "grid_span": 0.31753112723837,
          "initial_eprice_ema_dist": -0.0929530569391485,
          "initial_qty_pct": 0.007,
          "markup_range": 0.029670215487400724,
          "max_n_entry_orders": 10,
          "min_markup": 0.01826858019810687,
          "n_close_orders": 14,
          "secondary_allocation": 0.24045774984466564,
          "secondary_pprice_diff": 0.14877281035131418,
          "wallet_exposure_limit": 0.1},
 "short": {"auto_unstuck_ema_dist": 0.031026459901365013,
           "auto_unstuck_wallet_exposure_threshold": 0.4364571818204455,
           "backwards_tp": true,
           "ema_span_0": 3342.4600123625028,
           "ema_span_1": 1041.3719627559244,
           "enabled": true,
           "eprice_exp_base": 1.2751340783477474,
           "eprice_pprice_diff": 0.015408193354247432,
           "grid_span": 0.2581078583734155,
           "initial_eprice_ema_dist": -0.008546402118969282,
           "initial_qty_pct": 0.007,
           "markup_range": 0.01973534147008047,
           "max_n_entry_orders": 13,
           "min_markup": 0.015096298908328615,
           "n_close_orders": 17,
           "secondary_allocation": 0.06488550470805488,
           "secondary_pprice_diff": 0.07217321726448618,
           "wallet_exposure_limit": 0.1}}