{"config_name": "static_grid_DASHUSDT_218days",
 "logging_level": 0,
 "long": {"auto_unstuck_ema_dist": 0.05704521805085452,
          "auto_unstuck_wallet_exposure_threshold": 0.13543033374796506,
          "backwards_tp": true,
          "ema_span_0": 1429.1006478748125,
          "ema_span_1": 6799.962316680501,
          "enabled": true,
          "eprice_exp_base": 1.628441539771872,
          "eprice_pprice_diff": 0.00807608502624254,
          "grid_span": 0.18012098810689797,
          "initial_eprice_ema_dist": 0,
          "initial_qty_pct": 0.02426060141194726,
          "markup_range": 0.006810308705537697,
          "max_n_entry_orders": 10,
          "min_markup": 0.028591245327482615,
          "n_close_orders": 21,
          "secondary_allocation": 0.045217534895999126,
          "secondary_pprice_diff": 0.37413028871598475,
          "wallet_exposure_limit": 0.1},
 "short": {"auto_unstuck_ema_dist": 0.08056995800591504,
           "auto_unstuck_wallet_exposure_threshold": 0.20435415062318527,
           "backwards_tp": true,
           "ema_span_0": 1796.144689969403,
           "ema_span_1": 1568.6687798643493,
           "enabled": true,
           "eprice_exp_base": 1.9572487349714067,
           "eprice_pprice_diff": 0.02618604778239952,
           "grid_span": 0.12875604769233137,
           "initial_eprice_ema_dist": -0.0879000924297035,
           "initial_qty_pct": 0.04510316237014123,
           "markup_range": 0.02538258448550297,
           "max_n_entry_orders": 10,
           "min_markup": 0.0460726730863585,
           "n_close_orders": 21,
           "secondary_allocation": 0.05699608075729855,
           "secondary_pprice_diff": 0.40965024097782726,
           "wallet_exposure_limit": 0.1}}