{"config_name": "static_grid_DASHUSDT_178days",
 "logging_level": 0,
 "long": {"auto_unstuck_ema_dist": 0.09173962514823561,
          "auto_unstuck_wallet_exposure_threshold": 0.4474210686546165,
          "backwards_tp": true,
          "ema_span_0": 893.5499355576993,
          "ema_span_1": 8066.90373173764,
          "enabled": true,
          "eprice_exp_base": 1.947038093421085,
          "eprice_pprice_diff": 0.044568310262180603,
          "grid_span": 0.18241618291994238,
          "initial_eprice_ema_dist": -0.025555120856183073,
          "initial_qty_pct": 0.04600732288668248,
          "markup_range": 0.005416396136361514,
          "max_n_entry_orders": 10,
          "min_markup": 0.058303243608740854,
          "n_close_orders": 5,
          "secondary_allocation": 0.2554038237799785,
          "secondary_pprice_diff": 0.05368560749451868,
          "wallet_exposure_limit": 0.1},
 "short": {"auto_unstuck_ema_dist": 0.04352780421895891,
           "auto_unstuck_wallet_exposure_threshold": 0.6772686948097282,
           "backwards_tp": true,
           "ema_span_0": 3114.5983390280785,
           "ema_span_1": 2878.191302644707,
           "enabled": true,
           "eprice_exp_base": 1.4749324814653286,
           "eprice_pprice_diff": 0.022397456184129725,
           "grid_span": 0.10596311798059106,
           "initial_eprice_ema_dist": -0.03833471481336033,
           "initial_qty_pct": 0.02646696929290315,
           "markup_range": 0.05518317703502009,
           "max_n_entry_orders": 10,
           "min_markup": 0.058328063689921834,
           "n_close_orders": 26,
           "secondary_allocation": 0.35912365273189234,
           "secondary_pprice_diff": 0.20572857680146345,
           "wallet_exposure_limit": 0.1}}