{"config_name": "static_grid_DASHUSDT_209days",
 "logging_level": 0,
 "long": {"auto_unstuck_ema_dist": 0.09392415393521637,
          "auto_unstuck_wallet_exposure_threshold": 0.6017787097370029,
          "backwards_tp": true,
          "ema_span_0": 1141.0491120245608,
          "ema_span_1": 9462.74797232878,
          "enabled": true,
          "eprice_exp_base": 1,
          "eprice_pprice_diff": 0.04347335442510731,
          "grid_span": 0.2475456027587495,
          "initial_eprice_ema_dist": 0,
          "initial_qty_pct": 0.028049069148842497,
          "markup_range": 0.046752380235434744,
          "max_n_entry_orders": 10,
          "min_markup": 0.023489834320315386,
          "n_close_orders": 16,
          "secondary_allocation": 0.011728284719602624,
          "secondary_pprice_diff": 0.19920582895340075,
          "wallet_exposure_limit": 0.1},
 "short": {"auto_unstuck_ema_dist": 0.04981587571720006,
           "auto_unstuck_wallet_exposure_threshold": 0.12659496800751432,
           "backwards_tp": true,
           "ema_span_0": 2412.297045849877,
           "ema_span_1": 1587.6212493272283,
           "enabled": true,
           "eprice_exp_base": 1.083876757219098,
           "eprice_pprice_diff": 0.013604143263616362,
           "grid_span": 0.11746059937935385,
           "initial_eprice_ema_dist": -0.09007639297919938,
           "initial_qty_pct": 0.02305278417362917,
           "markup_range": 0.012257698003682985,
           "max_n_entry_orders": 10,
           "min_markup": 0.054580460282686816,
           "n_close_orders": 17,
           "secondary_allocation": 0.00815566986828992,
           "secondary_pprice_diff": 0.20247694400505553,
           "wallet_exposure_limit": 0.1}}