{"config_name": "static_grid_DASHUSDT_212days",
 "logging_level": 0,
 "long": {"auto_unstuck_ema_dist": 0.1,
          "auto_unstuck_wallet_exposure_threshold": 0.4203389967585787,
          "backwards_tp": true,
          "ema_span_0": 3521.1156005796956,
          "ema_span_1": 10080,
          "enabled": true,
          "eprice_exp_base": 1.2941772028672847,
          "eprice_pprice_diff": 0.020293458255739055,
          "grid_span": 0.19684437978460723,
          "initial_eprice_ema_dist": -0.05010625002799854,
          "initial_qty_pct": 0.00817818135763236,
          "markup_range": 0.0158714205516305,
          "max_n_entry_orders": 11,
          "min_markup": 0.014322078604957404,
          "n_close_orders": 18,
          "secondary_allocation": 0.22069681995408152,
          "secondary_pprice_diff": 0.45467799031070544,
          "wallet_exposure_limit": 0.1},
 "short": {"auto_unstuck_ema_dist": 0.02107417720389634,
           "auto_unstuck_wallet_exposure_threshold": 0.20794906162466553,
           "backwards_tp": true,
           "ema_span_0": 1519.7085666859375,
           "ema_span_1": 1535.9125514218124,
           "enabled": true,
           "eprice_exp_base": 1.0634933373965616,
           "eprice_pprice_diff": 0.015260630838032769,
           "grid_span": 0.21455084731173144,
           "initial_eprice_ema_dist": -0.014355763488342126,
           "initial_qty_pct": 0.007296817940063503,
           "markup_range": 0.017597365067268392,
           "max_n_entry_orders": 13,
           "min_markup": 0.018808222637082508,
           "n_close_orders": 19,
           "secondary_allocation": 0.04670255566470878,
           "secondary_pprice_diff": 0.3186506444332267,
           "wallet_exposure_limit": 0.1}}