{"config_name": "static_grid_DASHUSDT_241days",
 "logging_level": 0,
 "long": {"auto_unstuck_ema_dist": 0.06799272060215283,
          "auto_unstuck_wallet_exposure_threshold": 0.260128258522523,
          "backwards_tp": true,
          "ema_span_0": 920.8670959918824,
          "ema_span_1": 4248.20337961085,
          "enabled": true,
          "eprice_exp_base": 1.0933845952442736,
          "eprice_pprice_diff": 0.017019001341223403,
          "grid_span": 0.2134469057849055,
          "initial_eprice_ema_dist": -0.07331037404399503,
          "initial_qty_pct": 0.0074967530675597565,
          "markup_range": 0.014862819134920166,
          "max_n_entry_orders": 12,
          "min_markup": 0.013498753354226265,
          "n_close_orders": 16,
          "secondary_allocation": 0.3704756596119007,
          "secondary_pprice_diff": 0.07346803204526751,
          "wallet_exposure_limit": 0.1},
 "short": {"auto_unstuck_ema_dist": 0.01147865917078097,
           "auto_unstuck_wallet_exposure_threshold": 0.2775752387256562,
           "backwards_tp": true,
           "ema_span_0": 2217.6106501135505,
           "ema_span_1": 1909.1637647455063,
           "enabled": true,
           "eprice_exp_base": 1.460716629207568,
           "eprice_pprice_diff": 0.009693763875467247,
           "grid_span": 0.22934654748655067,
           "initial_eprice_ema_dist": -0.0013429913962745886,
           "initial_qty_pct": 0.007,
           "markup_range": 0.012899190710881669,
           "max_n_entry_orders": 12,
           "min_markup": 0.01767733355621958,
           "n_close_orders": 20,
           "secondary_allocation": 0.014371665095982176,
           "secondary_pprice_diff": 0.33969171510346946,
           "wallet_exposure_limit": 0.1}}