{"config_name": "static_grid_DASHUSDT_231days",
 "logging_level": 0,
 "long": {"auto_unstuck_ema_dist": 0.06403501583868401,
          "auto_unstuck_wallet_exposure_threshold": 0.5976655141686302,
          "backwards_tp": true,
          "ema_span_0": 3650.3162168933723,
          "ema_span_1": 10009.418504966907,
          "enabled": true,
          "eprice_exp_base": 1.2076208462694282,
          "eprice_pprice_diff": 0.023968237622883703,
          "grid_span": 0.19829951624746922,
          "initial_eprice_ema_dist": -0.06833435646365629,
          "initial_qty_pct": 0.008861047083428586,
          "markup_range": 0.020144030589101677,
          "max_n_entry_orders": 12,
          "min_markup": 0.01540995666236381,
          "n_close_orders": 14,
          "secondary_allocation": 0.2866627241633616,
          "secondary_pprice_diff": 0.484871696509954,
          "wallet_exposure_limit": 0.1},
 "short": {"auto_unstuck_ema_dist": 0.01119717805990764,
           "auto_unstuck_wallet_exposure_threshold": 0.5278206151083855,
           "backwards_tp": true,
           "ema_span_0": 4311.674799242143,
           "ema_span_1": 2900.383560143375,
           "enabled": true,
           "eprice_exp_base": 1.1564608178439038,
           "eprice_pprice_diff": 0.014408534564333773,
           "grid_span": 0.23349684080783795,
           "initial_eprice_ema_dist": -0.014264266802835601,
           "initial_qty_pct": 0.0070721787437471465,
           "markup_range": 0.019127683173699735,
           "max_n_entry_orders": 13,
           "min_markup": 0.014837093498944033,
           "n_close_orders": 16,
           "secondary_allocation": 0.07689119072599719,
           "secondary_pprice_diff": 0.11820040635592034,
           "wallet_exposure_limit": 0.1}}