{"config_name": "static_grid_DASHUSDT_171days",
 "logging_level": 0,
 "long": {"auto_unstuck_ema_dist": 0.0896168328815311,
          "auto_unstuck_wallet_exposure_threshold": 0.36044963403476793,
          "backwards_tp": true,
          "ema_span_0": 2862.744337835995,
          "ema_span_1": 9787.922598188343,
          "enabled": true,
          "eprice_exp_base": 2.026501689200838,
          "eprice_pprice_diff": 0.030943024597416526,
          "grid_span": 0.19515817258183,
          "initial_eprice_ema_dist": -0.042939931711097036,
          "initial_qty_pct": 0.03753283823559998,
          "markup_range": 0.01525168243034454,
          "max_n_entry_orders": 10,
          "min_markup": 0.028855666018800095,
          "n_close_orders": 23,
          "secondary_allocation": 0.04402491506924748,
          "secondary_pprice_diff": 0.1448422350369982,
          "wallet_exposure_limit": 0.1},
 "short": {"auto_unstuck_ema_dist": 0.07136943932174324,
           "auto_unstuck_wallet_exposure_threshold": 0.10136053599148387,
           "backwards_tp": true,
           "ema_span_0": 3983.9086671178297,
           "ema_span_1": 2716.1081639518434,
           "enabled": true,
           "eprice_exp_base": 1.2340120520896176,
           "eprice_pprice_diff": 0.015522233428935337,
           "grid_span": 0.13558934460831237,
           "initial_eprice_ema_dist": -0.0971198749404466,
           "initial_qty_pct": 0.02463157051737514,
           "markup_range": 0.0221925905557106,
           "max_n_entry_orders": 10,
           "min_markup": 0.04596382521846298,
           "n_close_orders": 28,
           "secondary_allocation": 0.07077913308974337,
           "secondary_pprice_diff": 0.4676880864967046,
           "wallet_exposure_limit": 0.1}}