{"config_name": "static_grid_DASHUSDT_150days",
 "logging_level": 0,
 "long": {"auto_unstuck_ema_dist": 0.07350337646999205,
          "auto_unstuck_wallet_exposure_threshold": 0.6419167670397049,
          "backwards_tp": true,
          "ema_span_0": 446.96854758706525,
          "ema_span_1": 10018.48501203855,
          "enabled": true,
          "eprice_exp_base": 1.5861335767796036,
          "eprice_pprice_diff": 0.02165030144795364,
          "grid_span": 0.2032765618292745,
          "initial_eprice_ema_dist": -0.00701128769013532,
          "initial_qty_pct": 0.018087989703120578,
          "markup_range": 0.004931038856305864,
          "max_n_entry_orders": 10,
          "min_markup": 0.036517263808424655,
          "n_close_orders": 15,
          "secondary_allocation": 0.023499368491348673,
          "secondary_pprice_diff": 0.18856214526542656,
          "wallet_exposure_limit": 0.1},
 "short": {"auto_unstuck_ema_dist": 0.056058887518741295,
           "auto_unstuck_wallet_exposure_threshold": 0.11231246868975109,
           "backwards_tp": true,
           "ema_span_0": 4075.1121684542563,
           "ema_span_1": 3942.838962537859,
           "enabled": true,
           "eprice_exp_base": 1.1222861745727608,
           "eprice_pprice_diff": 0.015307874856363497,
           "grid_span": 0.11898599331885314,
           "initial_eprice_ema_dist": -0.09902012963796886,
           "initial_qty_pct": 0.014531406431676249,
           "markup_range": 0.012600789355161665,
           "max_n_entry_orders": 10,
           "min_markup": 0.057052371214954566,
           "n_close_orders": 18,
           "secondary_allocation": 0.048094261791375256,
           "secondary_pprice_diff": 0.10472691740968966,
           "wallet_exposure_limit": 0.1}}