{"config_name": "static_grid_DASHUSDT_173days",
 "logging_level": 0,
 "long": {"auto_unstuck_ema_dist": 0.09681356214365605,
          "auto_unstuck_wallet_exposure_threshold": 0.6547692979273996,
          "backwards_tp": true,
          "ema_span_0": 1312.3749679663556,
          "ema_span_1": 8213.270441803492,
          "enabled": true,
          "eprice_exp_base": 1.9417272279799551,
          "eprice_pprice_diff": 0.01876787844947549,
          "grid_span": 0.3515889966900718,
          "initial_eprice_ema_dist": -0.0002553168395449442,
          "initial_qty_pct": 0.02663759311452804,
          "markup_range": 0.02002860121637331,
          "max_n_entry_orders": 10,
          "min_markup": 0.05309870207328044,
          "n_close_orders": 28,
          "secondary_allocation": 0.05245956021725978,
          "secondary_pprice_diff": 0.13892328783522354,
          "wallet_exposure_limit": 0.1},
 "short": {"auto_unstuck_ema_dist": 0.05638306758074882,
           "auto_unstuck_wallet_exposure_threshold": 0.1817718190006196,
           "backwards_tp": true,
           "ema_span_0": 2385.582973922341,
           "ema_span_1": 2617.417704817474,
           "enabled": true,
           "eprice_exp_base": 1.4413432091379337,
           "eprice_pprice_diff": 0.006347202811893226,
           "grid_span": 0.1,
           "initial_eprice_ema_dist": -0.0852664222253204,
           "initial_qty_pct": 0.018386857855014704,
           "markup_range": 0.047430995730340354,
           "max_n_entry_orders": 10,
           "min_markup": 0.04817760627669955,
           "n_close_orders": 21,
           "secondary_allocation": 0,
           "secondary_pprice_diff": 0.39924900165311783,
           "wallet_exposure_limit": 0.1}}