{"config_name": "static_grid_DASHUSDT_250days",
 "logging_level": 0,
 "long": {"auto_unstuck_ema_dist": 0.0001617870748042427,
          "auto_unstuck_wallet_exposure_threshold": 0.2796609991889361,
          "backwards_tp": true,
          "ema_span_0": 1556.9745382720744,
          "ema_span_1": 9637.922421948124,
          "enabled": true,
          "eprice_exp_base": 1.1603812426121993,
          "eprice_pprice_diff": 0.02551034223641687,
          "grid_span": 0.2234734811555334,
          "initial_eprice_ema_dist": -0.0632029074447278,
          "initial_qty_pct": 0.010131086526708629,
          "markup_range": 0.024022966507680904,
          "max_n_entry_orders": 12,
          "min_markup": 0.011782175632329195,
          "n_close_orders": 9,
          "secondary_allocation": 0.09916903947942807,
          "secondary_pprice_diff": 0.10790979781956334,
          "wallet_exposure_limit": 0.1},
 "short": {"auto_unstuck_ema_dist": 0.050730215532530064,
           "auto_unstuck_wallet_exposure_threshold": 0.507847480680136,
           "backwards_tp": true,
           "ema_span_0": 1064.114081516601,
           "ema_span_1": 2013.5672210763762,
           "enabled": true,
           "eprice_exp_base": 1.2621093595367725,
           "eprice_pprice_diff": 0.015130609447580552,
           "grid_span": 0.25803456438031674,
           "initial_eprice_ema_dist": -0.00451552235778695,
           "initial_qty_pct": 0.007,
           "markup_range": 0.024763721230323714,
           "max_n_entry_orders": 13,
           "min_markup": 0.012935331132754406,
           "n_close_orders": 16,
           "secondary_allocation": 0.1560298942532309,
           "secondary_pprice_diff": 0.10577478016052755,
           "wallet_exposure_limit": 0.1}}