{"config_name": "static_grid_DASHUSDT_262days",
 "logging_level": 0,
 "long": {"auto_unstuck_ema_dist": 0.029040659164070285,
          "auto_unstuck_wallet_exposure_threshold": 0.4572472178171428,
          "backwards_tp": true,
          "ema_span_0": 2521.8239372967373,
          "ema_span_1": 9264.17957106728,
          "enabled": true,
          "eprice_exp_base": 1.1307390537059185,
          "eprice_pprice_diff": 0.02042023810534195,
          "grid_span": 0.22427639146466696,
          "initial_eprice_ema_dist": -0.1,
          "initial_qty_pct": 0.007,
          "markup_range": 0.023512061664509514,
          "max_n_entry_orders": 13,
          "min_markup": 0.011297843758308113,
          "n_close_orders": 16,
          "secondary_allocation": 0.30811189843799003,
          "secondary_pprice_diff": 0.3685071094481261,
          "wallet_exposure_limit": 0.1},
 "short": {"auto_unstuck_ema_dist": 0.03686333859969561,
           "auto_unstuck_wallet_exposure_threshold": 0.4249209387934374,
           "backwards_tp": true,
           "ema_span_0": 2256.7390377687434,
           "ema_span_1": 844.2909114693044,
           "enabled": true,
           "eprice_exp_base": 1.0295090949606431,
           "eprice_pprice_diff": 0.017641782374339866,
           "grid_span": 0.24266332933244708,
           "initial_eprice_ema_dist": -0.0014840648670346873,
           "initial_qty_pct": 0.007,
           "markup_range": 0.019312715510547,
           "max_n_entry_orders": 13,
           "min_markup": 0.012748768107166613,
           "n_close_orders": 18,
           "secondary_allocation": 0.09816763386699004,
           "secondary_pprice_diff": 0.08309012973970803,
           "wallet_exposure_limit": 0.1}}