{"config_name": "static_grid_DASHUSDT_104days",
 "logging_level": 0,
 "long": {"auto_unstuck_ema_dist": 0.1,
          "auto_unstuck_wallet_exposure_threshold": 0.8923412435117305,
          "backwards_tp": true,
          "ema_span_0": 1541.350631264452,
          "ema_span_1": 8635.129595855775,
          "enabled": true,
          "eprice_exp_base": 1.4203184904120556,
          "eprice_pprice_diff": 0.04355632870663641,
          "grid_span": 0.2975654238208062,
          "initial_eprice_ema_dist": -0.03910376279337881,
          "initial_qty_pct": 0.01,
          "markup_range": 0.012460019348215367,
          "max_n_entry_orders": 10,
          "min_markup": 0.05203908525230472,
          "n_close_orders": 27,
          "secondary_allocation": 0.02153866844749061,
          "secondary_pprice_diff": 0.45708005185830985,
          "wallet_exposure_limit": 0.1},
 "short": {"auto_unstuck_ema_dist": 0.06939132681749392,
           "auto_unstuck_wallet_exposure_threshold": 0.17429086565247365,
           "backwards_tp": true,
           "ema_span_0": 1268.4976577822215,
           "ema_span_1": 1795.0187082607044,
           "enabled": true,
           "eprice_exp_base": 1.8562231585437103,
           "eprice_pprice_diff": 0.005397815482216388,
           "grid_span": 0.16187076278453538,
           "initial_eprice_ema_dist": -0.08845255309252664,
           "initial_qty_pct": 0.04293253159438885,
           "markup_range": 0.022045175362221173,
           "max_n_entry_orders": 10,
           "min_markup": 0.052633446534506266,
           "n_close_orders": 19,
           "secondary_allocation": 0.030795692508391294,
           "secondary_pprice_diff": 0.11309231834006406,
           "wallet_exposure_limit": 0.1}}