{"config_name": "static_grid_DASHUSDT_190days",
 "logging_level": 0,
 "long": {"auto_unstuck_ema_dist": 0.07556249098167893,
          "auto_unstuck_wallet_exposure_threshold": 0.08789095280519506,
          "backwards_tp": true,
          "ema_span_0": 680.9039209317281,
          "ema_span_1": 8340.238038784064,
          "enabled": true,
          "eprice_exp_base": 2.02915340789968,
          "eprice_pprice_diff": 0.007013118896615871,
          "grid_span": 0.19177082183498081,
          "initial_eprice_ema_dist": -0.04451819179031107,
          "initial_qty_pct": 0.04786165911750016,
          "markup_range": 0.007638607189058599,
          "max_n_entry_orders": 10,
          "min_markup": 0.02186458128768104,
          "n_close_orders": 20,
          "secondary_allocation": 0.0020929487844827256,
          "secondary_pprice_diff": 0.09228464893571858,
          "wallet_exposure_limit": 0.1},
 "short": {"auto_unstuck_ema_dist": 0.0848759398531868,
           "auto_unstuck_wallet_exposure_threshold": 0.02684899768574138,
           "backwards_tp": true,
           "ema_span_0": 3832.086770929034,
           "ema_span_1": 3442.223385143454,
           "enabled": true,
           "eprice_exp_base": 1.3069996805276107,
           "eprice_pprice_diff": 0.014546456334319823,
           "grid_span": 0.1137209935185601,
           "initial_eprice_ema_dist": -0.09327449155908568,
           "initial_qty_pct": 0.022446249731641076,
           "markup_range": 0.017215997351296464,
           "max_n_entry_orders": 10,
           "min_markup": 0.04460057264897237,
           "n_close_orders": 8,
           "secondary_allocation": 0.016029718892418953,
           "secondary_pprice_diff": 0.1346201765345964,
           "wallet_exposure_limit": 0.1}}