{"config_name": "static_grid_DASHUSDT_132day",
 "logging_level": 0,
 "long": {"auto_unstuck_ema_dist": 0.09416995117175593,
          "auto_unstuck_wallet_exposure_threshold": 0.767884505731625,
          "backwards_tp": true,
          "ema_span_0": 1047.0869657766127,
          "ema_span_1": 7887.869910156806,
          "enabled": true,
          "eprice_exp_base": 1.6973278090180042,
          "eprice_pprice_diff": 0.018772420951172465,
          "grid_span": 0.19110918630275325,
          "initial_eprice_ema_dist": -0.05710947886157865,
          "initial_qty_pct": 0.013821525978384673,
          "markup_range": 0.01962084246986674,
          "max_n_entry_orders": 10,
          "min_markup": 0.049736059186343724,
          "n_close_orders": 6,
          "secondary_allocation": 0.27408703509829185,
          "secondary_pprice_diff": 0.17191150895416427,
          "wallet_exposure_limit": 0.1},
 "short": {"auto_unstuck_ema_dist": 0.07199738080213278,
           "auto_unstuck_wallet_exposure_threshold": 0.2282781310972727,
           "backwards_tp": true,
           "ema_span_0": 1876.039903022841,
           "ema_span_1": 2368.0586848390626,
           "enabled": true,
           "eprice_exp_base": 1.7923902966487986,
           "eprice_pprice_diff": 0.007201765889036178,
           "grid_span": 0.16177609275254912,
           "initial_eprice_ema_dist": -0.09737847763573426,
           "initial_qty_pct": 0.0480192826013451,
           "markup_range": 0.017481650460578292,
           "max_n_entry_orders": 10,
           "min_markup": 0.05951309354553528,
           "n_close_orders": 11,
           "secondary_allocation": 0.04936508976182806,
           "secondary_pprice_diff": 0.2083256516458186,
           "wallet_exposure_limit": 0.1}}
