{"config_name": "static_grid_DASHUSDT_277days",
 "logging_level": 0,
 "long": {"auto_unstuck_ema_dist": 0.04890434474857965,
          "auto_unstuck_wallet_exposure_threshold": 0.4893556022151722,
          "backwards_tp": true,
          "ema_span_0": 1034.3059422573513,
          "ema_span_1": 9550.482311635196,
          "enabled": true,
          "eprice_exp_base": 1.243350671756936,
          "eprice_pprice_diff": 0.018226754566314413,
          "grid_span": 0.21635006901169235,
          "initial_eprice_ema_dist": -0.08974738266373031,
          "initial_qty_pct": 0.007174259910908691,
          "markup_range": 0.029936405747453355,
          "max_n_entry_orders": 11,
          "min_markup": 0.003992247833398315,
          "n_close_orders": 16,
          "secondary_allocation": 0.19380490810606343,
          "secondary_pprice_diff": 0.3605597975168362,
          "wallet_exposure_limit": 0.1},
 "short": {"auto_unstuck_ema_dist": 0.05115449674937209,
           "auto_unstuck_wallet_exposure_threshold": 0.37053175722417964,
           "backwards_tp": true,
           "ema_span_0": 1183.4861561375737,
           "ema_span_1": 3228.2327984736285,
           "enabled": true,
           "eprice_exp_base": 1.0729305178537307,
           "eprice_pprice_diff": 0.012999720774428859,
           "grid_span": 0.22573745564352823,
           "initial_eprice_ema_dist": -0.0018879538902170636,
           "initial_qty_pct": 0.007,
           "markup_range": 0.01780639516416706,
           "max_n_entry_orders": 12,
           "min_markup": 0.013684517842461314,
           "n_close_orders": 9,
           "secondary_allocation": 0.13611452035340188,
           "secondary_pprice_diff": 0.1789474316915007,
           "wallet_exposure_limit": 0.1}}