{"config_name": "static_grid_DASHUSDT_333days",
 "logging_level": 0,
 "long": {"auto_unstuck_ema_dist": 0.03930710943551995,
          "auto_unstuck_wallet_exposure_threshold": 0.10456042458963226,
          "backwards_tp": true,
          "ema_span_0": 3031.8936831929236,
          "ema_span_1": 9228.83410854985,
          "enabled": true,
          "eprice_exp_base": 1.2448325025277638,
          "eprice_pprice_diff": 0.021926824145244748,
          "grid_span": 0.32890656951639635,
          "initial_eprice_ema_dist": -0.07327783102187954,
          "initial_qty_pct": 0.007212224048183431,
          "markup_range": 0.037460166246040275,
          "max_n_entry_orders": 13,
          "min_markup": 0.01959836315988,
          "n_close_orders": 17,
          "secondary_allocation": 0.006260798130471354,
          "secondary_pprice_diff": 0.20879542129530515,
          "wallet_exposure_limit": 0.1},
 "short": {"auto_unstuck_ema_dist": 0.04343744544575328,
           "auto_unstuck_wallet_exposure_threshold": 0.21606198109923735,
           "backwards_tp": true,
           "ema_span_0": 3817.350053882795,
           "ema_span_1": 1828.5477898287963,
           "enabled": true,
           "eprice_exp_base": 1.1448629701678477,
           "eprice_pprice_diff": 0.016828470163731103,
           "grid_span": 0.16314660664269037,
           "initial_eprice_ema_dist": -0.020514806178084287,
           "initial_qty_pct": 0.007,
           "markup_range": 0.021284479005860616,
           "max_n_entry_orders": 11,
           "min_markup": 0.011368103320786027,
           "n_close_orders": 7,
           "secondary_allocation": 0.5452533856837174,
           "secondary_pprice_diff": 0.07238847967424183,
           "wallet_exposure_limit": 0.1}}