{"config_name": "static_grid_DASHUSDT_143days",
 "logging_level": 0,
 "long": {"auto_unstuck_ema_dist": 0.09409156233670168,
          "auto_unstuck_wallet_exposure_threshold": 0.47031274472516565,
          "backwards_tp": true,
          "ema_span_0": 2588.834323906039,
          "ema_span_1": 9250.2776000776,
          "enabled": true,
          "eprice_exp_base": 2.024369829622056,
          "eprice_pprice_diff": 0.020961854534859655,
          "grid_span": 0.19930662605373228,
          "initial_eprice_ema_dist": -0.04606049102005734,
          "initial_qty_pct": 0.011811904992389807,
          "markup_range": 0.01277378179967634,
          "max_n_entry_orders": 10,
          "min_markup": 0.03121983107775226,
          "n_close_orders": 21,
          "secondary_allocation": 0.051509722296936414,
          "secondary_pprice_diff": 0.3510320422054641,
          "wallet_exposure_limit": 0.1},
 "short": {"auto_unstuck_ema_dist": 0.06108226014740576,
           "auto_unstuck_wallet_exposure_threshold": 0.0354754757418259,
           "backwards_tp": true,
           "ema_span_0": 1590.8551085642584,
           "ema_span_1": 1902.1902475536963,
           "enabled": true,
           "eprice_exp_base": 1.1984542571931356,
           "eprice_pprice_diff": 0.004613853143701775,
           "grid_span": 0.17027341563573445,
           "initial_eprice_ema_dist": -0.05434987953872658,
           "initial_qty_pct": 0.04712669345739395,
           "markup_range": 0.03405826418000267,
           "max_n_entry_orders": 10,
           "min_markup": 0.04053558069942336,
           "n_close_orders": 24,
           "secondary_allocation": 0.04591641071137165,
           "secondary_pprice_diff": 0.09565598834833937,
           "wallet_exposure_limit": 0.1}}