{"config_name": "static_grid_DASHUSDT_214days",
 "logging_level": 0,
 "long": {"auto_unstuck_ema_dist": 0.07608375015043727,
          "auto_unstuck_wallet_exposure_threshold": 0.7197842839216806,
          "backwards_tp": true,
          "ema_span_0": 494.0603613453276,
          "ema_span_1": 9383.090375471264,
          "enabled": true,
          "eprice_exp_base": 1.0124583989770082,
          "eprice_pprice_diff": 0.02236817833506579,
          "grid_span": 0.41403749640049525,
          "initial_eprice_ema_dist": -0.007955796188986897,
          "initial_qty_pct": 0.022000039601139734,
          "markup_range": 0.030667764688058045,
          "max_n_entry_orders": 10,
          "min_markup": 0.05807199741122742,
          "n_close_orders": 12,
          "secondary_allocation": 0.0989729289437237,
          "secondary_pprice_diff": 0.2584662238080431,
          "wallet_exposure_limit": 0.1},
 "short": {"auto_unstuck_ema_dist": 0.0710516722254452,
           "auto_unstuck_wallet_exposure_threshold": 0.010557721520842346,
           "backwards_tp": true,
           "ema_span_0": 2576.308504953055,
           "ema_span_1": 1834.4971987831736,
           "enabled": true,
           "eprice_exp_base": 1.0175249481854014,
           "eprice_pprice_diff": 0.009537046088532957,
           "grid_span": 0.14622596993410603,
           "initial_eprice_ema_dist": -0.09062772394364277,
           "initial_qty_pct": 0.02261056353831893,
           "markup_range": 0.021213895636463427,
           "max_n_entry_orders": 10,
           "min_markup": 0.04015273061048637,
           "n_close_orders": 24,
           "secondary_allocation": 0.044566969666188345,
           "secondary_pprice_diff": 0.4565254896356776,
           "wallet_exposure_limit": 0.1}}