{"config_name": "static_grid_ETCUSDT_141days",
 "logging_level": 0,
 "long": {"auto_unstuck_ema_dist": 0.08440072226224113,
          "auto_unstuck_wallet_exposure_threshold": 0.6464059754881445,
          "backwards_tp": true,
          "ema_span_0": 3777.0207553462365,
          "ema_span_1": 3753.906524669577,
          "enabled": true,
          "eprice_exp_base": 1.174031669640253,
          "eprice_pprice_diff": 0.025433429226801887,
          "grid_span": 0.11996762127453826,
          "initial_eprice_ema_dist": -0.05179862181131016,
          "initial_qty_pct": 0.04709897060457188,
          "markup_range": 0.052110636487410114,
          "max_n_entry_orders": 10,
          "min_markup": 0.055488981985833685,
          "n_close_orders": 24,
          "secondary_allocation": 0.007993046465007678,
          "secondary_pprice_diff": 0.33557621278893396,
          "wallet_exposure_limit": 0.1},
 "short": {"auto_unstuck_ema_dist": 0.06858805359446557,
           "auto_unstuck_wallet_exposure_threshold": 0.7197104171346929,
           "backwards_tp": true,
           "ema_span_0": 2640.730136896408,
           "ema_span_1": 3337.97165869372,
           "enabled": true,
           "eprice_exp_base": 1.895403079922469,
           "eprice_pprice_diff": 0.04733221627399348,
           "grid_span": 0.1828480741047434,
           "initial_eprice_ema_dist": -0.09736916135907571,
           "initial_qty_pct": 0.03839774296630857,
           "markup_range": 0.016587768140695434,
           "max_n_entry_orders": 10,
           "min_markup": 0.057168286154730935,
           "n_close_orders": 7,
           "secondary_allocation": 0.5685980333542103,
           "secondary_pprice_diff": 0.10790005702048706,
           "wallet_exposure_limit": 0.1}}