{"config_name": "static_grid_ETCUSDT_195days",
 "logging_level": 0,
 "long": {"auto_unstuck_ema_dist": 0.06923678283546546,
          "auto_unstuck_wallet_exposure_threshold": 0.5684286133756595,
          "backwards_tp": true,
          "ema_span_0": 4032.5277565280926,
          "ema_span_1": 3276.36968305474,
          "enabled": true,
          "eprice_exp_base": 1.4467147379966137,
          "eprice_pprice_diff": 0.02882543240285064,
          "grid_span": 0.29057835313818203,
          "initial_eprice_ema_dist": -0.06943280623798634,
          "initial_qty_pct": 0.02355864820448311,
          "markup_range": 0.024389298542200163,
          "max_n_entry_orders": 10,
          "min_markup": 0.04412642605971367,
          "n_close_orders": 9,
          "secondary_allocation": 0.34906318173083695,
          "secondary_pprice_diff": 0.339315364944712,
          "wallet_exposure_limit": 0.1},
 "short": {"auto_unstuck_ema_dist": 0.06682265853092115,
           "auto_unstuck_wallet_exposure_threshold": 0.8184116137301406,
           "backwards_tp": true,
           "ema_span_0": 2964.241391173278,
           "ema_span_1": 2951.0836491103814,
           "enabled": true,
           "eprice_exp_base": 1.8259528102832623,
           "eprice_pprice_diff": 0.02693599543011347,
           "grid_span": 0.27809986692793404,
           "initial_eprice_ema_dist": -0.08838778164432792,
           "initial_qty_pct": 0.03458439515518007,
           "markup_range": 0.037708232492214444,
           "max_n_entry_orders": 10,
           "min_markup": 0.05599605811561501,
           "n_close_orders": 9,
           "secondary_allocation": 0.10342073765008722,
           "secondary_pprice_diff": 0.49852548378139167,
           "wallet_exposure_limit": 0.1}}