{"config_name": "static_grid_ETCUSDT_216days",
 "logging_level": 0,
 "long": {"auto_unstuck_ema_dist": 0.04722096930018652,
          "auto_unstuck_wallet_exposure_threshold": 0.2049839676801066,
          "backwards_tp": true,
          "ema_span_0": 1840.9001359966173,
          "ema_span_1": 2472.986052760735,
          "enabled": true,
          "eprice_exp_base": 1.5714584068863393,
          "eprice_pprice_diff": 0.037255759152628624,
          "grid_span": 0.12514949935657524,
          "initial_eprice_ema_dist": -0.005429592242692065,
          "initial_qty_pct": 0.013154711009026352,
          "markup_range": 0.028868725332731774,
          "max_n_entry_orders": 13,
          "min_markup": 0.02,
          "n_close_orders": 11,
          "secondary_allocation": 0.4818216187520337,
          "secondary_pprice_diff": 0.18170644828169524,
          "wallet_exposure_limit": 0.1},
 "short": {"auto_unstuck_ema_dist": 0.0004422458358111335,
           "auto_unstuck_wallet_exposure_threshold": 0.5617916646355317,
           "backwards_tp": true,
           "ema_span_0": 3888.6272629474615,
           "ema_span_1": 9528.797887136638,
           "enabled": true,
           "eprice_exp_base": 1.8772047511735717,
           "eprice_pprice_diff": 0.029393886964901254,
           "grid_span": 0.6907421413944178,
           "initial_eprice_ema_dist": -0.008737911644839948,
           "initial_qty_pct": 0.007092058844824163,
           "markup_range": 0.03571280108674262,
           "max_n_entry_orders": 10,
           "min_markup": 0.018084773532919225,
           "n_close_orders": 13,
           "secondary_allocation": 0.7,
           "secondary_pprice_diff": 0.2829969956539918,
           "wallet_exposure_limit": 0.1}}