{"config_name": "static_grid_ETCUSDT_189days",
 "logging_level": 0,
 "long": {"auto_unstuck_ema_dist": 0.09297517557053656,
          "auto_unstuck_wallet_exposure_threshold": 0.4487366329020135,
          "backwards_tp": true,
          "ema_span_0": 3608.3130200796245,
          "ema_span_1": 3972.075271452844,
          "enabled": true,
          "eprice_exp_base": 1.7203732781090173,
          "eprice_pprice_diff": 0.042267436560012236,
          "grid_span": 0.4309863843503414,
          "initial_eprice_ema_dist": -0.005478911996507538,
          "initial_qty_pct": 0.011591846418948046,
          "markup_range": 0.06,
          "max_n_entry_orders": 10,
          "min_markup": 0.06,
          "n_close_orders": 25,
          "secondary_allocation": 0.29784951093773127,
          "secondary_pprice_diff": 0.05417802735950037,
          "wallet_exposure_limit": 0.1},
 "short": {"auto_unstuck_ema_dist": 0.01024945853596482,
           "auto_unstuck_wallet_exposure_threshold": 0,
           "backwards_tp": true,
           "ema_span_0": 1378.1457168230895,
           "ema_span_1": 3450.3454650042327,
           "enabled": true,
           "eprice_exp_base": 2.006051087740504,
           "eprice_pprice_diff": 0.029757013695440378,
           "grid_span": 0.16880740113699425,
           "initial_eprice_ema_dist": -0.09877909937273109,
           "initial_qty_pct": 0.024292696551431705,
           "markup_range": 0.052225481260941814,
           "max_n_entry_orders": 10,
           "min_markup": 0.05086131691051244,
           "n_close_orders": 20,
           "secondary_allocation": 0.05491660082290888,
           "secondary_pprice_diff": 0.05,
           "wallet_exposure_limit": 0.1}}