{"config_name": "static_grid_ETCUSDT_266days",
 "logging_level": 0,
 "long": {"auto_unstuck_ema_dist": 0.007346331046990784,
          "auto_unstuck_wallet_exposure_threshold": 0.46881374041488194,
          "backwards_tp": true,
          "ema_span_0": 394.7564382313309,
          "ema_span_1": 5256.125659396796,
          "enabled": true,
          "eprice_exp_base": 1.433326357983511,
          "eprice_pprice_diff": 0.030000216174838785,
          "grid_span": 0.27300524667695064,
          "initial_eprice_ema_dist": -0.026320149365960187,
          "initial_qty_pct": 0.008215089825093929,
          "markup_range": 0.029228010286414335,
          "max_n_entry_orders": 12,
          "min_markup": 0.016811173167827757,
          "n_close_orders": 12,
          "secondary_allocation": 0.13889191090801767,
          "secondary_pprice_diff": 0.17524156185504247,
          "wallet_exposure_limit": 0.1},
 "short": {"auto_unstuck_ema_dist": 0.014664038282654532,
           "auto_unstuck_wallet_exposure_threshold": 0.5599244123716192,
           "backwards_tp": true,
           "ema_span_0": 4178.822406935666,
           "ema_span_1": 7607.1902146918055,
           "enabled": true,
           "eprice_exp_base": 1.4394208794333703,
           "eprice_pprice_diff": 0.040878877682685166,
           "grid_span": 0.5321142375837166,
           "initial_eprice_ema_dist": -0.012011657939836926,
           "initial_qty_pct": 0.007,
           "markup_range": 0.03765085367396015,
           "max_n_entry_orders": 12,
           "min_markup": 0.019132347079877488,
           "n_close_orders": 8,
           "secondary_allocation": 0.6933557690079415,
           "secondary_pprice_diff": 0.36239045269612274,
           "wallet_exposure_limit": 0.1}}