{"config_name": "static_grid_ETCUSDT_341days",
 "logging_level": 0,
 "long": {"auto_unstuck_ema_dist": 0.02202896374919614,
          "auto_unstuck_wallet_exposure_threshold": 0.5060585165406961,
          "backwards_tp": true,
          "ema_span_0": 1259.1795635943763,
          "ema_span_1": 3555.260523094175,
          "enabled": true,
          "eprice_exp_base": 1.1511525040093915,
          "eprice_pprice_diff": 0.03399123760472886,
          "grid_span": 0.2554344210399224,
          "initial_eprice_ema_dist": -0.005551127364827213,
          "initial_qty_pct": 0.007010555019902171,
          "markup_range": 0.031052538798089984,
          "max_n_entry_orders": 8,
          "min_markup": 0.0179553590934128,
          "n_close_orders": 18,
          "secondary_allocation": 0.6524790510041287,
          "secondary_pprice_diff": 0.05465404649471186,
          "wallet_exposure_limit": 0.1},
 "short": {"auto_unstuck_ema_dist": 0.005108221551180014,
           "auto_unstuck_wallet_exposure_threshold": 0.35088296334274716,
           "backwards_tp": true,
           "ema_span_0": 4308.296471608127,
           "ema_span_1": 9730.199420787976,
           "enabled": true,
           "eprice_exp_base": 1.8099496862842295,
           "eprice_pprice_diff": 0.027031573471367788,
           "grid_span": 0.5173104969894365,
           "initial_eprice_ema_dist": -0.031933289286990664,
           "initial_qty_pct": 0.007363490578749315,
           "markup_range": 0.03307771676253688,
           "max_n_entry_orders": 7,
           "min_markup": 0.018734763512818577,
           "n_close_orders": 7,
           "secondary_allocation": 0.7,
           "secondary_pprice_diff": 0.3904479563674418,
           "wallet_exposure_limit": 0.1}}