{"config_name": "static_grid_ETCUSDT_308days",
 "logging_level": 0,
 "long": {"auto_unstuck_ema_dist": 0.08942234654258653,
          "auto_unstuck_wallet_exposure_threshold": 0.5470190578852729,
          "backwards_tp": true,
          "ema_span_0": 3035.0866923345316,
          "ema_span_1": 3435.649690209761,
          "enabled": true,
          "eprice_exp_base": 1.2214622481398403,
          "eprice_pprice_diff": 0.035310093081512124,
          "grid_span": 0.2599554982348321,
          "initial_eprice_ema_dist": -0.005589255782288561,
          "initial_qty_pct": 0.007056063979711399,
          "markup_range": 0.029988356509717397,
          "max_n_entry_orders": 10,
          "min_markup": 0.02,
          "n_close_orders": 15,
          "secondary_allocation": 0.4543060348256008,
          "secondary_pprice_diff": 0.087896557274643,
          "wallet_exposure_limit": 0.1},
 "short": {"auto_unstuck_ema_dist": 0.00583169875774443,
           "auto_unstuck_wallet_exposure_threshold": 0.5891527020522899,
           "backwards_tp": true,
           "ema_span_0": 3930.6699015337313,
           "ema_span_1": 6633.069433624845,
           "enabled": true,
           "eprice_exp_base": 1.6571806375604174,
           "eprice_pprice_diff": 0.03302386160342686,
           "grid_span": 0.5442731004495563,
           "initial_eprice_ema_dist": -0.01852776692830939,
           "initial_qty_pct": 0.007,
           "markup_range": 0.03968826056853816,
           "max_n_entry_orders": 12,
           "min_markup": 0.019970519973746145,
           "n_close_orders": 5,
           "secondary_allocation": 0.6860877388151051,
           "secondary_pprice_diff": 0.3584687498190167,
           "wallet_exposure_limit": 0.1}}