{"config_name": "static_grid_ETCUSDT_281days",
 "logging_level": 0,
 "long": {"auto_unstuck_ema_dist": 0.09678127502788593,
          "auto_unstuck_wallet_exposure_threshold": 0.22735126219052476,
          "backwards_tp": true,
          "ema_span_0": 4008.0646724227317,
          "ema_span_1": 3984.6993962480437,
          "enabled": true,
          "eprice_exp_base": 1.0722027806536836,
          "eprice_pprice_diff": 0.03210614374732851,
          "grid_span": 0.26322150907124575,
          "initial_eprice_ema_dist": -0.013445262212321419,
          "initial_qty_pct": 0.008189126308777155,
          "markup_range": 0.022949355812346105,
          "max_n_entry_orders": 13,
          "min_markup": 0.019115530896178252,
          "n_close_orders": 8,
          "secondary_allocation": 0.6391851686464889,
          "secondary_pprice_diff": 0.0787287288273953,
          "wallet_exposure_limit": 0.1},
 "short": {"auto_unstuck_ema_dist": 0.009832631311074229,
           "auto_unstuck_wallet_exposure_threshold": 0.5835997511855275,
           "backwards_tp": true,
           "ema_span_0": 4320,
           "ema_span_1": 7098.528050771666,
           "enabled": true,
           "eprice_exp_base": 1.4148800644995458,
           "eprice_pprice_diff": 0.045630743923311456,
           "grid_span": 0.5238290773708006,
           "initial_eprice_ema_dist": -0.01031502693559098,
           "initial_qty_pct": 0.007,
           "markup_range": 0.03893191147402587,
           "max_n_entry_orders": 12,
           "min_markup": 0.019307531906207123,
           "n_close_orders": 6,
           "secondary_allocation": 0.7,
           "secondary_pprice_diff": 0.3548006552295064,
           "wallet_exposure_limit": 0.1}}