{"config_name": "static_grid_ETCUSDT_235days",
 "logging_level": 0,
 "long": {"auto_unstuck_ema_dist": 0.04086515543300487,
          "auto_unstuck_wallet_exposure_threshold": 0.5786072492139579,
          "backwards_tp": true,
          "ema_span_0": 1784.1841298654238,
          "ema_span_1": 3476.048100722494,
          "enabled": true,
          "eprice_exp_base": 1.1283275069279661,
          "eprice_pprice_diff": 0.02846238187721902,
          "grid_span": 0.2665864387282746,
          "initial_eprice_ema_dist": -0.017063884646367766,
          "initial_qty_pct": 0.00824954719648587,
          "markup_range": 0.016905590910613038,
          "max_n_entry_orders": 11,
          "min_markup": 0.003341436286302234,
          "n_close_orders": 17,
          "secondary_allocation": 0.16140607286253913,
          "secondary_pprice_diff": 0.18835883977024256,
          "wallet_exposure_limit": 0.1},
 "short": {"auto_unstuck_ema_dist": 0.0017310964064824687,
           "auto_unstuck_wallet_exposure_threshold": 0.027514068393790336,
           "backwards_tp": true,
           "ema_span_0": 479.5832670247676,
           "ema_span_1": 2691.4410654452918,
           "enabled": true,
           "eprice_exp_base": 1.978987070586381,
           "eprice_pprice_diff": 0.007356388811338624,
           "grid_span": 0.6362390208260568,
           "initial_eprice_ema_dist": -0.08594335302781686,
           "initial_qty_pct": 0.013276851331615037,
           "markup_range": 0.03843566900828706,
           "max_n_entry_orders": 13,
           "min_markup": 0.02,
           "n_close_orders": 15,
           "secondary_allocation": 0.6093682007328379,
           "secondary_pprice_diff": 0.44596365073275007,
           "wallet_exposure_limit": 0.1}}