{"config_name": "static_grid_ETCUSDT_212days",
 "logging_level": 0,
 "long": {"auto_unstuck_ema_dist": 0.09391848363564863,
          "auto_unstuck_wallet_exposure_threshold": 0.03326719694480078,
          "backwards_tp": true,
          "ema_span_0": 772.7421913924968,
          "ema_span_1": 4328.798563098175,
          "enabled": true,
          "eprice_exp_base": 1.7003248376940672,
          "eprice_pprice_diff": 0.010767466693219704,
          "grid_span": 0.4341978538044732,
          "initial_eprice_ema_dist": -0.012167606794213607,
          "initial_qty_pct": 0.010352517504312455,
          "markup_range": 0.05607106899259885,
          "max_n_entry_orders": 10,
          "min_markup": 0.05951852860093139,
          "n_close_orders": 16,
          "secondary_allocation": 0.24372945868677567,
          "secondary_pprice_diff": 0.13367940131808345,
          "wallet_exposure_limit": 0.1},
 "short": {"auto_unstuck_ema_dist": 0.06357538143452675,
           "auto_unstuck_wallet_exposure_threshold": 0.7416124016179633,
           "backwards_tp": true,
           "ema_span_0": 2963.2871333007106,
           "ema_span_1": 2904.9234463603775,
           "enabled": true,
           "eprice_exp_base": 1.6263934308636983,
           "eprice_pprice_diff": 0.0465500960870053,
           "grid_span": 0.14865117988113785,
           "initial_eprice_ema_dist": -0.0946607231266126,
           "initial_qty_pct": 0.042726421280267664,
           "markup_range": 0.009685132638892806,
           "max_n_entry_orders": 10,
           "min_markup": 0.05740291286939908,
           "n_close_orders": 14,
           "secondary_allocation": 0.23026142247925405,
           "secondary_pprice_diff": 0.18631067139876284,
           "wallet_exposure_limit": 0.1}}