{"config_name": "static_grid_ETCUSDT_160days",
 "logging_level": 0,
 "long": {"auto_unstuck_ema_dist": 0.05033865175951701,
          "auto_unstuck_wallet_exposure_threshold": 0.621251877138007,
          "backwards_tp": true,
          "ema_span_0": 2176.8880418298463,
          "ema_span_1": 4996.744445563819,
          "enabled": true,
          "eprice_exp_base": 1.2703789019124716,
          "eprice_pprice_diff": 0.02605853949975613,
          "grid_span": 0.4382547622010315,
          "initial_eprice_ema_dist": -0.01824743154823793,
          "initial_qty_pct": 0.039966439595960544,
          "markup_range": 0.05463910460903405,
          "max_n_entry_orders": 10,
          "min_markup": 0.05942198625650989,
          "n_close_orders": 26,
          "secondary_allocation": 0.34861205542577106,
          "secondary_pprice_diff": 0.11221034662569315,
          "wallet_exposure_limit": 0.1},
 "short": {"auto_unstuck_ema_dist": 0.07119690926232684,
           "auto_unstuck_wallet_exposure_threshold": 0,
           "backwards_tp": true,
           "ema_span_0": 2335.714589390771,
           "ema_span_1": 2249.0868751842563,
           "enabled": true,
           "eprice_exp_base": 1.9574495886259178,
           "eprice_pprice_diff": 0.03263319328295412,
           "grid_span": 0.1607708681387729,
           "initial_eprice_ema_dist": -0.09620594377632498,
           "initial_qty_pct": 0.038444672377731984,
           "markup_range": 0.05335151401093597,
           "max_n_entry_orders": 10,
           "min_markup": 0.04996220507562514,
           "n_close_orders": 24,
           "secondary_allocation": 0.06815089632431455,
           "secondary_pprice_diff": 0.05,
           "wallet_exposure_limit": 0.1}}