{"config_name": "static_grid_ETCUSDT_177days",
 "logging_level": 0,
 "long": {"auto_unstuck_ema_dist": 0.09808342271935164,
          "auto_unstuck_wallet_exposure_threshold": 0.070804940934038,
          "backwards_tp": true,
          "ema_span_0": 1381.852415807447,
          "ema_span_1": 5262.79569477601,
          "enabled": true,
          "eprice_exp_base": 1,
          "eprice_pprice_diff": 0.01730258459780479,
          "grid_span": 0.2565173022594299,
          "initial_eprice_ema_dist": -0.01876025831561509,
          "initial_qty_pct": 0.020956367119091164,
          "markup_range": 0.05372186290994531,
          "max_n_entry_orders": 10,
          "min_markup": 0.05764184612948019,
          "n_close_orders": 28,
          "secondary_allocation": 0.3747927091103239,
          "secondary_pprice_diff": 0.32281302681447066,
          "wallet_exposure_limit": 0.1},
 "short": {"auto_unstuck_ema_dist": 0,
           "auto_unstuck_wallet_exposure_threshold": 0.5908166937741588,
           "backwards_tp": true,
           "ema_span_0": 3520.026780431147,
           "ema_span_1": 9846.768102552489,
           "enabled": true,
           "eprice_exp_base": 1.45486704418432,
           "eprice_pprice_diff": 0.024249989314550975,
           "grid_span": 0.6894605772806752,
           "initial_eprice_ema_dist": -0.022632835457834573,
           "initial_qty_pct": 0.022573855112363456,
           "markup_range": 0.007404777820182153,
           "max_n_entry_orders": 10,
           "min_markup": 0.04097889137509512,
           "n_close_orders": 28,
           "secondary_allocation": 0.6761739124874839,
           "secondary_pprice_diff": 0.49273775250822804,
           "wallet_exposure_limit": 0.1}}