{"config_name": "static_grid_ETCUSDT_223days",
 "logging_level": 0,
 "long": {"auto_unstuck_ema_dist": 0.09543203460940147,
          "auto_unstuck_wallet_exposure_threshold": 0.5384253115978279,
          "backwards_tp": true,
          "ema_span_0": 3582.584512151037,
          "ema_span_1": 6370.597864917292,
          "enabled": true,
          "eprice_exp_base": 1.3209023410534058,
          "eprice_pprice_diff": 0.03434754914814478,
          "grid_span": 0.2514572780540088,
          "initial_eprice_ema_dist": -0.00636217533077213,
          "initial_qty_pct": 0.007,
          "markup_range": 0.03248800980398807,
          "max_n_entry_orders": 10,
          "min_markup": 0.011984745965455415,
          "n_close_orders": 19,
          "secondary_allocation": 0.4421627719486668,
          "secondary_pprice_diff": 0.07061272348043128,
          "wallet_exposure_limit": 0.1},
 "short": {"auto_unstuck_ema_dist": 0.00216572356306806,
           "auto_unstuck_wallet_exposure_threshold": 0.5450571105901663,
           "backwards_tp": true,
           "ema_span_0": 4047.7854216370856,
           "ema_span_1": 6172.255646482577,
           "enabled": true,
           "eprice_exp_base": 1.3385193633658488,
           "eprice_pprice_diff": 0.028305764580386753,
           "grid_span": 0.7,
           "initial_eprice_ema_dist": -0.01362372469603386,
           "initial_qty_pct": 0.007,
           "markup_range": 0.03021183508183118,
           "max_n_entry_orders": 12,
           "min_markup": 0.017388539051688984,
           "n_close_orders": 8,
           "secondary_allocation": 0.7,
           "secondary_pprice_diff": 0.34127176250500885,
           "wallet_exposure_limit": 0.1}}