{"config_name": "static_grid_ETCUSDT_290days",
 "logging_level": 0,
 "long": {"auto_unstuck_ema_dist": 0.06697950670867055,
          "auto_unstuck_wallet_exposure_threshold": 0.20580257966840693,
          "backwards_tp": true,
          "ema_span_0": 2626.3512175724427,
          "ema_span_1": 2204.3405429635013,
          "enabled": true,
          "eprice_exp_base": 1.1752101937181556,
          "eprice_pprice_diff": 0.037754077301221385,
          "grid_span": 0.14865772960042997,
          "initial_eprice_ema_dist": -0.0061513177448049225,
          "initial_qty_pct": 0.010430600765717526,
          "markup_range": 0.03539352676752288,
          "max_n_entry_orders": 12,
          "min_markup": 0.01438148684983044,
          "n_close_orders": 19,
          "secondary_allocation": 0.38362744974198937,
          "secondary_pprice_diff": 0.15766203424913108,
          "wallet_exposure_limit": 0.1},
 "short": {"auto_unstuck_ema_dist": 0.007197493341697426,
           "auto_unstuck_wallet_exposure_threshold": 0.5415566799277814,
           "backwards_tp": true,
           "ema_span_0": 4301.559096047467,
           "ema_span_1": 8982.501897090067,
           "enabled": true,
           "eprice_exp_base": 1.5951971855845108,
           "eprice_pprice_diff": 0.034445807017292836,
           "grid_span": 0.5267967841510708,
           "initial_eprice_ema_dist": -0.01531337268662992,
           "initial_qty_pct": 0.007,
           "markup_range": 0.03868335637523937,
           "max_n_entry_orders": 11,
           "min_markup": 0.01805549573543729,
           "n_close_orders": 6,
           "secondary_allocation": 0.7,
           "secondary_pprice_diff": 0.3685103960795411,
           "wallet_exposure_limit": 0.1}}