{"config_name": "static_grid_FILUSDT_176days",
 "logging_level": 0,
 "long": {"auto_unstuck_ema_dist": 0.04080035379984799,
          "auto_unstuck_wallet_exposure_threshold": 0.533908520510287,
          "backwards_tp": true,
          "ema_span_0": 4304.822736587315,
          "ema_span_1": 2787.359133951121,
          "enabled": true,
          "eprice_exp_base": 1.109688233716995,
          "eprice_pprice_diff": 0.04649135810816916,
          "grid_span": 0.37232950294181366,
          "initial_eprice_ema_dist": -0.06030149043571568,
          "initial_qty_pct": 0.01,
          "markup_range": 0.03134680239582349,
          "max_n_entry_orders": 10,
          "min_markup": 0.031714350377695794,
          "n_close_orders": 5,
          "secondary_allocation": 0.20757553895292255,
          "secondary_pprice_diff": 0.30534576936279445,
          "wallet_exposure_limit": 0.1},
 "short": {"auto_unstuck_ema_dist": 0.07909170398324507,
           "auto_unstuck_wallet_exposure_threshold": 0.5991761376245709,
           "backwards_tp": true,
           "ema_span_0": 961.1217632402685,
           "ema_span_1": 2540.905812763555,
           "enabled": true,
           "eprice_exp_base": 2.1,
           "eprice_pprice_diff": 0.0070218484953302835,
           "grid_span": 0.11810627328300605,
           "initial_eprice_ema_dist": -0.09320534933245861,
           "initial_qty_pct": 0.04789365191589673,
           "markup_range": 0.023477065956702764,
           "max_n_entry_orders": 10,
           "min_markup": 0.06,
           "n_close_orders": 10,
           "secondary_allocation": 0.11050048485470688,
           "secondary_pprice_diff": 0.41724667832646806,
           "wallet_exposure_limit": 0.1}}