{"config_name": "static_grid_FILUSDT_188days",
 "logging_level": 0,
 "long": {"auto_unstuck_ema_dist": 0.07712141748193825,
          "auto_unstuck_wallet_exposure_threshold": 0.383266490932471,
          "backwards_tp": true,
          "ema_span_0": 1894.4574595328565,
          "ema_span_1": 2753.5485052956765,
          "enabled": true,
          "eprice_exp_base": 1.193014308501265,
          "eprice_pprice_diff": 0.03718844353087419,
          "grid_span": 0.3039627917613389,
          "initial_eprice_ema_dist": -0.050941106529928254,
          "initial_qty_pct": 0.013673405461097821,
          "markup_range": 0.013499372705346277,
          "max_n_entry_orders": 10,
          "min_markup": 0.05789739427289983,
          "n_close_orders": 9,
          "secondary_allocation": 0.007017110731021735,
          "secondary_pprice_diff": 0.26267623498891435,
          "wallet_exposure_limit": 0.1},
 "short": {"auto_unstuck_ema_dist": 0.08143618515971565,
           "auto_unstuck_wallet_exposure_threshold": 0.2641059577494921,
           "backwards_tp": true,
           "ema_span_0": 1282.6522895652945,
           "ema_span_1": 1482.4345751036444,
           "enabled": true,
           "eprice_exp_base": 1.6163893715402524,
           "eprice_pprice_diff": 0.012028605948864709,
           "grid_span": 0.12342697245242513,
           "initial_eprice_ema_dist": -0.1,
           "initial_qty_pct": 0.04164283184445447,
           "markup_range": 0.018990902844155423,
           "max_n_entry_orders": 10,
           "min_markup": 0.055980363855876146,
           "n_close_orders": 14,
           "secondary_allocation": 0,
           "secondary_pprice_diff": 0.09767639271693546,
           "wallet_exposure_limit": 0.1}}