{"config_name": "static_grid_FILUSDT_236days",
 "logging_level": 0,
 "long": {"auto_unstuck_ema_dist": 0.06425975014237763,
          "auto_unstuck_wallet_exposure_threshold": 0.1789291449369253,
          "backwards_tp": true,
          "ema_span_0": 3780.0806004974716,
          "ema_span_1": 7643.4057584096945,
          "enabled": true,
          "eprice_exp_base": 1.2493342614026886,
          "eprice_pprice_diff": 0.016397008631720455,
          "grid_span": 0.3102294926296091,
          "initial_eprice_ema_dist": -0.046617183661659956,
          "initial_qty_pct": 0.0070569617796017595,
          "markup_range": 0.013720785991865006,
          "max_n_entry_orders": 11,
          "min_markup": 0.010813031478459632,
          "n_close_orders": 12,
          "secondary_allocation": 0.06416306236245291,
          "secondary_pprice_diff": 0.3922934209345966,
          "wallet_exposure_limit": 0.1},
 "short": {"auto_unstuck_ema_dist": 0.0996377765214177,
           "auto_unstuck_wallet_exposure_threshold": 0.08310170528927678,
           "backwards_tp": true,
           "ema_span_0": 120,
           "ema_span_1": 885.305997865669,
           "enabled": true,
           "eprice_exp_base": 1.181888973721477,
           "eprice_pprice_diff": 0.010426733252278417,
           "grid_span": 0.6556645302838692,
           "initial_eprice_ema_dist": -0.0759055155245687,
           "initial_qty_pct": 0.007,
           "markup_range": 0.03543348827631585,
           "max_n_entry_orders": 12,
           "min_markup": 0.02,
           "n_close_orders": 6,
           "secondary_allocation": 0.4525269855657216,
           "secondary_pprice_diff": 0.4382338050935613,
           "wallet_exposure_limit": 0.1}}