{"config_name": "static_grid_FILUSDT_229days",
 "logging_level": 0,
 "long": {"auto_unstuck_ema_dist": 0.02621794033933489,
          "auto_unstuck_wallet_exposure_threshold": 0.4828289370830084,
          "backwards_tp": true,
          "ema_span_0": 4110.87814816536,
          "ema_span_1": 7479.98610626411,
          "enabled": true,
          "eprice_exp_base": 1.1242656437371823,
          "eprice_pprice_diff": 0.006731385773962236,
          "grid_span": 0.25979666742959145,
          "initial_eprice_ema_dist": -0.007160959737486011,
          "initial_qty_pct": 0.007008475175211645,
          "markup_range": 0.0062737368882656895,
          "max_n_entry_orders": 12,
          "min_markup": 0.007948020188628167,
          "n_close_orders": 19,
          "secondary_allocation": 0.024707370604758576,
          "secondary_pprice_diff": 0.1016003551309958,
          "wallet_exposure_limit": 0.1},
 "short": {"auto_unstuck_ema_dist": 0.03858500795994321,
           "auto_unstuck_wallet_exposure_threshold": 0.013808129396643654,
           "backwards_tp": true,
           "ema_span_0": 443.52214862657263,
           "ema_span_1": 120,
           "enabled": true,
           "eprice_exp_base": 1.3032862430422631,
           "eprice_pprice_diff": 0.008047574180617658,
           "grid_span": 0.5103066726255449,
           "initial_eprice_ema_dist": -0.03048224288618735,
           "initial_qty_pct": 0.007493560697376279,
           "markup_range": 0.039725923791981074,
           "max_n_entry_orders": 12,
           "min_markup": 0.016398365795481158,
           "n_close_orders": 7,
           "secondary_allocation": 0.5200421579656763,
           "secondary_pprice_diff": 0.46678365412771466,
           "wallet_exposure_limit": 0.1}}