{"config_name": "static_grid_FILUSDT_234days",
 "logging_level": 0,
 "long": {"auto_unstuck_ema_dist": 0.011747054374738757,
          "auto_unstuck_wallet_exposure_threshold": 0.10038253871684995,
          "backwards_tp": true,
          "ema_span_0": 3738.5313776921826,
          "ema_span_1": 3319.432867116554,
          "enabled": true,
          "eprice_exp_base": 1.2514358176032592,
          "eprice_pprice_diff": 0.015301981367597743,
          "grid_span": 0.3117774366876029,
          "initial_eprice_ema_dist": -0.09072691293182378,
          "initial_qty_pct": 0.0076609603987105295,
          "markup_range": 0.00011429480330247621,
          "max_n_entry_orders": 12,
          "min_markup": 0.01654348872467353,
          "n_close_orders": 6,
          "secondary_allocation": 0.05428052947077425,
          "secondary_pprice_diff": 0.37204297818436327,
          "wallet_exposure_limit": 0.1},
 "short": {"auto_unstuck_ema_dist": 0.06242079430251958,
           "auto_unstuck_wallet_exposure_threshold": 0.2236574419009016,
           "backwards_tp": true,
           "ema_span_0": 2108.0953483722683,
           "ema_span_1": 9077.537711529838,
           "enabled": true,
           "eprice_exp_base": 1.4930762454923134,
           "eprice_pprice_diff": 0.025625984615970113,
           "grid_span": 0.28837744167476403,
           "initial_eprice_ema_dist": -0.06806918979030832,
           "initial_qty_pct": 0.008605809446320214,
           "markup_range": 0.0069383877953980355,
           "max_n_entry_orders": 12,
           "min_markup": 0.01762867431936419,
           "n_close_orders": 8,
           "secondary_allocation": 0.6622341003094285,
           "secondary_pprice_diff": 0.07674043676821002,
           "wallet_exposure_limit": 0.1}}