{"config_name": "static_grid_FILUSDT_221days",
 "logging_level": 0,
 "long": {"auto_unstuck_ema_dist": 0.02981337986650029,
          "auto_unstuck_wallet_exposure_threshold": 0.44578155189407404,
          "backwards_tp": true,
          "ema_span_0": 1926.0598233082453,
          "ema_span_1": 9294.28598938095,
          "enabled": true,
          "eprice_exp_base": 1.1673028142341135,
          "eprice_pprice_diff": 0.018967356589619528,
          "grid_span": 0.2808586990292786,
          "initial_eprice_ema_dist": -0.00067537984189143,
          "initial_qty_pct": 0.007,
          "markup_range": 0.026953047970453742,
          "max_n_entry_orders": 13,
          "min_markup": 0.011562311433282891,
          "n_close_orders": 10,
          "secondary_allocation": 0.009746143657093883,
          "secondary_pprice_diff": 0.05754674323719616,
          "wallet_exposure_limit": 0.1},
 "short": {"auto_unstuck_ema_dist": 0.09942321265869751,
           "auto_unstuck_wallet_exposure_threshold": 0.017999973526668798,
           "backwards_tp": true,
           "ema_span_0": 990.3011591591012,
           "ema_span_1": 120,
           "enabled": true,
           "eprice_exp_base": 1.4140540548970184,
           "eprice_pprice_diff": 0.008736553417485192,
           "grid_span": 0.5942531899496818,
           "initial_eprice_ema_dist": -0.08942376909813925,
           "initial_qty_pct": 0.008391353695513378,
           "markup_range": 0.037358019900674,
           "max_n_entry_orders": 10,
           "min_markup": 0.018612114780467637,
           "n_close_orders": 13,
           "secondary_allocation": 0.43045428385965845,
           "secondary_pprice_diff": 0.4805047888589957,
           "wallet_exposure_limit": 0.1}}