{"config_name": "static_grid_FILUSDT_200days",
 "logging_level": 0,
 "long": {"auto_unstuck_ema_dist": 0.09315503642962744,
          "auto_unstuck_wallet_exposure_threshold": 0.39954514945934344,
          "backwards_tp": true,
          "ema_span_0": 1032.3759622504672,
          "ema_span_1": 7953.60221972344,
          "enabled": true,
          "eprice_exp_base": 1.1040796553192893,
          "eprice_pprice_diff": 0.019564614480320968,
          "grid_span": 0.2437915676051562,
          "initial_eprice_ema_dist": -0.003591977868253854,
          "initial_qty_pct": 0.049391424359617256,
          "markup_range": 0.030858710101220235,
          "max_n_entry_orders": 10,
          "min_markup": 0.016214322786229356,
          "n_close_orders": 13,
          "secondary_allocation": 0.15169168149699166,
          "secondary_pprice_diff": 0.32844644598333245,
          "wallet_exposure_limit": 0.1},
 "short": {"auto_unstuck_ema_dist": 0.06886916851603295,
           "auto_unstuck_wallet_exposure_threshold": 0.5617392676821371,
           "backwards_tp": true,
           "ema_span_0": 579.8569229105011,
           "ema_span_1": 1911.1322989091036,
           "enabled": true,
           "eprice_exp_base": 1.347886198547985,
           "eprice_pprice_diff": 0.004791506907261536,
           "grid_span": 0.131279740761341,
           "initial_eprice_ema_dist": -0.08490057609551752,
           "initial_qty_pct": 0.021775499711783112,
           "markup_range": 0.03761271748232775,
           "max_n_entry_orders": 10,
           "min_markup": 0.0561904348069171,
           "n_close_orders": 21,
           "secondary_allocation": 0.009424351280479462,
           "secondary_pprice_diff": 0.4395390557688374,
           "wallet_exposure_limit": 0.1}}