{"config_name": "static_grid_FILUSDT_290days",
 "logging_level": 0,
 "long": {"auto_unstuck_ema_dist": 0.08243887237072085,
          "auto_unstuck_wallet_exposure_threshold": 0.4667301463381959,
          "backwards_tp": true,
          "ema_span_0": 839.3030395384309,
          "ema_span_1": 540.7538210586733,
          "enabled": true,
          "eprice_exp_base": 1.4769385927216274,
          "eprice_pprice_diff": 0.014427995502368587,
          "grid_span": 0.3078724276139031,
          "initial_eprice_ema_dist": -0.005516790391155242,
          "initial_qty_pct": 0.007,
          "markup_range": 0.004683746495914174,
          "max_n_entry_orders": 13,
          "min_markup": 0.019256327517901572,
          "n_close_orders": 9,
          "secondary_allocation": 0,
          "secondary_pprice_diff": 0.36494354751500996,
          "wallet_exposure_limit": 0.1},
 "short": {"auto_unstuck_ema_dist": 0.06640380673939916,
           "auto_unstuck_wallet_exposure_threshold": 0.16417497370068795,
           "backwards_tp": true,
           "ema_span_0": 1791.8783633639814,
           "ema_span_1": 6833.348471049155,
           "enabled": true,
           "eprice_exp_base": 1.1230960160036048,
           "eprice_pprice_diff": 0.02751229455192579,
           "grid_span": 0.21341760205035798,
           "initial_eprice_ema_dist": -0.053112714298097594,
           "initial_qty_pct": 0.007,
           "markup_range": 0.020989526099564518,
           "max_n_entry_orders": 13,
           "min_markup": 0.01715532246623766,
           "n_close_orders": 17,
           "secondary_allocation": 0.46572069793215365,
           "secondary_pprice_diff": 0.4669275700417151,
           "wallet_exposure_limit": 0.1}}