{"config_name": "static_grid_FILUSDT_339days",
 "logging_level": 0,
 "long": {"auto_unstuck_ema_dist": 0.08751902950486037,
          "auto_unstuck_wallet_exposure_threshold": 0.14159869050313292,
          "backwards_tp": true,
          "ema_span_0": 1457.4158724518188,
          "ema_span_1": 1682.905498993122,
          "enabled": true,
          "eprice_exp_base": 1.236248657414158,
          "eprice_pprice_diff": 0.02056127239191929,
          "grid_span": 0.2346734778161575,
          "initial_eprice_ema_dist": -0.012941651725498094,
          "initial_qty_pct": 0.007,
          "markup_range": 0.013495067008261655,
          "max_n_entry_orders": 11,
          "min_markup": 0.00925795111117651,
          "n_close_orders": 12,
          "secondary_allocation": 0.17601199125176348,
          "secondary_pprice_diff": 0.3141693579483581,
          "wallet_exposure_limit": 0.1},
 "short": {"auto_unstuck_ema_dist": 0.04970133213595415,
           "auto_unstuck_wallet_exposure_threshold": 0.07691310160566434,
           "backwards_tp": true,
           "ema_span_0": 1029.492358780425,
           "ema_span_1": 9401.801011702026,
           "enabled": true,
           "eprice_exp_base": 1.3629900608245955,
           "eprice_pprice_diff": 0.025213476466780474,
           "grid_span": 0.6010759126917334,
           "initial_eprice_ema_dist": -0.007134064251956979,
           "initial_qty_pct": 0.007,
           "markup_range": 0.033738896018958194,
           "max_n_entry_orders": 9,
           "min_markup": 0.01887042531536506,
           "n_close_orders": 10,
           "secondary_allocation": 0.6759541315414141,
           "secondary_pprice_diff": 0.1536234587693672,
           "wallet_exposure_limit": 0.1}}