{"config_name": "static_grid_FILUSDT_194days",
 "logging_level": 0,
 "long": {"auto_unstuck_ema_dist": 0.08005082441816727,
          "auto_unstuck_wallet_exposure_threshold": 0.010388679595832895,
          "backwards_tp": true,
          "ema_span_0": 732.5501684707668,
          "ema_span_1": 6981.718946910822,
          "enabled": true,
          "eprice_exp_base": 1.3028424036378026,
          "eprice_pprice_diff": 0.014147013771934844,
          "grid_span": 0.26977225582665526,
          "initial_eprice_ema_dist": 0,
          "initial_qty_pct": 0.03885983754889505,
          "markup_range": 0.013477957040087439,
          "max_n_entry_orders": 10,
          "min_markup": 0.020908322725152313,
          "n_close_orders": 13,
          "secondary_allocation": 0.002842795487943219,
          "secondary_pprice_diff": 0.3725481848060842,
          "wallet_exposure_limit": 0.1},
 "short": {"auto_unstuck_ema_dist": 0.07661727763862966,
           "auto_unstuck_wallet_exposure_threshold": 0.7610276138158486,
           "backwards_tp": true,
           "ema_span_0": 2694.7877301304047,
           "ema_span_1": 1440,
           "enabled": true,
           "eprice_exp_base": 1.1158411966993207,
           "eprice_pprice_diff": 0.00652022923709684,
           "grid_span": 0.17326977368306756,
           "initial_eprice_ema_dist": -0.09443877191341424,
           "initial_qty_pct": 0.03364060705642766,
           "markup_range": 0.04883097766182239,
           "max_n_entry_orders": 10,
           "min_markup": 0.0567679727546603,
           "n_close_orders": 20,
           "secondary_allocation": 0.29029982387072173,
           "secondary_pprice_diff": 0.2398978186675791,
           "wallet_exposure_limit": 0.1}}