{"config_name": "static_grid_FILUSDT_159days",
 "logging_level": 0,
 "long": {"auto_unstuck_ema_dist": 0.06620148632846706,
          "auto_unstuck_wallet_exposure_threshold": 0.33106176520611097,
          "backwards_tp": true,
          "ema_span_0": 4220.1605272691695,
          "ema_span_1": 10008.005757817906,
          "enabled": true,
          "eprice_exp_base": 1.1961029864596193,
          "eprice_pprice_diff": 0.03459423358917038,
          "grid_span": 0.30635085107331317,
          "initial_eprice_ema_dist": -0.016717511545985022,
          "initial_qty_pct": 0.011925264961673532,
          "markup_range": 0.037055449519098574,
          "max_n_entry_orders": 10,
          "min_markup": 0.05823472400476357,
          "n_close_orders": 26,
          "secondary_allocation": 0.6919091119738467,
          "secondary_pprice_diff": 0.18909993017545046,
          "wallet_exposure_limit": 0.1},
 "short": {"auto_unstuck_ema_dist": 0.07625946352725135,
           "auto_unstuck_wallet_exposure_threshold": 0.6591960093570653,
           "backwards_tp": true,
           "ema_span_0": 2527.365492758079,
           "ema_span_1": 1580.2745247529726,
           "enabled": true,
           "eprice_exp_base": 1.186266417035313,
           "eprice_pprice_diff": 0.00911001943657764,
           "grid_span": 0.2816058044731966,
           "initial_eprice_ema_dist": -0.07713945291706027,
           "initial_qty_pct": 0.011724374631992274,
           "markup_range": 0.047047025779528726,
           "max_n_entry_orders": 10,
           "min_markup": 0.06,
           "n_close_orders": 26,
           "secondary_allocation": 0.009750427898050706,
           "secondary_pprice_diff": 0.4622922792397807,
           "wallet_exposure_limit": 0.1}}