{"config_name": "static_grid_FILUSDT_109days",
 "logging_level": 0,
 "long": {"auto_unstuck_ema_dist": 0.05710962750673318,
          "auto_unstuck_wallet_exposure_threshold": 0.7192005618266961,
          "backwards_tp": true,
          "ema_span_0": 856.7439806660565,
          "ema_span_1": 7813.627744772734,
          "enabled": true,
          "eprice_exp_base": 1.5895848068661795,
          "eprice_pprice_diff": 0.05,
          "grid_span": 0.41304923013060396,
          "initial_eprice_ema_dist": -0.026424693430624983,
          "initial_qty_pct": 0.034997070581399836,
          "markup_range": 0.05946732365684816,
          "max_n_entry_orders": 10,
          "min_markup": 0.06,
          "n_close_orders": 13,
          "secondary_allocation": 0.6702377691633842,
          "secondary_pprice_diff": 0.09325169590351373,
          "wallet_exposure_limit": 0.1},
 "short": {"auto_unstuck_ema_dist": 0.05456373040047409,
           "auto_unstuck_wallet_exposure_threshold": 0.4863013355408675,
           "backwards_tp": true,
           "ema_span_0": 796.8115057710727,
           "ema_span_1": 2840.8485227690867,
           "enabled": true,
           "eprice_exp_base": 1.4844041555015495,
           "eprice_pprice_diff": 0.025857505782492112,
           "grid_span": 0.1,
           "initial_eprice_ema_dist": -0.09880758563638574,
           "initial_qty_pct": 0.014777112941807485,
           "markup_range": 0.014133170098924857,
           "max_n_entry_orders": 10,
           "min_markup": 0.05595198048523984,
           "n_close_orders": 21,
           "secondary_allocation": 0.024157707004513952,
           "secondary_pprice_diff": 0.43495359122961014,
           "wallet_exposure_limit": 0.1}}