{"config_name": "static_grid_FILUSDT_267days",
 "logging_level": 0,
 "long": {"auto_unstuck_ema_dist": 0.012924343022553087,
          "auto_unstuck_wallet_exposure_threshold": 0.022352812227342946,
          "backwards_tp": true,
          "ema_span_0": 3265.1582200533644,
          "ema_span_1": 3236.3858166671694,
          "enabled": true,
          "eprice_exp_base": 1.293761143353671,
          "eprice_pprice_diff": 0.02610114182987224,
          "grid_span": 0.3255322861407948,
          "initial_eprice_ema_dist": -0.05810968687463791,
          "initial_qty_pct": 0.009091894345273584,
          "markup_range": 0.04,
          "max_n_entry_orders": 13,
          "min_markup": 0.014754345130666723,
          "n_close_orders": 6,
          "secondary_allocation": 0.19720286769767043,
          "secondary_pprice_diff": 0.26331470041429983,
          "wallet_exposure_limit": 0.1},
 "short": {"auto_unstuck_ema_dist": 0.06225532189720554,
           "auto_unstuck_wallet_exposure_threshold": 0.03177979257427741,
           "backwards_tp": true,
           "ema_span_0": 4241.607612693367,
           "ema_span_1": 6905.267328723217,
           "enabled": true,
           "eprice_exp_base": 1.3503179547221806,
           "eprice_pprice_diff": 0.030201371819720123,
           "grid_span": 0.6534033568777455,
           "initial_eprice_ema_dist": -0.04625332535051248,
           "initial_qty_pct": 0.007638303890594914,
           "markup_range": 0.03179081815076315,
           "max_n_entry_orders": 11,
           "min_markup": 0.018797406191602063,
           "n_close_orders": 20,
           "secondary_allocation": 0.5281707692690427,
           "secondary_pprice_diff": 0.11091526105258491,
           "wallet_exposure_limit": 0.1}}