{"config_name": "neat_grid_FILUSDT_221days",
 "logging_level": 0,
 "long": {"auto_unstuck_ema_dist": 0.0007789554268828512,
          "auto_unstuck_wallet_exposure_threshold": 0.07970301647236357,
          "backwards_tp": true,
          "ema_span_0": 3010.3753348647606,
          "ema_span_1": 2429.339965814974,
          "enabled": true,
          "eprice_exp_base": 1.0076659591641497,
          "eqty_exp_base": 0.9750352360679478,
          "grid_span": 0.3404412893949012,
          "initial_eprice_ema_dist": -0.005242549596046209,
          "initial_qty_pct": 0.015,
          "markup_range": 0.004070741164823093,
          "max_n_entry_orders": 17,
          "min_markup": 0.002888308674317541,
          "n_close_orders": 27,
          "wallet_exposure_limit": 0.1},
 "short": {"auto_unstuck_ema_dist": 0.01947170213331812,
           "auto_unstuck_wallet_exposure_threshold": 0.011406356922499198,
           "backwards_tp": true,
           "ema_span_0": 714.1074745894344,
           "ema_span_1": 684.6450071827915,
           "enabled": true,
           "eprice_exp_base": 0.997929169453927,
           "eqty_exp_base": 3.929890605151234,
           "grid_span": 0.6951067229770643,
           "initial_eprice_ema_dist": -0.0036419175756711524,
           "initial_qty_pct": 0.015,
           "markup_range": 0.03602661635206427,
           "max_n_entry_orders": 20,
           "min_markup": 0.0024545278433501226,
           "n_close_orders": 20,
           "wallet_exposure_limit": 0.1}}