{"config_name": "static_grid_FILUSDT_281days",
 "logging_level": 0,
 "long": {"auto_unstuck_ema_dist": 0.05109623701835283,
          "auto_unstuck_wallet_exposure_threshold": 0.20230806947226804,
          "backwards_tp": true,
          "ema_span_0": 2936.5353520232416,
          "ema_span_1": 3132.1974496651633,
          "enabled": true,
          "eprice_exp_base": 1.424627019310138,
          "eprice_pprice_diff": 0.02336869932238357,
          "grid_span": 0.3261674700729917,
          "initial_eprice_ema_dist": -0.019494623093807752,
          "initial_qty_pct": 0.007398473223175785,
          "markup_range": 0.039216565244936843,
          "max_n_entry_orders": 13,
          "min_markup": 0.018541455637776826,
          "n_close_orders": 11,
          "secondary_allocation": 0.13318934824774958,
          "secondary_pprice_diff": 0.4339715056722343,
          "wallet_exposure_limit": 0.1},
 "short": {"auto_unstuck_ema_dist": 0.09819613029953288,
           "auto_unstuck_wallet_exposure_threshold": 0.4583954279129304,
           "backwards_tp": true,
           "ema_span_0": 1153.1851929465818,
           "ema_span_1": 9188.89934978018,
           "enabled": true,
           "eprice_exp_base": 1.5324745106268605,
           "eprice_pprice_diff": 0.032149415357737514,
           "grid_span": 0.6102674034530122,
           "initial_eprice_ema_dist": -0.02624481384415931,
           "initial_qty_pct": 0.007633861485995232,
           "markup_range": 0.036913526364214834,
           "max_n_entry_orders": 12,
           "min_markup": 0.016299932637099505,
           "n_close_orders": 6,
           "secondary_allocation": 0.7,
           "secondary_pprice_diff": 0.118837925596195,
           "wallet_exposure_limit": 0.1}}