{"config_name": "static_grid_FILUSDT_216days",
 "logging_level": 0,
 "long": {"auto_unstuck_ema_dist": 0.07060662396901772,
          "auto_unstuck_wallet_exposure_threshold": 0.06234196919469951,
          "backwards_tp": true,
          "ema_span_0": 1299.9030697535206,
          "ema_span_1": 6044.034193077406,
          "enabled": true,
          "eprice_exp_base": 1.1379299696729996,
          "eprice_pprice_diff": 0.02652886000170892,
          "grid_span": 0.25217109052118586,
          "initial_eprice_ema_dist": -0.021174541364073436,
          "initial_qty_pct": 0.007,
          "markup_range": 0.01824539611923948,
          "max_n_entry_orders": 13,
          "min_markup": 0.019035685770630226,
          "n_close_orders": 9,
          "secondary_allocation": 0.251564722190636,
          "secondary_pprice_diff": 0.2979881773130796,
          "wallet_exposure_limit": 0.1},
 "short": {"auto_unstuck_ema_dist": 0.09934092554762057,
           "auto_unstuck_wallet_exposure_threshold": 0.10627948039736203,
           "backwards_tp": true,
           "ema_span_0": 305.74523721646153,
           "ema_span_1": 210.62036959811957,
           "enabled": true,
           "eprice_exp_base": 1.4664075365760383,
           "eprice_pprice_diff": 0.006662664723832465,
           "grid_span": 0.6330502384772277,
           "initial_eprice_ema_dist": -0.08147392677206744,
           "initial_qty_pct": 0.007,
           "markup_range": 0.030799846963288514,
           "max_n_entry_orders": 11,
           "min_markup": 0.017986031736635568,
           "n_close_orders": 10,
           "secondary_allocation": 0.44308617789091503,
           "secondary_pprice_diff": 0.49289346786442084,
           "wallet_exposure_limit": 0.1}}