{"config_name": "static_grid_FILUSDT_217days",
 "logging_level": 0,
 "long": {"auto_unstuck_ema_dist": 0.09172185833625936,
          "auto_unstuck_wallet_exposure_threshold": 0.5154235764777861,
          "backwards_tp": true,
          "ema_span_0": 1366.2316630381904,
          "ema_span_1": 6055.374842102317,
          "enabled": true,
          "eprice_exp_base": 1.4945202949684337,
          "eprice_pprice_diff": 0.031746249183296195,
          "grid_span": 0.2940540443692586,
          "initial_eprice_ema_dist": -0.008905271827312556,
          "initial_qty_pct": 0.03605387177081378,
          "markup_range": 0.011333341596307247,
          "max_n_entry_orders": 10,
          "min_markup": 0.034185063198727515,
          "n_close_orders": 5,
          "secondary_allocation": 0.08714918273013532,
          "secondary_pprice_diff": 0.19454375306294902,
          "wallet_exposure_limit": 0.1},
 "short": {"auto_unstuck_ema_dist": 0.06936243803369793,
           "auto_unstuck_wallet_exposure_threshold": 0.8908426588508229,
           "backwards_tp": true,
           "ema_span_0": 692.7467851652301,
           "ema_span_1": 4502.099499026871,
           "enabled": true,
           "eprice_exp_base": 1.7173952303316111,
           "eprice_pprice_diff": 0.005842334017791367,
           "grid_span": 0.35785869644810336,
           "initial_eprice_ema_dist": -0.01986455956689714,
           "initial_qty_pct": 0.04518156260476208,
           "markup_range": 0.05387565722063849,
           "max_n_entry_orders": 10,
           "min_markup": 0.06,
           "n_close_orders": 23,
           "secondary_allocation": 0.5423012392697145,
           "secondary_pprice_diff": 0.2682700424576405,
           "wallet_exposure_limit": 0.1}}