{"config_name": "static_grid_FILUSDT_215days",
 "logging_level": 0,
 "long": {"auto_unstuck_ema_dist": 0.09885675720468894,
          "auto_unstuck_wallet_exposure_threshold": 0.0312839221056419,
          "backwards_tp": true,
          "ema_span_0": 1859.791622148653,
          "ema_span_1": 8312.732766032706,
          "enabled": true,
          "eprice_exp_base": 1.4580979369063942,
          "eprice_pprice_diff": 0.020193177563260944,
          "grid_span": 0.32873619269343357,
          "initial_eprice_ema_dist": -0.010319796530241591,
          "initial_qty_pct": 0.04103046645550438,
          "markup_range": 0.0061314599783386815,
          "max_n_entry_orders": 10,
          "min_markup": 0.05486407665027261,
          "n_close_orders": 14,
          "secondary_allocation": 0.34721953160085617,
          "secondary_pprice_diff": 0.13419241304463944,
          "wallet_exposure_limit": 0.1},
 "short": {"auto_unstuck_ema_dist": 0.08125490176477873,
           "auto_unstuck_wallet_exposure_threshold": 0.08473279766011461,
           "backwards_tp": true,
           "ema_span_0": 1555.297455536408,
           "ema_span_1": 1870.9923998592797,
           "enabled": true,
           "eprice_exp_base": 1.2982405251939797,
           "eprice_pprice_diff": 0.017879174536788067,
           "grid_span": 0.11094873930661435,
           "initial_eprice_ema_dist": -0.08079034692998273,
           "initial_qty_pct": 0.026920605995233104,
           "markup_range": 0.002692459002635097,
           "max_n_entry_orders": 10,
           "min_markup": 0.05956736149000562,
           "n_close_orders": 29,
           "secondary_allocation": 0.04415159358912516,
           "secondary_pprice_diff": 0.0922729431143765,
           "wallet_exposure_limit": 0.1}}