{"config_name": "static_grid_FILUSDT_244days",
 "logging_level": 0,
 "long": {"auto_unstuck_ema_dist": 0.0012929805223264902,
          "auto_unstuck_wallet_exposure_threshold": 0.2957779509028161,
          "backwards_tp": true,
          "ema_span_0": 120,
          "ema_span_1": 4558.8535601033045,
          "enabled": true,
          "eprice_exp_base": 1.0577233226578047,
          "eprice_pprice_diff": 0.043224159524964514,
          "grid_span": 0.2310079309661712,
          "initial_eprice_ema_dist": -0.01771022769403199,
          "initial_qty_pct": 0.007,
          "markup_range": 0.039503420237025216,
          "max_n_entry_orders": 12,
          "min_markup": 0.01737536168854414,
          "n_close_orders": 18,
          "secondary_allocation": 0.5653086331159174,
          "secondary_pprice_diff": 0.14467265208915364,
          "wallet_exposure_limit": 0.1},
 "short": {"auto_unstuck_ema_dist": 0.07144589268883403,
           "auto_unstuck_wallet_exposure_threshold": 0.008075694247878662,
           "backwards_tp": true,
           "ema_span_0": 1541.570574777108,
           "ema_span_1": 3520.321074127061,
           "enabled": true,
           "eprice_exp_base": 1.6301455532621665,
           "eprice_pprice_diff": 0.01777039024261365,
           "grid_span": 0.11395291224452209,
           "initial_eprice_ema_dist": -0.03776726260356177,
           "initial_qty_pct": 0.008185619706101278,
           "markup_range": 0.006462669509600141,
           "max_n_entry_orders": 11,
           "min_markup": 0.014788151311269348,
           "n_close_orders": 18,
           "secondary_allocation": 0.4823624811869667,
           "secondary_pprice_diff": 0.05,
           "wallet_exposure_limit": 0.1}}