{"config_name": "static_grid_FILUSDT_254days",
 "logging_level": 0,
 "long": {"auto_unstuck_ema_dist": 0.009403618701521378,
          "auto_unstuck_wallet_exposure_threshold": 0.016670731338785435,
          "backwards_tp": true,
          "ema_span_0": 489.30562553252315,
          "ema_span_1": 766.7788771535337,
          "enabled": true,
          "eprice_exp_base": 1.1912722885901965,
          "eprice_pprice_diff": 0.01827779230675332,
          "grid_span": 0.30549183398850377,
          "initial_eprice_ema_dist": -0.013984392214223186,
          "initial_qty_pct": 0.007,
          "markup_range": 0.01256048689617483,
          "max_n_entry_orders": 13,
          "min_markup": 0.0066864316684582875,
          "n_close_orders": 19,
          "secondary_allocation": 0.12259795379769253,
          "secondary_pprice_diff": 0.20113288546597527,
          "wallet_exposure_limit": 0.1},
 "short": {"auto_unstuck_ema_dist": 0.08749522298950656,
           "auto_unstuck_wallet_exposure_threshold": 0.4905655877429684,
           "backwards_tp": true,
           "ema_span_0": 3419.610729319617,
           "ema_span_1": 656.4340713433197,
           "enabled": true,
           "eprice_exp_base": 1.1414572252752961,
           "eprice_pprice_diff": 0.02373572912459454,
           "grid_span": 0.15334512011790224,
           "initial_eprice_ema_dist": -0.027093678715313815,
           "initial_qty_pct": 0.01667080466799862,
           "markup_range": 0.0011593892392660352,
           "max_n_entry_orders": 9,
           "min_markup": 0.011655298836825088,
           "n_close_orders": 8,
           "secondary_allocation": 0.13302312345233225,
           "secondary_pprice_diff": 0.4786925173364759,
           "wallet_exposure_limit": 0.1}}