{"config_name": "static_grid_FILUSDT_146days",
 "logging_level": 0,
 "long": {"auto_unstuck_ema_dist": 0.05935434317645934,
          "auto_unstuck_wallet_exposure_threshold": 0.5240684281292606,
          "backwards_tp": true,
          "ema_span_0": 3502.340419356357,
          "ema_span_1": 6327.812219953342,
          "enabled": true,
          "eprice_exp_base": 1.6313206861606357,
          "eprice_pprice_diff": 0.04211384612162564,
          "grid_span": 0.3080787229167261,
          "initial_eprice_ema_dist": -0.08254182115838948,
          "initial_qty_pct": 0.01,
          "markup_range": 0.02936420762914428,
          "max_n_entry_orders": 10,
          "min_markup": 0.036530974837262226,
          "n_close_orders": 9,
          "secondary_allocation": 0.4949811637090667,
          "secondary_pprice_diff": 0.40122232172798106,
          "wallet_exposure_limit": 0.1},
 "short": {"auto_unstuck_ema_dist": 0.016438525968589128,
           "auto_unstuck_wallet_exposure_threshold": 0.6275113072007007,
           "backwards_tp": true,
           "ema_span_0": 1068.7175001381243,
           "ema_span_1": 2733.0482168316207,
           "enabled": true,
           "eprice_exp_base": 1.0212550281464967,
           "eprice_pprice_diff": 0.0033679685057296316,
           "grid_span": 0.15327768679159,
           "initial_eprice_ema_dist": -0.1,
           "initial_qty_pct": 0.03977746384234141,
           "markup_range": 0.04647421968221739,
           "max_n_entry_orders": 10,
           "min_markup": 0.06,
           "n_close_orders": 21,
           "secondary_allocation": 0.0741196344784045,
           "secondary_pprice_diff": 0.48072792338452447,
           "wallet_exposure_limit": 0.1}}