{"config_name": "static_grid_GRTUSDT_157days",
 "logging_level": 0,
 "long": {"auto_unstuck_ema_dist": 0.07069160558760387,
          "auto_unstuck_wallet_exposure_threshold": 0.7077012299073968,
          "backwards_tp": true,
          "ema_span_0": 1782.507775772479,
          "ema_span_1": 8421.118348695158,
          "enabled": true,
          "eprice_exp_base": 1.6988274680596778,
          "eprice_pprice_diff": 0.002923730307038575,
          "grid_span": 0.3458703397221324,
          "initial_eprice_ema_dist": -0.05956616199432414,
          "initial_qty_pct": 0.014764812905101976,
          "markup_range": 0.053492065192896024,
          "max_n_entry_orders": 10,
          "min_markup": 0.05794651399038831,
          "n_close_orders": 14,
          "secondary_allocation": 0.34976611938197516,
          "secondary_pprice_diff": 0.3917244150766018,
          "wallet_exposure_limit": 0.1},
 "short": {"auto_unstuck_ema_dist": 0.07840450996591364,
           "auto_unstuck_wallet_exposure_threshold": 0.8222480400899409,
           "backwards_tp": true,
           "ema_span_0": 1978.5852384412376,
           "ema_span_1": 2225.7708469027957,
           "enabled": true,
           "eprice_exp_base": 1.5220022136840852,
           "eprice_pprice_diff": 0.038249047610943374,
           "grid_span": 0.1617696475045249,
           "initial_eprice_ema_dist": -0.033605029156490315,
           "initial_qty_pct": 0.013311672177762272,
           "markup_range": 0.054291987755497095,
           "max_n_entry_orders": 10,
           "min_markup": 0.05932463995323354,
           "n_close_orders": 23,
           "secondary_allocation": 0.04573814981446682,
           "secondary_pprice_diff": 0.30363766901225675,
           "wallet_exposure_limit": 0.1}}