{"config_name": "static_grid_GRTUSDT_153days",
 "logging_level": 0,
 "long": {"auto_unstuck_ema_dist": 0.08145213995358605,
          "auto_unstuck_wallet_exposure_threshold": 0.23947107494781772,
          "backwards_tp": true,
          "ema_span_0": 1026.7045204079607,
          "ema_span_1": 8435.8281411955,
          "enabled": true,
          "eprice_exp_base": 1.4336171078261963,
          "eprice_pprice_diff": 0.04199393344035916,
          "grid_span": 0.29908297841116843,
          "initial_eprice_ema_dist": -0.06262148717233436,
          "initial_qty_pct": 0.03290665698386312,
          "markup_range": 0.047518747866617875,
          "max_n_entry_orders": 10,
          "min_markup": 0.05218543042163703,
          "n_close_orders": 26,
          "secondary_allocation": 0.4512328609302442,
          "secondary_pprice_diff": 0.0637490160515999,
          "wallet_exposure_limit": 0.1},
 "short": {"auto_unstuck_ema_dist": 0.07757512125310254,
           "auto_unstuck_wallet_exposure_threshold": 0.8257954859022469,
           "backwards_tp": true,
           "ema_span_0": 2789.0404329057515,
           "ema_span_1": 2105.756571693157,
           "enabled": true,
           "eprice_exp_base": 1.840747562050019,
           "eprice_pprice_diff": 0.005490532254096394,
           "grid_span": 0.16798256001188755,
           "initial_eprice_ema_dist": -0.03508131480621254,
           "initial_qty_pct": 0.015318328270011365,
           "markup_range": 0.052408457946518425,
           "max_n_entry_orders": 10,
           "min_markup": 0.058592693196770386,
           "n_close_orders": 29,
           "secondary_allocation": 0.2653197787187713,
           "secondary_pprice_diff": 0.09278629690132395,
           "wallet_exposure_limit": 0.1}}