{"config_name": "static_grid_GRTUSDT_128days",
 "logging_level": 0,
 "long": {"auto_unstuck_ema_dist": 0.014591512416798402,
          "auto_unstuck_wallet_exposure_threshold": 0.15654722909428698,
          "backwards_tp": true,
          "ema_span_0": 1140.2505529937537,
          "ema_span_1": 8535.965234666939,
          "enabled": true,
          "eprice_exp_base": 1.0743457757827153,
          "eprice_pprice_diff": 0.0070156879782478304,
          "grid_span": 0.2739910260837459,
          "initial_eprice_ema_dist": -0.0038757521272322656,
          "initial_qty_pct": 0.010611596007571996,
          "markup_range": 0.05038742305565516,
          "max_n_entry_orders": 10,
          "min_markup": 0.053716502481839117,
          "n_close_orders": 4,
          "secondary_allocation": 0.6658845193209537,
          "secondary_pprice_diff": 0.14943222871556597,
          "wallet_exposure_limit": 0.1},
 "short": {"auto_unstuck_ema_dist": 0.07559500269854035,
           "auto_unstuck_wallet_exposure_threshold": 0.7376572206830566,
           "backwards_tp": true,
           "ema_span_0": 3039.6889155471686,
           "ema_span_1": 1440,
           "enabled": true,
           "eprice_exp_base": 1.4291949220097802,
           "eprice_pprice_diff": 0.026675367522188555,
           "grid_span": 0.12232192167574375,
           "initial_eprice_ema_dist": -0.03443288557879,
           "initial_qty_pct": 0.025535019786945768,
           "markup_range": 0.04893998819317655,
           "max_n_entry_orders": 10,
           "min_markup": 0.06,
           "n_close_orders": 13,
           "secondary_allocation": 0.2526802931170386,
           "secondary_pprice_diff": 0.09775865645452037,
           "wallet_exposure_limit": 0.1}}