{"config_name": "static_grid_GRTUSDT_142days",
 "logging_level": 0,
 "long": {"auto_unstuck_ema_dist": 0.022135771129965003,
          "auto_unstuck_wallet_exposure_threshold": 0.38833823689143954,
          "backwards_tp": true,
          "ema_span_0": 3425.423162029216,
          "ema_span_1": 9535.265113755726,
          "enabled": true,
          "eprice_exp_base": 1.3361979333986873,
          "eprice_pprice_diff": 0.03850327737386733,
          "grid_span": 0.40324027165215753,
          "initial_eprice_ema_dist": -0.08139897951274692,
          "initial_qty_pct": 0.013936981643496126,
          "markup_range": 0.055087552501096405,
          "max_n_entry_orders": 10,
          "min_markup": 0.04180140983069965,
          "n_close_orders": 19,
          "secondary_allocation": 0,
          "secondary_pprice_diff": 0.39167203728035443,
          "wallet_exposure_limit": 0.1},
 "short": {"auto_unstuck_ema_dist": 0.07567585912068307,
           "auto_unstuck_wallet_exposure_threshold": 0.6764078070863623,
           "backwards_tp": true,
           "ema_span_0": 1442.9403749104983,
           "ema_span_1": 2135.9854059614886,
           "enabled": true,
           "eprice_exp_base": 2.0765494450293547,
           "eprice_pprice_diff": 0.012530068077108806,
           "grid_span": 0.1688210163165449,
           "initial_eprice_ema_dist": -0.09893737916871614,
           "initial_qty_pct": 0.032847762602143796,
           "markup_range": 0.04750763203206823,
           "max_n_entry_orders": 10,
           "min_markup": 0.06,
           "n_close_orders": 18,
           "secondary_allocation": 0.2871795458082364,
           "secondary_pprice_diff": 0.282994288280841,
           "wallet_exposure_limit": 0.1}}