{"config_name": "static_grid_HBARUSDT_104days",
 "logging_level": 0,
 "long": {"auto_unstuck_ema_dist": 0.09727517033982173,
          "auto_unstuck_wallet_exposure_threshold": 0.5606593811556599,
          "backwards_tp": true,
          "ema_span_0": 995.4643422905694,
          "ema_span_1": 8955.749342088919,
          "enabled": true,
          "eprice_exp_base": 1.7001581887029673,
          "eprice_pprice_diff": 0.019507330723050116,
          "grid_span": 0.17513726152909967,
          "initial_eprice_ema_dist": -0.00676271900122855,
          "initial_qty_pct": 0.028869670234453457,
          "markup_range": 0.031845351997606214,
          "max_n_entry_orders": 10,
          "min_markup": 0.035869472299525834,
          "n_close_orders": 23,
          "secondary_allocation": 0.4320017094629107,
          "secondary_pprice_diff": 0.3259809451134289,
          "wallet_exposure_limit": 0.1},
 "short": {"auto_unstuck_ema_dist": 0.06956395769472228,
           "auto_unstuck_wallet_exposure_threshold": 0.8221694941198078,
           "backwards_tp": true,
           "ema_span_0": 3817.031676325836,
           "ema_span_1": 2384.561036033527,
           "enabled": true,
           "eprice_exp_base": 1.913596795116037,
           "eprice_pprice_diff": 0.005365327419368771,
           "grid_span": 0.10003075493184052,
           "initial_eprice_ema_dist": -0.059009536472158924,
           "initial_qty_pct": 0.046721984650885215,
           "markup_range": 0.04178097210214737,
           "max_n_entry_orders": 10,
           "min_markup": 0.05701988248164245,
           "n_close_orders": 13,
           "secondary_allocation": 0.03827020053345154,
           "secondary_pprice_diff": 0.1629264038199265,
           "wallet_exposure_limit": 0.1}}