{"config_name": "static_grid_HBARUSDT_242days",
 "logging_level": 0,
 "long": {"auto_unstuck_ema_dist": 0.042345685826783996,
          "auto_unstuck_wallet_exposure_threshold": 0.588521691714448,
          "backwards_tp": true,
          "ema_span_0": 1563.9898372691428,
          "ema_span_1": 4721.480978812561,
          "enabled": true,
          "eprice_exp_base": 1.1693785327062545,
          "eprice_pprice_diff": 0.02419403382369465,
          "grid_span": 0.2642133761525531,
          "initial_eprice_ema_dist": -0.09753503420950568,
          "initial_qty_pct": 0.011202128829287807,
          "markup_range": 0.009585298864957213,
          "max_n_entry_orders": 13,
          "min_markup": 0.01777038437959976,
          "n_close_orders": 6,
          "secondary_allocation": 0.1556153144851032,
          "secondary_pprice_diff": 0.29138706169551737,
          "wallet_exposure_limit": 0.1},
 "short": {"auto_unstuck_ema_dist": 0.09592948581638998,
           "auto_unstuck_wallet_exposure_threshold": 0,
           "backwards_tp": true,
           "ema_span_0": 537.9686597804846,
           "ema_span_1": 760.2320686444879,
           "enabled": true,
           "eprice_exp_base": 1.3795245486812011,
           "eprice_pprice_diff": 0.008244158289111007,
           "grid_span": 0.21825284903495457,
           "initial_eprice_ema_dist": -0.09958758681669194,
           "initial_qty_pct": 0.049357128049488934,
           "markup_range": 0.02169023486940429,
           "max_n_entry_orders": 11,
           "min_markup": 0.018780319549270827,
           "n_close_orders": 15,
           "secondary_allocation": 0.044507337622567485,
           "secondary_pprice_diff": 0.37171499271178216,
           "wallet_exposure_limit": 0.1}}