{"config_name": "static_grid_HBARUSDT_217days",
 "logging_level": 0,
 "long": {"auto_unstuck_ema_dist": 0.08786655122257188,
          "auto_unstuck_wallet_exposure_threshold": 0.3688684583675328,
          "backwards_tp": true,
          "ema_span_0": 815.7536919091995,
          "ema_span_1": 8959.144775295796,
          "enabled": true,
          "eprice_exp_base": 1.7461829476725836,
          "eprice_pprice_diff": 0.02951068613416937,
          "grid_span": 0.1556269380297166,
          "initial_eprice_ema_dist": -0.028864853626405656,
          "initial_qty_pct": 0.04355868675600449,
          "markup_range": 0.03445144328818486,
          "max_n_entry_orders": 10,
          "min_markup": 0.024536082433353104,
          "n_close_orders": 17,
          "secondary_allocation": 0.24171697760129976,
          "secondary_pprice_diff": 0.4983499002005381,
          "wallet_exposure_limit": 0.1},
 "short": {"auto_unstuck_ema_dist": 0.05377681288110767,
           "auto_unstuck_wallet_exposure_threshold": 0.897038136180767,
           "backwards_tp": true,
           "ema_span_0": 3780.3279633333373,
           "ema_span_1": 4277.716547357145,
           "enabled": true,
           "eprice_exp_base": 1.5207989760008922,
           "eprice_pprice_diff": 0.035452293303733604,
           "grid_span": 0.6036736188347915,
           "initial_eprice_ema_dist": -0.030548201711150677,
           "initial_qty_pct": 0.017519935680417854,
           "markup_range": 0.05965862203199131,
           "max_n_entry_orders": 10,
           "min_markup": 0.06,
           "n_close_orders": 9,
           "secondary_allocation": 0.484997831693207,
           "secondary_pprice_diff": 0.26561415215023365,
           "wallet_exposure_limit": 0.1}}