{"config_name": "static_grid_HBARUSDT_232days",
 "logging_level": 0,
 "long": {"auto_unstuck_ema_dist": 0.04529122282197081,
          "auto_unstuck_wallet_exposure_threshold": 0.5051780219251412,
          "backwards_tp": true,
          "ema_span_0": 786.3967501481497,
          "ema_span_1": 8714.844467787305,
          "enabled": true,
          "eprice_exp_base": 1.1009067151803236,
          "eprice_pprice_diff": 0.02315340073152287,
          "grid_span": 0.1773013856141338,
          "initial_eprice_ema_dist": -0.0188624795244846,
          "initial_qty_pct": 0.009820407535793234,
          "markup_range": 0.029015919527807212,
          "max_n_entry_orders": 11,
          "min_markup": 0.010372190902881917,
          "n_close_orders": 19,
          "secondary_allocation": 0.20289970065266213,
          "secondary_pprice_diff": 0.05254569004724089,
          "wallet_exposure_limit": 0.1},
 "short": {"auto_unstuck_ema_dist": 0.04100674147097345,
           "auto_unstuck_wallet_exposure_threshold": 0.42973646614515454,
           "backwards_tp": true,
           "ema_span_0": 249.50834473490252,
           "ema_span_1": 1094.1288767137107,
           "enabled": true,
           "eprice_exp_base": 1.1307177651342653,
           "eprice_pprice_diff": 0.007983733328695494,
           "grid_span": 0.25236701234434633,
           "initial_eprice_ema_dist": -0.032042865180906294,
           "initial_qty_pct": 0.011159793528046184,
           "markup_range": 0.033523283563892003,
           "max_n_entry_orders": 11,
           "min_markup": 0.015386361571066667,
           "n_close_orders": 15,
           "secondary_allocation": 0.12669299938008954,
           "secondary_pprice_diff": 0.09051517102660173,
           "wallet_exposure_limit": 0.1}}