{"config_name": "static_grid_HBARUSDT_134days",
 "logging_level": 0,
 "long": {"auto_unstuck_ema_dist": 0.09987520678649647,
          "auto_unstuck_wallet_exposure_threshold": 0.714097875046745,
          "backwards_tp": true,
          "ema_span_0": 1156.2237352303168,
          "ema_span_1": 8127.833155561199,
          "enabled": true,
          "eprice_exp_base": 1.3740926446962858,
          "eprice_pprice_diff": 0.006438686662551897,
          "grid_span": 0.32656705097242367,
          "initial_eprice_ema_dist": -0.03189164759419475,
          "initial_qty_pct": 0.04430665984159621,
          "markup_range": 0.035422851109432586,
          "max_n_entry_orders": 10,
          "min_markup": 0.03703729868461658,
          "n_close_orders": 14,
          "secondary_allocation": 0.24335588453947476,
          "secondary_pprice_diff": 0.1933768939249946,
          "wallet_exposure_limit": 0.1},
 "short": {"auto_unstuck_ema_dist": 0.03977610529946246,
           "auto_unstuck_wallet_exposure_threshold": 0.830551810405108,
           "backwards_tp": true,
           "ema_span_0": 511.8305670718142,
           "ema_span_1": 5737.1970486472765,
           "enabled": true,
           "eprice_exp_base": 2.0189927387689437,
           "eprice_pprice_diff": 0.002,
           "grid_span": 0.1260761593774646,
           "initial_eprice_ema_dist": -0.09676075970833474,
           "initial_qty_pct": 0.03566560154336606,
           "markup_range": 0.06,
           "max_n_entry_orders": 10,
           "min_markup": 0.0521185621893744,
           "n_close_orders": 9,
           "secondary_allocation": 0.08803946521392728,
           "secondary_pprice_diff": 0.21833465302071114,
           "wallet_exposure_limit": 0.1}}