{"config_name": "static_grid_HBARUSDT_143days",
 "logging_level": 0,
 "long": {"auto_unstuck_ema_dist": 0.07894371006857052,
          "auto_unstuck_wallet_exposure_threshold": 0.9484492624593373,
          "backwards_tp": true,
          "ema_span_0": 2979.7409792416224,
          "ema_span_1": 2824.7645827395604,
          "enabled": true,
          "eprice_exp_base": 1.6028276212401573,
          "eprice_pprice_diff": 0.03337104559338832,
          "grid_span": 0.3088679659887063,
          "initial_eprice_ema_dist": -0.09724951490735599,
          "initial_qty_pct": 0.015730575453628548,
          "markup_range": 0.011234987119091999,
          "max_n_entry_orders": 10,
          "min_markup": 0.020868729150013303,
          "n_close_orders": 29,
          "secondary_allocation": 0.2505886314443781,
          "secondary_pprice_diff": 0.36385277592365334,
          "wallet_exposure_limit": 0.1},
 "short": {"auto_unstuck_ema_dist": 0.0590570238248495,
           "auto_unstuck_wallet_exposure_threshold": 0.8630311168980875,
           "backwards_tp": true,
           "ema_span_0": 2348.9501866036544,
           "ema_span_1": 2791.372545467546,
           "enabled": true,
           "eprice_exp_base": 2.0906163672549454,
           "eprice_pprice_diff": 0.0080682705613032,
           "grid_span": 0.12483161124645085,
           "initial_eprice_ema_dist": -0.09668985973009261,
           "initial_qty_pct": 0.02757964863346781,
           "markup_range": 0.05092384150432441,
           "max_n_entry_orders": 10,
           "min_markup": 0.06,
           "n_close_orders": 19,
           "secondary_allocation": 0,
           "secondary_pprice_diff": 0.3321059338427231,
           "wallet_exposure_limit": 0.1}}