{"config_name": "static_grid_HBARUSDT_233days",
 "logging_level": 0,
 "long": {"auto_unstuck_ema_dist": 0.0920788301324032,
          "auto_unstuck_wallet_exposure_threshold": 0.3999406967813,
          "backwards_tp": true,
          "ema_span_0": 3577.977804331148,
          "ema_span_1": 6743.4061083441475,
          "enabled": true,
          "eprice_exp_base": 1,
          "eprice_pprice_diff": 0.006348473518998807,
          "grid_span": 0.16698301668500368,
          "initial_eprice_ema_dist": -0.052906060347916124,
          "initial_qty_pct": 0.012657504521297717,
          "markup_range": 0.0037320691152591887,
          "max_n_entry_orders": 9,
          "min_markup": 0.00619505106294445,
          "n_close_orders": 15,
          "secondary_allocation": 0.10702988485962572,
          "secondary_pprice_diff": 0.17264579575098704,
          "wallet_exposure_limit": 0.1},
 "short": {"auto_unstuck_ema_dist": 0.04146335713122552,
           "auto_unstuck_wallet_exposure_threshold": 0.5378682315425964,
           "backwards_tp": true,
           "ema_span_0": 3832.520134602162,
           "ema_span_1": 4125.986747993325,
           "enabled": true,
           "eprice_exp_base": 1,
           "eprice_pprice_diff": 0.007071678519555117,
           "grid_span": 0.11154926271778409,
           "initial_eprice_ema_dist": -0.03279096723403284,
           "initial_qty_pct": 0.01843921750024551,
           "markup_range": 0.012931719570173921,
           "max_n_entry_orders": 12,
           "min_markup": 0.00500614615873312,
           "n_close_orders": 8,
           "secondary_allocation": 0.02498139353623348,
           "secondary_pprice_diff": 0.16201263596959942,
           "wallet_exposure_limit": 0.1}}