{"config_name": "static_grid_HBARUSDT_279days",
 "logging_level": 0,
 "long": {"auto_unstuck_ema_dist": 0.016381674554316748,
          "auto_unstuck_wallet_exposure_threshold": 0.5529631467551591,
          "backwards_tp": true,
          "ema_span_0": 1752.7297901850504,
          "ema_span_1": 9286.459967578607,
          "enabled": true,
          "eprice_exp_base": 1.1898435744669618,
          "eprice_pprice_diff": 0.014650025170279536,
          "grid_span": 0.22541188600627277,
          "initial_eprice_ema_dist": -0.08735061061538826,
          "initial_qty_pct": 0.007,
          "markup_range": 0.006591868844337646,
          "max_n_entry_orders": 12,
          "min_markup": 0.013762485201345896,
          "n_close_orders": 15,
          "secondary_allocation": 0.08088937543654626,
          "secondary_pprice_diff": 0.14628715996011582,
          "wallet_exposure_limit": 0.1},
 "short": {"auto_unstuck_ema_dist": 0.09796579169504246,
           "auto_unstuck_wallet_exposure_threshold": 0.5601030120337108,
           "backwards_tp": true,
           "ema_span_0": 2290.8189566162373,
           "ema_span_1": 2401.912105713352,
           "enabled": true,
           "eprice_exp_base": 1.2487186640578019,
           "eprice_pprice_diff": 0.020436209800111346,
           "grid_span": 0.17860901103379156,
           "initial_eprice_ema_dist": -0.0782835946729842,
           "initial_qty_pct": 0.009214672985657599,
           "markup_range": 0.011113309462902869,
           "max_n_entry_orders": 13,
           "min_markup": 0.017215736269947483,
           "n_close_orders": 7,
           "secondary_allocation": 0.6821998586247644,
           "secondary_pprice_diff": 0.08037130044722778,
           "wallet_exposure_limit": 0.1}}