{"config_name": "static_grid_HBARUSDT_215days",
 "logging_level": 0,
 "long": {"auto_unstuck_ema_dist": 0.08841288838044234,
          "auto_unstuck_wallet_exposure_threshold": 0.4359726472312961,
          "backwards_tp": true,
          "ema_span_0": 803.1708391548798,
          "ema_span_1": 7527.800121289448,
          "enabled": true,
          "eprice_exp_base": 1.6454896005476554,
          "eprice_pprice_diff": 0.03251294878293874,
          "grid_span": 0.14733557925749766,
          "initial_eprice_ema_dist": -0.02149461245564329,
          "initial_qty_pct": 0.029284370194572275,
          "markup_range": 0.014610965671656016,
          "max_n_entry_orders": 10,
          "min_markup": 0.027363602825514408,
          "n_close_orders": 15,
          "secondary_allocation": 0.4205963478198003,
          "secondary_pprice_diff": 0.11351957970658516,
          "wallet_exposure_limit": 0.1},
 "short": {"auto_unstuck_ema_dist": 0.05334600419787322,
           "auto_unstuck_wallet_exposure_threshold": 0.9589652276226368,
           "backwards_tp": true,
           "ema_span_0": 4250.5745429345725,
           "ema_span_1": 4176.76841939798,
           "enabled": true,
           "eprice_exp_base": 1.8580226911059274,
           "eprice_pprice_diff": 0.0429392306587204,
           "grid_span": 0.15639226649223686,
           "initial_eprice_ema_dist": -0.02837064162411019,
           "initial_qty_pct": 0.023503316353039642,
           "markup_range": 0.05893329449515051,
           "max_n_entry_orders": 10,
           "min_markup": 0.05739776591804884,
           "n_close_orders": 8,
           "secondary_allocation": 0.22516861938717483,
           "secondary_pprice_diff": 0.09980940722453037,
           "wallet_exposure_limit": 0.1}}