{"config_name": "static_grid_HBARUSDT_187days",
 "logging_level": 0,
 "long": {"auto_unstuck_ema_dist": 0.09100056386746873,
          "auto_unstuck_wallet_exposure_threshold": 0.8145556748409599,
          "backwards_tp": true,
          "ema_span_0": 808.1319212390625,
          "ema_span_1": 5152.92690397874,
          "enabled": true,
          "eprice_exp_base": 1.408236988850231,
          "eprice_pprice_diff": 0.03781715916259292,
          "grid_span": 0.3023905338788109,
          "initial_eprice_ema_dist": -0.04165932992496205,
          "initial_qty_pct": 0.016644997444258812,
          "markup_range": 0.04420455346923725,
          "max_n_entry_orders": 10,
          "min_markup": 0.048968042521430985,
          "n_close_orders": 24,
          "secondary_allocation": 0.13150324699849167,
          "secondary_pprice_diff": 0.32225022770249945,
          "wallet_exposure_limit": 0.1},
 "short": {"auto_unstuck_ema_dist": 0.051814478484910206,
           "auto_unstuck_wallet_exposure_threshold": 1,
           "backwards_tp": true,
           "ema_span_0": 4300.40920814748,
           "ema_span_1": 4512.207693185252,
           "enabled": true,
           "eprice_exp_base": 1.2688435836497336,
           "eprice_pprice_diff": 0.028012549731623503,
           "grid_span": 0.2778079530460373,
           "initial_eprice_ema_dist": -0.03193823303642701,
           "initial_qty_pct": 0.04956648171737647,
           "markup_range": 0.06,
           "max_n_entry_orders": 10,
           "min_markup": 0.06,
           "n_close_orders": 26,
           "secondary_allocation": 0.08620766617572818,
           "secondary_pprice_diff": 0.07114355445096547,
           "wallet_exposure_limit": 0.1}}