{"config_name": "static_grid_HBARUSDT_175days",
 "logging_level": 0,
 "long": {"auto_unstuck_ema_dist": 0.09610146754917716,
          "auto_unstuck_wallet_exposure_threshold": 0.9018738536590459,
          "backwards_tp": true,
          "ema_span_0": 1028.9861822335902,
          "ema_span_1": 1544.5149109587155,
          "enabled": true,
          "eprice_exp_base": 1.2945653199900942,
          "eprice_pprice_diff": 0.040258134783896636,
          "grid_span": 0.40236300340383896,
          "initial_eprice_ema_dist": -0.04201093444971021,
          "initial_qty_pct": 0.012335527356920277,
          "markup_range": 0.028970585924824196,
          "max_n_entry_orders": 10,
          "min_markup": 0.051955815176528246,
          "n_close_orders": 25,
          "secondary_allocation": 0.1524030762787583,
          "secondary_pprice_diff": 0.18745125136417248,
          "wallet_exposure_limit": 0.1},
 "short": {"auto_unstuck_ema_dist": 0.0460367039162588,
           "auto_unstuck_wallet_exposure_threshold": 0.8209027572942523,
           "backwards_tp": true,
           "ema_span_0": 746.7538751893404,
           "ema_span_1": 5154.280775865926,
           "enabled": true,
           "eprice_exp_base": 1.6444249282362056,
           "eprice_pprice_diff": 0.004016981338473224,
           "grid_span": 0.15339257609156484,
           "initial_eprice_ema_dist": -0.09163545259802806,
           "initial_qty_pct": 0.02062595662769929,
           "markup_range": 0.04881612965471708,
           "max_n_entry_orders": 10,
           "min_markup": 0.058358169482859296,
           "n_close_orders": 16,
           "secondary_allocation": 0.05849564874447732,
           "secondary_pprice_diff": 0.283600400013697,
           "wallet_exposure_limit": 0.1}}