{"config_name": "static_grid_HBARUSDT_159days",
 "logging_level": 0,
 "long": {"auto_unstuck_ema_dist": 0.0156112760171261,
          "auto_unstuck_wallet_exposure_threshold": 0.5584847703979097,
          "backwards_tp": true,
          "ema_span_0": 3010.4250437184915,
          "ema_span_1": 7669.044867469527,
          "enabled": true,
          "eprice_exp_base": 1.8202558337000208,
          "eprice_pprice_diff": 0.029732506364381003,
          "grid_span": 0.16522666000504674,
          "initial_eprice_ema_dist": -0.049684185545848726,
          "initial_qty_pct": 0.036185529161441875,
          "markup_range": 0.002394137865288422,
          "max_n_entry_orders": 10,
          "min_markup": 0.053325786489063526,
          "n_close_orders": 16,
          "secondary_allocation": 0.3586640602630692,
          "secondary_pprice_diff": 0.07189855669356283,
          "wallet_exposure_limit": 0.1},
 "short": {"auto_unstuck_ema_dist": 0.053261772620527184,
           "auto_unstuck_wallet_exposure_threshold": 0.8110829060755308,
           "backwards_tp": true,
           "ema_span_0": 3765.463204039757,
           "ema_span_1": 4253.558956726424,
           "enabled": true,
           "eprice_exp_base": 1.354741373166931,
           "eprice_pprice_diff": 0.0032906890506707994,
           "grid_span": 0.1,
           "initial_eprice_ema_dist": -0.06623132523174716,
           "initial_qty_pct": 0.05,
           "markup_range": 0.04405645097848722,
           "max_n_entry_orders": 10,
           "min_markup": 0.056073569421122516,
           "n_close_orders": 18,
           "secondary_allocation": 0.129454788573151,
           "secondary_pprice_diff": 0.46214906799151584,
           "wallet_exposure_limit": 0.1}}