{"config_name": "recursive_grid_HBARUSDT_221days",
 "logging_level": 0,
 "long": {"auto_unstuck_ema_dist": 0.09154428450272765,
          "auto_unstuck_wallet_exposure_threshold": 0.01,
          "backwards_tp": true,
          "ddown_factor": 2.790013642546524,
          "ema_span_0": 667.6298938753724,
          "ema_span_1": 3280.619838408829,
          "enabled": true,
          "initial_eprice_ema_dist": 0.006759035174335771,
          "initial_qty_pct": 0.015,
          "markup_range": 0.010522912799377226,
          "min_markup": 0.0033599421964551424,
          "n_close_orders": 14,
          "rentry_pprice_dist": 0.01844117223817869,
          "rentry_pprice_dist_wallet_exposure_weighting": 1.3072809367366633,
          "wallet_exposure_limit": 0.1},
 "short": {"auto_unstuck_ema_dist": 0.043827732162486775,
           "auto_unstuck_wallet_exposure_threshold": 0.08599912262506276,
           "backwards_tp": true,
           "ddown_factor": 1.3794152987896404,
           "ema_span_0": 1973.8738987608353,
           "ema_span_1": 3906.4222332532427,
           "enabled": true,
           "initial_eprice_ema_dist": -0.006413717327542161,
           "initial_qty_pct": 0.015,
           "markup_range": 0.010563763301395718,
           "min_markup": 0.0028647013656383194,
           "n_close_orders": 8,
           "rentry_pprice_dist": 0.00555927446020486,
           "rentry_pprice_dist_wallet_exposure_weighting": 14.287530141649267,
           "wallet_exposure_limit": 0.1}}