{"config_name": "static_grid_HBARUSDT_336days",
 "logging_level": 0,
 "long": {"auto_unstuck_ema_dist": 0.022771684710441966,
          "auto_unstuck_wallet_exposure_threshold": 0.42523415437649226,
          "backwards_tp": true,
          "ema_span_0": 3174.329854264629,
          "ema_span_1": 733.6594554866261,
          "enabled": true,
          "eprice_exp_base": 1.0421452338731514,
          "eprice_pprice_diff": 0.02786124307001989,
          "grid_span": 0.18604549242884844,
          "initial_eprice_ema_dist": -0.007818502046748034,
          "initial_qty_pct": 0.008101685460211628,
          "markup_range": 0.009645654960873036,
          "max_n_entry_orders": 9,
          "min_markup": 0.015982993557499575,
          "n_close_orders": 5,
          "secondary_allocation": 0.07318020531109826,
          "secondary_pprice_diff": 0.10540422327939868,
          "wallet_exposure_limit": 0.1},
 "short": {"auto_unstuck_ema_dist": 0.0827204147802281,
           "auto_unstuck_wallet_exposure_threshold": 0.5621893960540152,
           "backwards_tp": true,
           "ema_span_0": 1524.1094943963692,
           "ema_span_1": 2874.8626687839355,
           "enabled": true,
           "eprice_exp_base": 1.0102505785633722,
           "eprice_pprice_diff": 0.020416319646855703,
           "grid_span": 0.11623117457167483,
           "initial_eprice_ema_dist": -0.026981468427353845,
           "initial_qty_pct": 0.007854413454663835,
           "markup_range": 0.0018167793106651012,
           "max_n_entry_orders": 12,
           "min_markup": 0.019555745813398584,
           "n_close_orders": 9,
           "secondary_allocation": 0.6275655056308604,
           "secondary_pprice_diff": 0.11043034366298587,
           "wallet_exposure_limit": 0.1}}