{"config_name": "static_grid_HBARUSDT_306days",
 "logging_level": 0,
 "long": {"auto_unstuck_ema_dist": 0.07427799155137246,
          "auto_unstuck_wallet_exposure_threshold": 0.5405808126624336,
          "backwards_tp": true,
          "ema_span_0": 3109.5152290740725,
          "ema_span_1": 8225.175724225792,
          "enabled": true,
          "eprice_exp_base": 1.0229622982510784,
          "eprice_pprice_diff": 0.015755006104378425,
          "grid_span": 0.2579581761451615,
          "initial_eprice_ema_dist": -0.09067143262211566,
          "initial_qty_pct": 0.008462604962402934,
          "markup_range": 0.001752854787537137,
          "max_n_entry_orders": 12,
          "min_markup": 0.010262879341873097,
          "n_close_orders": 10,
          "secondary_allocation": 0.039723158642691256,
          "secondary_pprice_diff": 0.11451395947567643,
          "wallet_exposure_limit": 0.1},
 "short": {"auto_unstuck_ema_dist": 0.043008998588713876,
           "auto_unstuck_wallet_exposure_threshold": 0.22088076784602068,
           "backwards_tp": true,
           "ema_span_0": 2778.8736879430685,
           "ema_span_1": 2817.489199011939,
           "enabled": true,
           "eprice_exp_base": 1.1780178747108803,
           "eprice_pprice_diff": 0.024960513948115028,
           "grid_span": 0.1388177565393196,
           "initial_eprice_ema_dist": -0.006185630338769808,
           "initial_qty_pct": 0.007,
           "markup_range": 0.023665890484939518,
           "max_n_entry_orders": 9,
           "min_markup": 0.00856869512290889,
           "n_close_orders": 7,
           "secondary_allocation": 0.5970577728522842,
           "secondary_pprice_diff": 0.09310677262082855,
           "wallet_exposure_limit": 0.1}}