{"config_name": "static_grid_HBARUSDT_215days",
 "logging_level": 0,
 "long": {"auto_unstuck_ema_dist": 0.029941604104927345,
          "auto_unstuck_wallet_exposure_threshold": 0.5349014217150122,
          "backwards_tp": true,
          "ema_span_0": 4311.171852833605,
          "ema_span_1": 3902.695511330476,
          "enabled": true,
          "eprice_exp_base": 1.0535447291427713,
          "eprice_pprice_diff": 0.016926625927116183,
          "grid_span": 0.10071790003689311,
          "initial_eprice_ema_dist": -0.08596455106164357,
          "initial_qty_pct": 0.010638311080126424,
          "markup_range": 0.007744399312984039,
          "max_n_entry_orders": 13,
          "min_markup": 0.002,
          "n_close_orders": 6,
          "secondary_allocation": 0.10598946156318236,
          "secondary_pprice_diff": 0.07286900952145058,
          "wallet_exposure_limit": 0.1},
 "short": {"auto_unstuck_ema_dist": 0.035418272183280405,
           "auto_unstuck_wallet_exposure_threshold": 0.5992854583052658,
           "backwards_tp": true,
           "ema_span_0": 2985.4943330785186,
           "ema_span_1": 3273.143715688704,
           "enabled": true,
           "eprice_exp_base": 1.11800133241013,
           "eprice_pprice_diff": 0.006096768345359314,
           "grid_span": 0.11484172462061752,
           "initial_eprice_ema_dist": -0.027383860713817626,
           "initial_qty_pct": 0.007660261490579365,
           "markup_range": 0.006908604580393711,
           "max_n_entry_orders": 10,
           "min_markup": 0.013240034006536321,
           "n_close_orders": 16,
           "secondary_allocation": 0.015268197853334223,
           "secondary_pprice_diff": 0.3239104140198472,
           "wallet_exposure_limit": 0.1}}