{"config_name": "static_grid_HBARUSDT_265days",
 "logging_level": 0,
 "long": {"auto_unstuck_ema_dist": 0.006211820524209877,
          "auto_unstuck_wallet_exposure_threshold": 0.14206875304621208,
          "backwards_tp": true,
          "ema_span_0": 3972.4677510965116,
          "ema_span_1": 2826.6987087281213,
          "enabled": true,
          "eprice_exp_base": 1.1673789470042557,
          "eprice_pprice_diff": 0.005554337355026192,
          "grid_span": 0.1558101669317225,
          "initial_eprice_ema_dist": -0.07965257396092222,
          "initial_qty_pct": 0.008656078014928044,
          "markup_range": 0.0009201737398880943,
          "max_n_entry_orders": 10,
          "min_markup": 0.008019263131319662,
          "n_close_orders": 17,
          "secondary_allocation": 0,
          "secondary_pprice_diff": 0.15041185679930474,
          "wallet_exposure_limit": 0.1},
 "short": {"auto_unstuck_ema_dist": 0.03208924426228084,
           "auto_unstuck_wallet_exposure_threshold": 0.06802948486537636,
           "backwards_tp": true,
           "ema_span_0": 953.6706016884043,
           "ema_span_1": 188.84411380277615,
           "enabled": true,
           "eprice_exp_base": 1.0675691990899523,
           "eprice_pprice_diff": 0.016919061892455744,
           "grid_span": 0.1,
           "initial_eprice_ema_dist": -0.022530250946694506,
           "initial_qty_pct": 0.00841667491863713,
           "markup_range": 0.0059072359980932975,
           "max_n_entry_orders": 11,
           "min_markup": 0.005958860928757779,
           "n_close_orders": 16,
           "secondary_allocation": 0.1864399635874898,
           "secondary_pprice_diff": 0.14390546648259733,
           "wallet_exposure_limit": 0.1}}