{"config_name": "static_grid_HBARUSDT_321days",
 "logging_level": 0,
 "long": {"auto_unstuck_ema_dist": 0.02605523520747915,
          "auto_unstuck_wallet_exposure_threshold": 0.5464147031160125,
          "backwards_tp": true,
          "ema_span_0": 4320,
          "ema_span_1": 1623.5380102449326,
          "enabled": true,
          "eprice_exp_base": 1.0076352764289251,
          "eprice_pprice_diff": 0.011371202821004279,
          "grid_span": 0.11508771871288605,
          "initial_eprice_ema_dist": -0.09648013867340799,
          "initial_qty_pct": 0.007,
          "markup_range": 0.004205957070122391,
          "max_n_entry_orders": 11,
          "min_markup": 0.007559214817769009,
          "n_close_orders": 8,
          "secondary_allocation": 0.1502838714951627,
          "secondary_pprice_diff": 0.3386605990904051,
          "wallet_exposure_limit": 0.1},
 "short": {"auto_unstuck_ema_dist": 0.09898622491729822,
           "auto_unstuck_wallet_exposure_threshold": 0.07544984765129922,
           "backwards_tp": true,
           "ema_span_0": 1928.568252092173,
           "ema_span_1": 5154.460739575427,
           "enabled": true,
           "eprice_exp_base": 1.3054527169474872,
           "eprice_pprice_diff": 0.019277200223148366,
           "grid_span": 0.14517146380719104,
           "initial_eprice_ema_dist": -0.0859434117825952,
           "initial_qty_pct": 0.008079092840130496,
           "markup_range": 0.002581373071145667,
           "max_n_entry_orders": 12,
           "min_markup": 0.011218499941207249,
           "n_close_orders": 17,
           "secondary_allocation": 0.5352258650576733,
           "secondary_pprice_diff": 0.09357291895785678,
           "wallet_exposure_limit": 0.1}}