{"config_name": "static_grid_HBARUSDT_199days",
 "logging_level": 0,
 "long": {"auto_unstuck_ema_dist": 0.0927734764764589,
          "auto_unstuck_wallet_exposure_threshold": 0.48818883918120914,
          "backwards_tp": true,
          "ema_span_0": 954.787976903943,
          "ema_span_1": 9686.709005209845,
          "enabled": true,
          "eprice_exp_base": 1.1580098859305075,
          "eprice_pprice_diff": 0.0066351875180883915,
          "grid_span": 0.17431806099221797,
          "initial_eprice_ema_dist": -0.0076325850752938275,
          "initial_qty_pct": 0.043537160453139497,
          "markup_range": 0.0033908940067241405,
          "max_n_entry_orders": 10,
          "min_markup": 0.014984411104725814,
          "n_close_orders": 13,
          "secondary_allocation": 0.06859586275603675,
          "secondary_pprice_diff": 0.37484850485856624,
          "wallet_exposure_limit": 0.1},
 "short": {"auto_unstuck_ema_dist": 0.04854457699232283,
           "auto_unstuck_wallet_exposure_threshold": 0.7951256108696042,
           "backwards_tp": true,
           "ema_span_0": 3181.630778885679,
           "ema_span_1": 4929.553691572019,
           "enabled": true,
           "eprice_exp_base": 1.1616065145236254,
           "eprice_pprice_diff": 0.0025553554977122053,
           "grid_span": 0.10633536702803881,
           "initial_eprice_ema_dist": -0.09008452585582183,
           "initial_qty_pct": 0.02181704843044861,
           "markup_range": 0.030443633488957796,
           "max_n_entry_orders": 10,
           "min_markup": 0.05744810441916701,
           "n_close_orders": 27,
           "secondary_allocation": 0.0058766031597796585,
           "secondary_pprice_diff": 0.31664520476916025,
           "wallet_exposure_limit": 0.1}}