{"config_name": "static_grid_HBARUSDT_252days",
 "logging_level": 0,
 "long": {"auto_unstuck_ema_dist": 0.054217467804427655,
          "auto_unstuck_wallet_exposure_threshold": 0.10828169082373736,
          "backwards_tp": true,
          "ema_span_0": 3529.2644799311765,
          "ema_span_1": 9148.80766524658,
          "enabled": true,
          "eprice_exp_base": 1.744373449849954,
          "eprice_pprice_diff": 0.019949137885522238,
          "grid_span": 0.3247690485652219,
          "initial_eprice_ema_dist": -0.054907288396592736,
          "initial_qty_pct": 0.022249327554870788,
          "markup_range": 0.002718385335595781,
          "max_n_entry_orders": 11,
          "min_markup": 0.004133072098654085,
          "n_close_orders": 15,
          "secondary_allocation": 0.061603734281521334,
          "secondary_pprice_diff": 0.357562508734305,
          "wallet_exposure_limit": 0.1},
 "short": {"auto_unstuck_ema_dist": 0.029909247244878402,
           "auto_unstuck_wallet_exposure_threshold": 0.0934172173082241,
           "backwards_tp": true,
           "ema_span_0": 4019.2288151223893,
           "ema_span_1": 8628.557812200015,
           "enabled": true,
           "eprice_exp_base": 1.9451339921947173,
           "eprice_pprice_diff": 0.032266153110659924,
           "grid_span": 0.44387809193996475,
           "initial_eprice_ema_dist": -0.058899564381598817,
           "initial_qty_pct": 0.024526232071903496,
           "markup_range": 0.00779419029127729,
           "max_n_entry_orders": 9,
           "min_markup": 0.005294407733346567,
           "n_close_orders": 13,
           "secondary_allocation": 0.27780903971127857,
           "secondary_pprice_diff": 0.08639809497834855,
           "wallet_exposure_limit": 0.1}}