{"config_name": "static_grid_HBARUSDT_193days",
 "logging_level": 0,
 "long": {"auto_unstuck_ema_dist": 0.04276191777597446,
          "auto_unstuck_wallet_exposure_threshold": 0.8352294377711319,
          "backwards_tp": true,
          "ema_span_0": 593.9894468425206,
          "ema_span_1": 1440,
          "enabled": true,
          "eprice_exp_base": 1.3674252255799701,
          "eprice_pprice_diff": 0.02918033096979942,
          "grid_span": 0.15832232606802005,
          "initial_eprice_ema_dist": 0,
          "initial_qty_pct": 0.019963135005146737,
          "markup_range": 0.03513740012771381,
          "max_n_entry_orders": 10,
          "min_markup": 0.05889313452986505,
          "n_close_orders": 29,
          "secondary_allocation": 0.12473432879258589,
          "secondary_pprice_diff": 0.2901393557529429,
          "wallet_exposure_limit": 0.1},
 "short": {"auto_unstuck_ema_dist": 0.05341422254207999,
           "auto_unstuck_wallet_exposure_threshold": 0.8533470558676248,
           "backwards_tp": true,
           "ema_span_0": 3824.0860159017784,
           "ema_span_1": 5160.114656941015,
           "enabled": true,
           "eprice_exp_base": 1.6188724779260335,
           "eprice_pprice_diff": 0.005092694703946875,
           "grid_span": 0.4837018096262701,
           "initial_eprice_ema_dist": -0.03526203520579298,
           "initial_qty_pct": 0.026101884467423273,
           "markup_range": 0.05713841896828947,
           "max_n_entry_orders": 10,
           "min_markup": 0.06,
           "n_close_orders": 9,
           "secondary_allocation": 0.3099538969744913,
           "secondary_pprice_diff": 0.2632988363660151,
           "wallet_exposure_limit": 0.1}}