{"config_name": "static_grid_HBARUSDT_286days",
 "logging_level": 0,
 "long": {"auto_unstuck_ema_dist": 0.031571793820567975,
          "auto_unstuck_wallet_exposure_threshold": 0.4857469278693469,
          "backwards_tp": true,
          "ema_span_0": 1613.9877602117042,
          "ema_span_1": 3867.9144157190394,
          "enabled": true,
          "eprice_exp_base": 1.0989370027463734,
          "eprice_pprice_diff": 0.013836081163724563,
          "grid_span": 0.1193332131122896,
          "initial_eprice_ema_dist": -0.07829715013344793,
          "initial_qty_pct": 0.008766049832860553,
          "markup_range": 0.0007273170603970412,
          "max_n_entry_orders": 13,
          "min_markup": 0.0116946918219847,
          "n_close_orders": 13,
          "secondary_allocation": 0.07096463645154777,
          "secondary_pprice_diff": 0.3592811743131753,
          "wallet_exposure_limit": 0.1},
 "short": {"auto_unstuck_ema_dist": 0.06710351723765229,
           "auto_unstuck_wallet_exposure_threshold": 0.5970140969887175,
           "backwards_tp": true,
           "ema_span_0": 2915.762739408917,
           "ema_span_1": 3581.927947454524,
           "enabled": true,
           "eprice_exp_base": 1.270210968125704,
           "eprice_pprice_diff": 0.018659295529805886,
           "grid_span": 0.15050077736652945,
           "initial_eprice_ema_dist": -0.018123347358152787,
           "initial_qty_pct": 0.008473389487737373,
           "markup_range": 0.005603364181603797,
           "max_n_entry_orders": 10,
           "min_markup": 0.009429338894015515,
           "n_close_orders": 10,
           "secondary_allocation": 0.6025563395723281,
           "secondary_pprice_diff": 0.08664466390830512,
           "wallet_exposure_limit": 0.1}}