{"config_name": "static_grid_HBARUSDT_174days",
 "logging_level": 0,
 "long": {"auto_unstuck_ema_dist": 0.023945916240347115,
          "auto_unstuck_wallet_exposure_threshold": 0.41215228309247603,
          "backwards_tp": true,
          "ema_span_0": 429.58416746861775,
          "ema_span_1": 7788.7330315641475,
          "enabled": true,
          "eprice_exp_base": 1.8573861301883163,
          "eprice_pprice_diff": 0.03526853944757256,
          "grid_span": 0.17385277071947464,
          "initial_eprice_ema_dist": -0.05218135491513255,
          "initial_qty_pct": 0.037328766542697345,
          "markup_range": 0.022502218336246393,
          "max_n_entry_orders": 10,
          "min_markup": 0.052085451869855956,
          "n_close_orders": 20,
          "secondary_allocation": 0.3063711070131647,
          "secondary_pprice_diff": 0.0691398783740948,
          "wallet_exposure_limit": 0.1},
 "short": {"auto_unstuck_ema_dist": 0.05545293557449648,
           "auto_unstuck_wallet_exposure_threshold": 0.7852419091459676,
           "backwards_tp": true,
           "ema_span_0": 3364.272822391753,
           "ema_span_1": 5239.041226911194,
           "enabled": true,
           "eprice_exp_base": 1.7742797425568941,
           "eprice_pprice_diff": 0.006376121314964467,
           "grid_span": 0.10258330578585798,
           "initial_eprice_ema_dist": -0.09289770029014449,
           "initial_qty_pct": 0.014736954694649636,
           "markup_range": 0.048834226429222444,
           "max_n_entry_orders": 10,
           "min_markup": 0.058555851619282104,
           "n_close_orders": 19,
           "secondary_allocation": 0.11190002349792966,
           "secondary_pprice_diff": 0.2859204656847999,
           "wallet_exposure_limit": 0.1}}