{"config_name": "static_grid_IOTAUSDT_194days",
 "logging_level": 0,
 "long": {"auto_unstuck_ema_dist": 0.020538813847572297,
          "auto_unstuck_wallet_exposure_threshold": 0.38496696107225414,
          "backwards_tp": true,
          "ema_span_0": 738.1012059672855,
          "ema_span_1": 9106.331965580885,
          "enabled": true,
          "eprice_exp_base": 1.59226662068366,
          "eprice_pprice_diff": 0.04252831246663976,
          "grid_span": 0.20390230911542445,
          "initial_eprice_ema_dist": -0.029564791879865677,
          "initial_qty_pct": 0.039976796012750844,
          "markup_range": 0.029421487244371915,
          "max_n_entry_orders": 10,
          "min_markup": 0.04002272012118838,
          "n_close_orders": 11,
          "secondary_allocation": 0.060198420975327724,
          "secondary_pprice_diff": 0.2666931818250216,
          "wallet_exposure_limit": 0.1},
 "short": {"auto_unstuck_ema_dist": 0.06923380273651562,
           "auto_unstuck_wallet_exposure_threshold": 0.03482365148544181,
           "backwards_tp": true,
           "ema_span_0": 2241.765215987914,
           "ema_span_1": 3810.2518835666847,
           "enabled": true,
           "eprice_exp_base": 1.8835392107844628,
           "eprice_pprice_diff": 0.0206905968351392,
           "grid_span": 0.10962638484938962,
           "initial_eprice_ema_dist": -0.028446358318493566,
           "initial_qty_pct": 0.010264476546690219,
           "markup_range": 0.039795910971117676,
           "max_n_entry_orders": 10,
           "min_markup": 0.047661593427945376,
           "n_close_orders": 7,
           "secondary_allocation": 0.031840335867686836,
           "secondary_pprice_diff": 0.08326302075839614,
           "wallet_exposure_limit": 0.1}}