{"config_name": "static_grid_IOTAUSDT_322days",
 "logging_level": 0,
 "long": {"auto_unstuck_ema_dist": 0.06801910757625627,
          "auto_unstuck_wallet_exposure_threshold": 0.5588330769136834,
          "backwards_tp": true,
          "ema_span_0": 893.7136213655536,
          "ema_span_1": 3336.0723734373714,
          "enabled": true,
          "eprice_exp_base": 1.1138497216370087,
          "eprice_pprice_diff": 0.016416277397483095,
          "grid_span": 0.185867173052206,
          "initial_eprice_ema_dist": -0.054181173497719455,
          "initial_qty_pct": 0.015282560138959551,
          "markup_range": 0.003146194235299148,
          "max_n_entry_orders": 12,
          "min_markup": 0.009448980556940111,
          "n_close_orders": 18,
          "secondary_allocation": 0.11717133822828538,
          "secondary_pprice_diff": 0.3619247526801366,
          "wallet_exposure_limit": 0.1},
 "short": {"auto_unstuck_ema_dist": 0.006388572890859295,
           "auto_unstuck_wallet_exposure_threshold": 0.5671679781703034,
           "backwards_tp": true,
           "ema_span_0": 745.9561761348651,
           "ema_span_1": 6467.283512122562,
           "enabled": true,
           "eprice_exp_base": 1.0884774085448565,
           "eprice_pprice_diff": 0.005283739336263239,
           "grid_span": 0.1,
           "initial_eprice_ema_dist": -0.002478863943066875,
           "initial_qty_pct": 0.012157188500928735,
           "markup_range": 0.0032458885818458802,
           "max_n_entry_orders": 12,
           "min_markup": 0.01600103353946671,
           "n_close_orders": 14,
           "secondary_allocation": 0.0247531749695998,
           "secondary_pprice_diff": 0.26591110370065396,
           "wallet_exposure_limit": 0.1}}