{"config_name": "static_grid_IOTAUSDT_210days",
 "logging_level": 0,
 "long": {"auto_unstuck_ema_dist": 0.033658519601133745,
          "auto_unstuck_wallet_exposure_threshold": 0.43295729000815714,
          "backwards_tp": true,
          "ema_span_0": 447.37556674809656,
          "ema_span_1": 7680.1022441036985,
          "enabled": true,
          "eprice_exp_base": 1.1231726864306717,
          "eprice_pprice_diff": 0.04455910243290568,
          "grid_span": 0.24524696890761544,
          "initial_eprice_ema_dist": -0.03184987614847286,
          "initial_qty_pct": 0.016280209298335974,
          "markup_range": 0.025608303579197696,
          "max_n_entry_orders": 10,
          "min_markup": 0.038134051579476864,
          "n_close_orders": 17,
          "secondary_allocation": 0.33513822842628843,
          "secondary_pprice_diff": 0.26822749017355363,
          "wallet_exposure_limit": 0.1},
 "short": {"auto_unstuck_ema_dist": 0.08620935351830251,
           "auto_unstuck_wallet_exposure_threshold": 0.0964246491402592,
           "backwards_tp": true,
           "ema_span_0": 2769.648543530607,
           "ema_span_1": 3376.391219401435,
           "enabled": true,
           "eprice_exp_base": 1.3810223887956379,
           "eprice_pprice_diff": 0.016860235678564865,
           "grid_span": 0.14645300889670593,
           "initial_eprice_ema_dist": -0.08408805133619733,
           "initial_qty_pct": 0.01055130604748957,
           "markup_range": 0.03232690969773137,
           "max_n_entry_orders": 10,
           "min_markup": 0.045220173023771536,
           "n_close_orders": 14,
           "secondary_allocation": 0.024847757655564344,
           "secondary_pprice_diff": 0.11041955153381959,
           "wallet_exposure_limit": 0.1}}