{"config_name": "static_grid_IOTAUSDT_234days",
 "logging_level": 0,
 "long": {"auto_unstuck_ema_dist": 0.08541226313183105,
          "auto_unstuck_wallet_exposure_threshold": 0.3762117430502683,
          "backwards_tp": true,
          "ema_span_0": 4042.9877179922764,
          "ema_span_1": 8261.641667806889,
          "enabled": true,
          "eprice_exp_base": 1.0966847804679951,
          "eprice_pprice_diff": 0.022292332705562305,
          "grid_span": 0.24037804310720545,
          "initial_eprice_ema_dist": -0.012512581217542302,
          "initial_qty_pct": 0.007,
          "markup_range": 0.014069008067519206,
          "max_n_entry_orders": 10,
          "min_markup": 0.012035626822870876,
          "n_close_orders": 19,
          "secondary_allocation": 0.015401968064059206,
          "secondary_pprice_diff": 0.09311878984306604,
          "wallet_exposure_limit": 0.1},
 "short": {"auto_unstuck_ema_dist": 0.015510439736711923,
           "auto_unstuck_wallet_exposure_threshold": 0.4880487898228035,
           "backwards_tp": true,
           "ema_span_0": 2480.7965444878955,
           "ema_span_1": 7135.811579689972,
           "enabled": true,
           "eprice_exp_base": 1.2043397735219588,
           "eprice_pprice_diff": 0.014645222467945456,
           "grid_span": 0.15002611791125195,
           "initial_eprice_ema_dist": -0.0159902009780174,
           "initial_qty_pct": 0.009064411899781714,
           "markup_range": 0.007694639439411904,
           "max_n_entry_orders": 10,
           "min_markup": 0.010937648428635458,
           "n_close_orders": 10,
           "secondary_allocation": 0.016219951574274187,
           "secondary_pprice_diff": 0.12744720922786712,
           "wallet_exposure_limit": 0.1}}