{"config_name": "static_grid_IOTAUSDT_265days",
 "logging_level": 0,
 "long": {"auto_unstuck_ema_dist": 0.06418130584006178,
          "auto_unstuck_wallet_exposure_threshold": 0.4045862878601418,
          "backwards_tp": true,
          "ema_span_0": 3322.452468337686,
          "ema_span_1": 1901.180255716335,
          "enabled": true,
          "eprice_exp_base": 1.1989423153960397,
          "eprice_pprice_diff": 0.014868927333086599,
          "grid_span": 0.22945919264231643,
          "initial_eprice_ema_dist": -0.07653799981866442,
          "initial_qty_pct": 0.008038775693047364,
          "markup_range": 0.009195780369399557,
          "max_n_entry_orders": 12,
          "min_markup": 0.014336521558899612,
          "n_close_orders": 18,
          "secondary_allocation": 0.014311938100851759,
          "secondary_pprice_diff": 0.16088749083461512,
          "wallet_exposure_limit": 0.1},
 "short": {"auto_unstuck_ema_dist": 0.02212159893462482,
           "auto_unstuck_wallet_exposure_threshold": 0.5598869264990914,
           "backwards_tp": true,
           "ema_span_0": 3890.119211212807,
           "ema_span_1": 8637.225713787839,
           "enabled": true,
           "eprice_exp_base": 1.013355637814029,
           "eprice_pprice_diff": 0.005430030269288079,
           "grid_span": 0.12636509254417996,
           "initial_eprice_ema_dist": -0.01903259776734617,
           "initial_qty_pct": 0.013358990667716238,
           "markup_range": 0.007314023077902121,
           "max_n_entry_orders": 11,
           "min_markup": 0.007191655742101012,
           "n_close_orders": 14,
           "secondary_allocation": 0.09081626113191159,
           "secondary_pprice_diff": 0.12914488699464674,
           "wallet_exposure_limit": 0.1}}