{"config_name": "static_grid_IOTAUSDT_233days",
 "logging_level": 0,
 "long": {"auto_unstuck_ema_dist": 0.06907460513029183,
          "auto_unstuck_wallet_exposure_threshold": 0.5788348030231926,
          "backwards_tp": true,
          "ema_span_0": 3696.8411120347423,
          "ema_span_1": 2406.0657053657987,
          "enabled": true,
          "eprice_exp_base": 1.1364934192023035,
          "eprice_pprice_diff": 0.0159787570490674,
          "grid_span": 0.2786535888510034,
          "initial_eprice_ema_dist": -0.059934799788607496,
          "initial_qty_pct": 0.007222725543417251,
          "markup_range": 0.012024566353205588,
          "max_n_entry_orders": 13,
          "min_markup": 0.011066828578070481,
          "n_close_orders": 7,
          "secondary_allocation": 0.08400639659941947,
          "secondary_pprice_diff": 0.08078381624077269,
          "wallet_exposure_limit": 0.1},
 "short": {"auto_unstuck_ema_dist": 0.030426926472634643,
           "auto_unstuck_wallet_exposure_threshold": 0.5274938907639066,
           "backwards_tp": true,
           "ema_span_0": 3876.019791167729,
           "ema_span_1": 6841.450931492033,
           "enabled": true,
           "eprice_exp_base": 1.089966055741752,
           "eprice_pprice_diff": 0.005274103449801063,
           "grid_span": 0.1,
           "initial_eprice_ema_dist": -0.007608678907828886,
           "initial_qty_pct": 0.009487536652686486,
           "markup_range": 0.006315415098046153,
           "max_n_entry_orders": 13,
           "min_markup": 0.01055443353278331,
           "n_close_orders": 12,
           "secondary_allocation": 0.024844568083955413,
           "secondary_pprice_diff": 0.4527897662533495,
           "wallet_exposure_limit": 0.1}}