{"config_name": "static_grid_IOTAUSDT_167days",
 "logging_level": 0,
 "long": {"auto_unstuck_ema_dist": 0.04876071211009953,
          "auto_unstuck_wallet_exposure_threshold": 0.12887813223618522,
          "backwards_tp": true,
          "ema_span_0": 3492.0670480609333,
          "ema_span_1": 9986.489176474994,
          "enabled": true,
          "eprice_exp_base": 1.8752720254854789,
          "eprice_pprice_diff": 0.04245456633367763,
          "grid_span": 0.20251878130621054,
          "initial_eprice_ema_dist": -0.02983615920868534,
          "initial_qty_pct": 0.03424842151849325,
          "markup_range": 0.03272499862942988,
          "max_n_entry_orders": 10,
          "min_markup": 0.03814919430111081,
          "n_close_orders": 25,
          "secondary_allocation": 0.05227786633325383,
          "secondary_pprice_diff": 0.07855714768036898,
          "wallet_exposure_limit": 0.1},
 "short": {"auto_unstuck_ema_dist": 0.05657094943339404,
           "auto_unstuck_wallet_exposure_threshold": 0.4311259633116899,
           "backwards_tp": true,
           "ema_span_0": 3658.656267354447,
           "ema_span_1": 2834.894443340292,
           "enabled": true,
           "eprice_exp_base": 1.1411615918454538,
           "eprice_pprice_diff": 0.02345800883282375,
           "grid_span": 0.14955951520163818,
           "initial_eprice_ema_dist": -0.07457429897542825,
           "initial_qty_pct": 0.029211564116774315,
           "markup_range": 0.04332889754797851,
           "max_n_entry_orders": 10,
           "min_markup": 0.04778835763057195,
           "n_close_orders": 18,
           "secondary_allocation": 0.34303582157801155,
           "secondary_pprice_diff": 0.09993187032629941,
           "wallet_exposure_limit": 0.1}}