{"config_name": "static_grid_IOTAUSDT_187days",
 "logging_level": 0,
 "long": {"auto_unstuck_ema_dist": 0.011233641784773644,
          "auto_unstuck_wallet_exposure_threshold": 0.5562547620954683,
          "backwards_tp": true,
          "ema_span_0": 618.4503452692976,
          "ema_span_1": 10080,
          "enabled": true,
          "eprice_exp_base": 1.1685585869663004,
          "eprice_pprice_diff": 0.025383176280428098,
          "grid_span": 0.30847718900925475,
          "initial_eprice_ema_dist": -0.02765873796649544,
          "initial_qty_pct": 0.03610126434492734,
          "markup_range": 0.022830620202800196,
          "max_n_entry_orders": 10,
          "min_markup": 0.0417437431998496,
          "n_close_orders": 23,
          "secondary_allocation": 0.13105431371360413,
          "secondary_pprice_diff": 0.20765317408348355,
          "wallet_exposure_limit": 0.1},
 "short": {"auto_unstuck_ema_dist": 0.054568777156786,
           "auto_unstuck_wallet_exposure_threshold": 0.4218020049953888,
           "backwards_tp": true,
           "ema_span_0": 1394.8358363649788,
           "ema_span_1": 3684.600471848882,
           "enabled": true,
           "eprice_exp_base": 1.9156167350250661,
           "eprice_pprice_diff": 0.00603221266711953,
           "grid_span": 0.17253056793719476,
           "initial_eprice_ema_dist": -0.06950652283281068,
           "initial_qty_pct": 0.039003110459115885,
           "markup_range": 0.0333961817856078,
           "max_n_entry_orders": 10,
           "min_markup": 0.04911345345918048,
           "n_close_orders": 10,
           "secondary_allocation": 0.05629464057941104,
           "secondary_pprice_diff": 0.37059312971311653,
           "wallet_exposure_limit": 0.1}}