{"config_name": "static_grid_IOTAUSDT_105days",
 "logging_level": 0,
 "long": {"auto_unstuck_ema_dist": 0.08234446906152378,
          "auto_unstuck_wallet_exposure_threshold": 0.5200228273045737,
          "backwards_tp": true,
          "ema_span_0": 587.0367548126789,
          "ema_span_1": 8592.742183285112,
          "enabled": true,
          "eprice_exp_base": 1.366255598419617,
          "eprice_pprice_diff": 0.04660869964383118,
          "grid_span": 0.1989322428724483,
          "initial_eprice_ema_dist": -0.025735160489805464,
          "initial_qty_pct": 0.04250248290210355,
          "markup_range": 0.048085997522959306,
          "max_n_entry_orders": 10,
          "min_markup": 0.028182693886274007,
          "n_close_orders": 28,
          "secondary_allocation": 0.4788477280728087,
          "secondary_pprice_diff": 0.22631240111248727,
          "wallet_exposure_limit": 0.1},
 "short": {"auto_unstuck_ema_dist": 0.046316237672674926,
           "auto_unstuck_wallet_exposure_threshold": 0.728911634021238,
           "backwards_tp": true,
           "ema_span_0": 616.2805548582799,
           "ema_span_1": 4570.719984251775,
           "enabled": true,
           "eprice_exp_base": 1.051544887391256,
           "eprice_pprice_diff": 0.03690044940497812,
           "grid_span": 0.17880389602552946,
           "initial_eprice_ema_dist": -0.03430609191848014,
           "initial_qty_pct": 0.02783048312120207,
           "markup_range": 0.06,
           "max_n_entry_orders": 10,
           "min_markup": 0.054871004530392564,
           "n_close_orders": 12,
           "secondary_allocation": 0.02475224271765859,
           "secondary_pprice_diff": 0.2638242318675005,
           "wallet_exposure_limit": 0.1}}