{"config_name": "static_grid_IOTAUSDT_287days",
 "logging_level": 0,
 "long": {"auto_unstuck_ema_dist": 0.03180732912846636,
          "auto_unstuck_wallet_exposure_threshold": 0.49312195562623984,
          "backwards_tp": true,
          "ema_span_0": 1421.1533546588485,
          "ema_span_1": 7524.308048982888,
          "enabled": true,
          "eprice_exp_base": 1.1044489138793372,
          "eprice_pprice_diff": 0.01596191450292342,
          "grid_span": 0.19542064463126232,
          "initial_eprice_ema_dist": -0.08880966344807864,
          "initial_qty_pct": 0.008717127435206813,
          "markup_range": 0.013208655779322356,
          "max_n_entry_orders": 13,
          "min_markup": 0.006411233131561882,
          "n_close_orders": 16,
          "secondary_allocation": 0.47149921861421035,
          "secondary_pprice_diff": 0.054281455323737904,
          "wallet_exposure_limit": 0.1},
 "short": {"auto_unstuck_ema_dist": 0.027647442229823824,
           "auto_unstuck_wallet_exposure_threshold": 0.5727814809349107,
           "backwards_tp": true,
           "ema_span_0": 3727.306628864102,
           "ema_span_1": 6396.984428839141,
           "enabled": true,
           "eprice_exp_base": 1.1541859492754014,
           "eprice_pprice_diff": 0.004627518586874834,
           "grid_span": 0.1,
           "initial_eprice_ema_dist": -0.005996355557963653,
           "initial_qty_pct": 0.017294546103946026,
           "markup_range": 0.0022703165895958557,
           "max_n_entry_orders": 8,
           "min_markup": 0.011505533617722026,
           "n_close_orders": 19,
           "secondary_allocation": 0.06773680174150987,
           "secondary_pprice_diff": 0.2598525908935415,
           "wallet_exposure_limit": 0.1}}