{"config_name": "static_grid_IOTAUSDT_306days",
 "logging_level": 0,
 "long": {"auto_unstuck_ema_dist": 0.052076697501067234,
          "auto_unstuck_wallet_exposure_threshold": 0.5424133995033831,
          "backwards_tp": true,
          "ema_span_0": 4065.771007449608,
          "ema_span_1": 3746.0584917662272,
          "enabled": true,
          "eprice_exp_base": 1.279456483215968,
          "eprice_pprice_diff": 0.01809413934176404,
          "grid_span": 0.19019483923955816,
          "initial_eprice_ema_dist": -0.007004719528639257,
          "initial_qty_pct": 0.007337296775554673,
          "markup_range": 0.01602696893151795,
          "max_n_entry_orders": 11,
          "min_markup": 0.009576447534632836,
          "n_close_orders": 10,
          "secondary_allocation": 0.4190468029302203,
          "secondary_pprice_diff": 0.3415767194781732,
          "wallet_exposure_limit": 0.1},
 "short": {"auto_unstuck_ema_dist": 0.040524279753685805,
           "auto_unstuck_wallet_exposure_threshold": 0.5241982118174499,
           "backwards_tp": true,
           "ema_span_0": 3905.106587658856,
           "ema_span_1": 4395.04069490776,
           "enabled": true,
           "eprice_exp_base": 1.0540949210034667,
           "eprice_pprice_diff": 0.01313999443261966,
           "grid_span": 0.10463226606445801,
           "initial_eprice_ema_dist": -0.015114009702143308,
           "initial_qty_pct": 0.013953147384476486,
           "markup_range": 0.015117943338745507,
           "max_n_entry_orders": 13,
           "min_markup": 0.007810921881561016,
           "n_close_orders": 5,
           "secondary_allocation": 0.13226964995901702,
           "secondary_pprice_diff": 0.2889173927320132,
           "wallet_exposure_limit": 0.1}}