{"config_name": "static_grid_IOTAUSDT_155days",
 "logging_level": 0,
 "long": {"auto_unstuck_ema_dist": 0.016033469314365466,
          "auto_unstuck_wallet_exposure_threshold": 0.6195381073800733,
          "backwards_tp": true,
          "ema_span_0": 610.8123210489698,
          "ema_span_1": 9222.737859142857,
          "enabled": true,
          "eprice_exp_base": 1.5441073051316878,
          "eprice_pprice_diff": 0.04187750832725175,
          "grid_span": 0.31391496264620106,
          "initial_eprice_ema_dist": -0.031545443971402125,
          "initial_qty_pct": 0.04467059611812039,
          "markup_range": 0.029050748883698744,
          "max_n_entry_orders": 10,
          "min_markup": 0.035762146717090174,
          "n_close_orders": 19,
          "secondary_allocation": 0.04969050824574932,
          "secondary_pprice_diff": 0.1758675641815593,
          "wallet_exposure_limit": 0.1},
 "short": {"auto_unstuck_ema_dist": 0.056531561246794135,
           "auto_unstuck_wallet_exposure_threshold": 0.5588301240145804,
           "backwards_tp": true,
           "ema_span_0": 3414.0695859184248,
           "ema_span_1": 1661.6900121704134,
           "enabled": true,
           "eprice_exp_base": 1.371651239003013,
           "eprice_pprice_diff": 0.00733291944546249,
           "grid_span": 0.16830512585536897,
           "initial_eprice_ema_dist": -0.08466147394869203,
           "initial_qty_pct": 0.03082021778465046,
           "markup_range": 0.046894607784617744,
           "max_n_entry_orders": 10,
           "min_markup": 0.04713931755273054,
           "n_close_orders": 9,
           "secondary_allocation": 0.6238947605867222,
           "secondary_pprice_diff": 0.06497806413191395,
           "wallet_exposure_limit": 0.1}}