{"config_name": "static_grid_IOTAUSDT_184days",
 "logging_level": 0,
 "long": {"auto_unstuck_ema_dist": 0.01799332083334858,
          "auto_unstuck_wallet_exposure_threshold": 0.14838989578933834,
          "backwards_tp": true,
          "ema_span_0": 405.9148505243706,
          "ema_span_1": 8808.788626627533,
          "enabled": true,
          "eprice_exp_base": 1.678609897287423,
          "eprice_pprice_diff": 0.04787954702919248,
          "grid_span": 0.20251566296971063,
          "initial_eprice_ema_dist": -0.023399558003436544,
          "initial_qty_pct": 0.012314971616277228,
          "markup_range": 0.03408969678642303,
          "max_n_entry_orders": 10,
          "min_markup": 0.04274780813690778,
          "n_close_orders": 10,
          "secondary_allocation": 0.22235727993033366,
          "secondary_pprice_diff": 0.05484169678669489,
          "wallet_exposure_limit": 0.1},
 "short": {"auto_unstuck_ema_dist": 0.05704777346936027,
           "auto_unstuck_wallet_exposure_threshold": 0.7696654342797535,
           "backwards_tp": true,
           "ema_span_0": 1950.600469793179,
           "ema_span_1": 3472.3664867697084,
           "enabled": true,
           "eprice_exp_base": 1.0550973253634937,
           "eprice_pprice_diff": 0.031568871823900974,
           "grid_span": 0.4226425078631413,
           "initial_eprice_ema_dist": -0.06789414877099456,
           "initial_qty_pct": 0.024610158943912528,
           "markup_range": 0.044745081505789805,
           "max_n_entry_orders": 10,
           "min_markup": 0.04668052126797193,
           "n_close_orders": 12,
           "secondary_allocation": 0.07147737021499723,
           "secondary_pprice_diff": 0.1893952493628461,
           "wallet_exposure_limit": 0.1}}