{"config_name": "static_grid_IOTAUSDT_337days",
 "logging_level": 0,
 "long": {"auto_unstuck_ema_dist": 0.07395107786145158,
          "auto_unstuck_wallet_exposure_threshold": 0.5952046161394402,
          "backwards_tp": true,
          "ema_span_0": 1102.8207508139117,
          "ema_span_1": 4346.561851871225,
          "enabled": true,
          "eprice_exp_base": 1.1458765330970997,
          "eprice_pprice_diff": 0.014556311186124797,
          "grid_span": 0.19487465603332677,
          "initial_eprice_ema_dist": -0.06723184432827832,
          "initial_qty_pct": 0.009408509414798063,
          "markup_range": 0.004761952448410272,
          "max_n_entry_orders": 13,
          "min_markup": 0.009207204341389587,
          "n_close_orders": 14,
          "secondary_allocation": 0,
          "secondary_pprice_diff": 0.49298566537290467,
          "wallet_exposure_limit": 0.1},
 "short": {"auto_unstuck_ema_dist": 0.026615744615192827,
           "auto_unstuck_wallet_exposure_threshold": 0.5084554932341828,
           "backwards_tp": true,
           "ema_span_0": 4320,
           "ema_span_1": 9218.506014863951,
           "enabled": true,
           "eprice_exp_base": 1.1640349737860394,
           "eprice_pprice_diff": 0.0063436878244334275,
           "grid_span": 0.1,
           "initial_eprice_ema_dist": -0.015489188239261242,
           "initial_qty_pct": 0.019195769059922832,
           "markup_range": 0.009099874755264761,
           "max_n_entry_orders": 12,
           "min_markup": 0.006222399635621414,
           "n_close_orders": 8,
           "secondary_allocation": 0,
           "secondary_pprice_diff": 0.4247913684257677,
           "wallet_exposure_limit": 0.1}}