{"config_name": "static_grid_IOTAUSDT_222days",
 "logging_level": 0,
 "long": {"auto_unstuck_ema_dist": 0.08131950824907287,
          "auto_unstuck_wallet_exposure_threshold": 0.4866391828218173,
          "backwards_tp": true,
          "ema_span_0": 3936.030287940463,
          "ema_span_1": 8011.649559913999,
          "enabled": true,
          "eprice_exp_base": 1.1280856895709666,
          "eprice_pprice_diff": 0.019808779344810557,
          "grid_span": 0.21042636061358505,
          "initial_eprice_ema_dist": -0.030309393863896285,
          "initial_qty_pct": 0.007,
          "markup_range": 0.01567321096931198,
          "max_n_entry_orders": 13,
          "min_markup": 0.014533083395074562,
          "n_close_orders": 19,
          "secondary_allocation": 0.3352720576755607,
          "secondary_pprice_diff": 0.25195138351300783,
          "wallet_exposure_limit": 0.1},
 "short": {"auto_unstuck_ema_dist": 0.021943561080216077,
           "auto_unstuck_wallet_exposure_threshold": 0.5455179543266522,
           "backwards_tp": true,
           "ema_span_0": 1507.5028634750227,
           "ema_span_1": 5270.225049688787,
           "enabled": true,
           "eprice_exp_base": 1.3273459979058253,
           "eprice_pprice_diff": 0.006231240086550612,
           "grid_span": 0.1,
           "initial_eprice_ema_dist": 0,
           "initial_qty_pct": 0.020523315266532925,
           "markup_range": 0.01264603485040637,
           "max_n_entry_orders": 11,
           "min_markup": 0.009883899775678292,
           "n_close_orders": 17,
           "secondary_allocation": 0.057421210574907684,
           "secondary_pprice_diff": 0.24436721112252205,
           "wallet_exposure_limit": 0.1}}