{"config_name": "static_grid_IOTAUSDT_216days",
 "logging_level": 0,
 "long": {"auto_unstuck_ema_dist": 0.09815873045698134,
          "auto_unstuck_wallet_exposure_threshold": 0.369331899556852,
          "backwards_tp": true,
          "ema_span_0": 1564.5347807333205,
          "ema_span_1": 8851.62704163926,
          "enabled": true,
          "eprice_exp_base": 1.6391157806943517,
          "eprice_pprice_diff": 0.045483493724685686,
          "grid_span": 0.20538361791993154,
          "initial_eprice_ema_dist": -0.02582301918744205,
          "initial_qty_pct": 0.048813807231237384,
          "markup_range": 0.03361455249179016,
          "max_n_entry_orders": 10,
          "min_markup": 0.025251495622616905,
          "n_close_orders": 26,
          "secondary_allocation": 0.05380324988440622,
          "secondary_pprice_diff": 0.06590764887214852,
          "wallet_exposure_limit": 0.1},
 "short": {"auto_unstuck_ema_dist": 0.0493637951647281,
           "auto_unstuck_wallet_exposure_threshold": 0.4257007219722241,
           "backwards_tp": true,
           "ema_span_0": 3404.2060921836746,
           "ema_span_1": 3587.8119545259447,
           "enabled": true,
           "eprice_exp_base": 1.2430874885648353,
           "eprice_pprice_diff": 0.017763448386255876,
           "grid_span": 0.13063071076393354,
           "initial_eprice_ema_dist": -0.07484166966565091,
           "initial_qty_pct": 0.01163941606635222,
           "markup_range": 0.035313903143445305,
           "max_n_entry_orders": 10,
           "min_markup": 0.05296089560571844,
           "n_close_orders": 19,
           "secondary_allocation": 0.40194181450788036,
           "secondary_pprice_diff": 0.07488895930734416,
           "wallet_exposure_limit": 0.1}}