{"config_name": "static_grid_IOTAUSDT_243days",
 "logging_level": 0,
 "long": {"auto_unstuck_ema_dist": 0.08336063349482,
          "auto_unstuck_wallet_exposure_threshold": 0.6,
          "backwards_tp": true,
          "ema_span_0": 3809.761428520909,
          "ema_span_1": 5446.8153382169385,
          "enabled": true,
          "eprice_exp_base": 1.3187884874556157,
          "eprice_pprice_diff": 0.019524540395226282,
          "grid_span": 0.19182960650909112,
          "initial_eprice_ema_dist": -0.00106807161202397,
          "initial_qty_pct": 0.008049266050437803,
          "markup_range": 0.013214938292782872,
          "max_n_entry_orders": 12,
          "min_markup": 0.013843827644636068,
          "n_close_orders": 17,
          "secondary_allocation": 0.3515740618866903,
          "secondary_pprice_diff": 0.24192043429104326,
          "wallet_exposure_limit": 0.1},
 "short": {"auto_unstuck_ema_dist": 0.028645915026868002,
           "auto_unstuck_wallet_exposure_threshold": 0.5789789042219585,
           "backwards_tp": true,
           "ema_span_0": 4320,
           "ema_span_1": 7081.3532849060275,
           "enabled": true,
           "eprice_exp_base": 1.1463022800057296,
           "eprice_pprice_diff": 0.009012419696976725,
           "grid_span": 0.10141981297198435,
           "initial_eprice_ema_dist": -0.014659102536845572,
           "initial_qty_pct": 0.021484298702228448,
           "markup_range": 0.00849851700862898,
           "max_n_entry_orders": 12,
           "min_markup": 0.0071734948987562785,
           "n_close_orders": 8,
           "secondary_allocation": 0.10037997737699039,
           "secondary_pprice_diff": 0.05398405134811707,
           "wallet_exposure_limit": 0.1}}