{"config_name": "static_grid_IOTAUSDT_215days",
 "logging_level": 0,
 "long": {"auto_unstuck_ema_dist": 0.03742645245714721,
          "auto_unstuck_wallet_exposure_threshold": 0.4449717984495484,
          "backwards_tp": true,
          "ema_span_0": 2827.632890874274,
          "ema_span_1": 1568.7193452425856,
          "enabled": true,
          "eprice_exp_base": 1.0449345783430264,
          "eprice_pprice_diff": 0.012350381019841884,
          "grid_span": 0.2125198887914384,
          "initial_eprice_ema_dist": -0.06284598427486904,
          "initial_qty_pct": 0.008146972940188806,
          "markup_range": 0.015558448349884173,
          "max_n_entry_orders": 13,
          "min_markup": 0.0022301001132712327,
          "n_close_orders": 15,
          "secondary_allocation": 0.20200344497403933,
          "secondary_pprice_diff": 0.09609840855501967,
          "wallet_exposure_limit": 0.1},
 "short": {"auto_unstuck_ema_dist": 0.014932755898212203,
           "auto_unstuck_wallet_exposure_threshold": 0.587883491193337,
           "backwards_tp": true,
           "ema_span_0": 1980.741174296616,
           "ema_span_1": 1039.7436850982376,
           "enabled": true,
           "eprice_exp_base": 1.0299792796064953,
           "eprice_pprice_diff": 0.007948972502416565,
           "grid_span": 0.18459119954862538,
           "initial_eprice_ema_dist": -0.018347658019419427,
           "initial_qty_pct": 0.012095592548547364,
           "markup_range": 0.0248623845511156,
           "max_n_entry_orders": 13,
           "min_markup": 0.0030335490035667007,
           "n_close_orders": 15,
           "secondary_allocation": 0.09936119630422469,
           "secondary_pprice_diff": 0.1249622105275144,
           "wallet_exposure_limit": 0.1}}