{"config_name": "static_grid_IOTAUSDT_279days",
 "logging_level": 0,
 "long": {"auto_unstuck_ema_dist": 0.055738264045777135,
          "auto_unstuck_wallet_exposure_threshold": 0.5128486302479455,
          "backwards_tp": true,
          "ema_span_0": 4294.877950624998,
          "ema_span_1": 2322.792314105173,
          "enabled": true,
          "eprice_exp_base": 1.1510953222974794,
          "eprice_pprice_diff": 0.01614976343156423,
          "grid_span": 0.21638853592134438,
          "initial_eprice_ema_dist": -0.06909848097305905,
          "initial_qty_pct": 0.007,
          "markup_range": 0.007209188457512769,
          "max_n_entry_orders": 13,
          "min_markup": 0.01383182924904371,
          "n_close_orders": 17,
          "secondary_allocation": 0.32630587587785687,
          "secondary_pprice_diff": 0.48218266859093967,
          "wallet_exposure_limit": 0.1},
 "short": {"auto_unstuck_ema_dist": 0.026721189892525775,
           "auto_unstuck_wallet_exposure_threshold": 0.5952410138592485,
           "backwards_tp": true,
           "ema_span_0": 3913.475175467034,
           "ema_span_1": 7006.657008966103,
           "enabled": true,
           "eprice_exp_base": 1.3698486662759615,
           "eprice_pprice_diff": 0.012183144952319943,
           "grid_span": 0.1,
           "initial_eprice_ema_dist": -0.040621702810892536,
           "initial_qty_pct": 0.014418236336954885,
           "markup_range": 0.010408936777951277,
           "max_n_entry_orders": 13,
           "min_markup": 0.011464071084700959,
           "n_close_orders": 13,
           "secondary_allocation": 0.09334028128211118,
           "secondary_pprice_diff": 0.33209102240088656,
           "wallet_exposure_limit": 0.1}}