{"config_name": "static_grid_IOTAUSDT_145days",
 "logging_level": 0,
 "long": {"auto_unstuck_ema_dist": 0.07417786773313616,
          "auto_unstuck_wallet_exposure_threshold": 0.858406098696476,
          "backwards_tp": true,
          "ema_span_0": 979.7596521226285,
          "ema_span_1": 9862.197161558626,
          "enabled": true,
          "eprice_exp_base": 1.9625924584805203,
          "eprice_pprice_diff": 0.013717926804350598,
          "grid_span": 0.3874338510240537,
          "initial_eprice_ema_dist": -0.03481893285577885,
          "initial_qty_pct": 0.05,
          "markup_range": 0.012158459352353011,
          "max_n_entry_orders": 10,
          "min_markup": 0.05106131248510601,
          "n_close_orders": 10,
          "secondary_allocation": 0.4297540390879355,
          "secondary_pprice_diff": 0.13082760629826837,
          "wallet_exposure_limit": 0.1},
 "short": {"auto_unstuck_ema_dist": 0.047037498567004975,
           "auto_unstuck_wallet_exposure_threshold": 0.6677610328229339,
           "backwards_tp": true,
           "ema_span_0": 3358.036686834345,
           "ema_span_1": 4548.09883854818,
           "enabled": true,
           "eprice_exp_base": 1.488679663456343,
           "eprice_pprice_diff": 0.021462428224938015,
           "grid_span": 0.13848680729081675,
           "initial_eprice_ema_dist": -0.062278694327538985,
           "initial_qty_pct": 0.017206692885358817,
           "markup_range": 0.04217514119466294,
           "max_n_entry_orders": 10,
           "min_markup": 0.037193066390894106,
           "n_close_orders": 7,
           "secondary_allocation": 0.6096618402833507,
           "secondary_pprice_diff": 0.055497447388559204,
           "wallet_exposure_limit": 0.1}}