{"config_name": "static_grid_IOTAUSDT_191days",
 "logging_level": 0,
 "long": {"auto_unstuck_ema_dist": 0.0763214248241025,
          "auto_unstuck_wallet_exposure_threshold": 0.7566140411677147,
          "backwards_tp": true,
          "ema_span_0": 783.5214921874606,
          "ema_span_1": 8000.018990207919,
          "enabled": true,
          "eprice_exp_base": 1.6361813197849777,
          "eprice_pprice_diff": 0.02677107558611361,
          "grid_span": 0.1999685030105049,
          "initial_eprice_ema_dist": -0.02777416657387087,
          "initial_qty_pct": 0.01466932597955059,
          "markup_range": 0.025111206772416805,
          "max_n_entry_orders": 10,
          "min_markup": 0.058596184611162165,
          "n_close_orders": 15,
          "secondary_allocation": 0.08802612168996969,
          "secondary_pprice_diff": 0.17534737244540996,
          "wallet_exposure_limit": 0.1},
 "short": {"auto_unstuck_ema_dist": 0.04420764978806367,
           "auto_unstuck_wallet_exposure_threshold": 0.907311573063476,
           "backwards_tp": true,
           "ema_span_0": 4081.7471948285247,
           "ema_span_1": 4495.528736520042,
           "enabled": true,
           "eprice_exp_base": 2.0760554288717614,
           "eprice_pprice_diff": 0.027637480290323577,
           "grid_span": 0.47535352323950075,
           "initial_eprice_ema_dist": -0.03666992595813631,
           "initial_qty_pct": 0.04873286035807901,
           "markup_range": 0.01748290312828117,
           "max_n_entry_orders": 10,
           "min_markup": 0.023552379519463987,
           "n_close_orders": 7,
           "secondary_allocation": 0.38781896974183855,
           "secondary_pprice_diff": 0.15459784281315078,
           "wallet_exposure_limit": 0.1}}