{"config_name": "static_grid_IOTAUSDT_253days",
 "logging_level": 0,
 "long": {"auto_unstuck_ema_dist": 0.07712447628052098,
          "auto_unstuck_wallet_exposure_threshold": 0.5503649437194359,
          "backwards_tp": true,
          "ema_span_0": 4212.364276518466,
          "ema_span_1": 3760.8088124264755,
          "enabled": true,
          "eprice_exp_base": 1.1683411093835738,
          "eprice_pprice_diff": 0.018904651042213935,
          "grid_span": 0.2069499254988521,
          "initial_eprice_ema_dist": -0.07068707405733896,
          "initial_qty_pct": 0.007,
          "markup_range": 0.00848826285192896,
          "max_n_entry_orders": 12,
          "min_markup": 0.012890125897044033,
          "n_close_orders": 20,
          "secondary_allocation": 0,
          "secondary_pprice_diff": 0.4141716932359427,
          "wallet_exposure_limit": 0.1},
 "short": {"auto_unstuck_ema_dist": 0.031481474867854096,
           "auto_unstuck_wallet_exposure_threshold": 0.6,
           "backwards_tp": true,
           "ema_span_0": 3671.995193094549,
           "ema_span_1": 6682.674869985819,
           "enabled": true,
           "eprice_exp_base": 1.1101096495537548,
           "eprice_pprice_diff": 0.004152355014917038,
           "grid_span": 0.1,
           "initial_eprice_ema_dist": -0.0021336930235882597,
           "initial_qty_pct": 0.01094891615847705,
           "markup_range": 0.00402406290002062,
           "max_n_entry_orders": 10,
           "min_markup": 0.011346830023379453,
           "n_close_orders": 10,
           "secondary_allocation": 0.03789359382484524,
           "secondary_pprice_diff": 0.37358679412177614,
           "wallet_exposure_limit": 0.1}}