{"config_name": "static_grid_IOTAUSDT_136days",
 "logging_level": 0,
 "long": {"auto_unstuck_ema_dist": 0.07922862079419592,
          "auto_unstuck_wallet_exposure_threshold": 0.6421478328808704,
          "backwards_tp": true,
          "ema_span_0": 777.7754710895454,
          "ema_span_1": 8645.920335523318,
          "enabled": true,
          "eprice_exp_base": 1.8023574806071487,
          "eprice_pprice_diff": 0.030329353973763476,
          "grid_span": 0.28524843427915425,
          "initial_eprice_ema_dist": -0.037439966906669904,
          "initial_qty_pct": 0.03141925126271146,
          "markup_range": 0.0027004851989359683,
          "max_n_entry_orders": 10,
          "min_markup": 0.03559602416225591,
          "n_close_orders": 29,
          "secondary_allocation": 0.3085008546079934,
          "secondary_pprice_diff": 0.1045005276500155,
          "wallet_exposure_limit": 0.1},
 "short": {"auto_unstuck_ema_dist": 0.05318973414651317,
           "auto_unstuck_wallet_exposure_threshold": 0.7146156188728795,
           "backwards_tp": true,
           "ema_span_0": 3225.62687206685,
           "ema_span_1": 1553.1917623932388,
           "enabled": true,
           "eprice_exp_base": 1.754412900218554,
           "eprice_pprice_diff": 0.028203178159845906,
           "grid_span": 0.23250809798063302,
           "initial_eprice_ema_dist": -0.06561524580571279,
           "initial_qty_pct": 0.04459963901435702,
           "markup_range": 0.0285671048689554,
           "max_n_entry_orders": 10,
           "min_markup": 0.05851845628607652,
           "n_close_orders": 16,
           "secondary_allocation": 0.2257273460965119,
           "secondary_pprice_diff": 0.0650443012030534,
           "wallet_exposure_limit": 0.1}}