{"config_name": "static_grid_IOTAUSDT_176days",
 "logging_level": 0,
 "long": {"auto_unstuck_ema_dist": 0.07585851720967914,
          "auto_unstuck_wallet_exposure_threshold": 0.4762903683146273,
          "backwards_tp": true,
          "ema_span_0": 990.7782957880195,
          "ema_span_1": 10080,
          "enabled": true,
          "eprice_exp_base": 1.304527279344359,
          "eprice_pprice_diff": 0.03843097088952935,
          "grid_span": 0.25995585687354167,
          "initial_eprice_ema_dist": -0.032947187045571834,
          "initial_qty_pct": 0.04665605481253821,
          "markup_range": 0.02838408996637814,
          "max_n_entry_orders": 10,
          "min_markup": 0.03160567427303273,
          "n_close_orders": 29,
          "secondary_allocation": 0.020434980055197366,
          "secondary_pprice_diff": 0.19671705245526147,
          "wallet_exposure_limit": 0.1},
 "short": {"auto_unstuck_ema_dist": 0.06517579768445342,
           "auto_unstuck_wallet_exposure_threshold": 0.16813874340058538,
           "backwards_tp": true,
           "ema_span_0": 1780.779410375687,
           "ema_span_1": 4330.3289188732415,
           "enabled": true,
           "eprice_exp_base": 1.3158713909178805,
           "eprice_pprice_diff": 0.025213389192237614,
           "grid_span": 0.12917281424232546,
           "initial_eprice_ema_dist": -0.03551637866759262,
           "initial_qty_pct": 0.018344344606505848,
           "markup_range": 0.03532094941240903,
           "max_n_entry_orders": 10,
           "min_markup": 0.05458577301605675,
           "n_close_orders": 11,
           "secondary_allocation": 0.043153755485944106,
           "secondary_pprice_diff": 0.28443817724859316,
           "wallet_exposure_limit": 0.1}}