{"config_name": "static_grid_MANAUSDT_248days",
 "logging_level": 0,
 "long": {"auto_unstuck_ema_dist": 0.04922832223631726,
          "auto_unstuck_wallet_exposure_threshold": 0.3668045784037455,
          "backwards_tp": true,
          "ema_span_0": 3106.3406191617864,
          "ema_span_1": 2427.9458995495665,
          "enabled": true,
          "eprice_exp_base": 1.167516327074765,
          "eprice_pprice_diff": 0.03305609064337634,
          "grid_span": 0.26047420439284863,
          "initial_eprice_ema_dist": -0.06579737847292089,
          "initial_qty_pct": 0.007,
          "markup_range": 0.0344278399904423,
          "max_n_entry_orders": 13,
          "min_markup": 0.009601035222373398,
          "n_close_orders": 18,
          "secondary_allocation": 0.20200194944899588,
          "secondary_pprice_diff": 0.30063030555646775,
          "wallet_exposure_limit": 0.1},
 "short": {"auto_unstuck_ema_dist": 0.0913243413176011,
           "auto_unstuck_wallet_exposure_threshold": 0.10227209238729142,
           "backwards_tp": true,
           "ema_span_0": 254.7115424441047,
           "ema_span_1": 595.4810252048991,
           "enabled": true,
           "eprice_exp_base": 1.578313409579372,
           "eprice_pprice_diff": 0.004992026541998994,
           "grid_span": 0.17612215810298298,
           "initial_eprice_ema_dist": -0.06460341968356802,
           "initial_qty_pct": 0.031208440686345443,
           "markup_range": 0.018206650334141244,
           "max_n_entry_orders": 12,
           "min_markup": 0.013445480489997627,
           "n_close_orders": 15,
           "secondary_allocation": 0.22518856426053355,
           "secondary_pprice_diff": 0.05495839913407752,
           "wallet_exposure_limit": 0.1}}