{"config_name": "static_grid_MANAUSDT_328days",
 "logging_level": 0,
 "long": {"auto_unstuck_ema_dist": 0.05129795624654189,
          "auto_unstuck_wallet_exposure_threshold": 0.30512208534785273,
          "backwards_tp": true,
          "ema_span_0": 1066.0861685624227,
          "ema_span_1": 7579.0560818903805,
          "enabled": true,
          "eprice_exp_base": 1.4199430628027907,
          "eprice_pprice_diff": 0.03798580481230872,
          "grid_span": 0.30111667342732457,
          "initial_eprice_ema_dist": -0.06301734001934442,
          "initial_qty_pct": 0.00819109016456406,
          "markup_range": 0.006622671519002208,
          "max_n_entry_orders": 10,
          "min_markup": 0.01821080671005685,
          "n_close_orders": 6,
          "secondary_allocation": 0.12140784368830253,
          "secondary_pprice_diff": 0.09309799585477535,
          "wallet_exposure_limit": 0.1},
 "short": {"auto_unstuck_ema_dist": 0.1,
           "auto_unstuck_wallet_exposure_threshold": 0.029721725885481085,
           "backwards_tp": true,
           "ema_span_0": 1153.114049881025,
           "ema_span_1": 7989.438560561041,
           "enabled": true,
           "eprice_exp_base": 1.4470462795301628,
           "eprice_pprice_diff": 0.04675112943080003,
           "grid_span": 0.46380987080533437,
           "initial_eprice_ema_dist": -0.08194735899566678,
           "initial_qty_pct": 0.02136860669196026,
           "markup_range": 0.009242290281511058,
           "max_n_entry_orders": 8,
           "min_markup": 0.01844264425464014,
           "n_close_orders": 8,
           "secondary_allocation": 0.035092560470245865,
           "secondary_pprice_diff": 0.07336058097180138,
           "wallet_exposure_limit": 0.1}}