{"config_name": "static_grid_MANAUSDT_210days",
 "logging_level": 0,
 "long": {"auto_unstuck_ema_dist": 0.014085453102656666,
          "auto_unstuck_wallet_exposure_threshold": 0.4802037269253735,
          "backwards_tp": true,
          "ema_span_0": 2850.2482282284727,
          "ema_span_1": 7882.313100636481,
          "enabled": true,
          "eprice_exp_base": 1,
          "eprice_pprice_diff": 0.04115553631773803,
          "grid_span": 0.24741441988489607,
          "initial_eprice_ema_dist": -0.0037705243244536713,
          "initial_qty_pct": 0.008909815410713378,
          "markup_range": 0.03807752805581475,
          "max_n_entry_orders": 11,
          "min_markup": 0.011381399883441865,
          "n_close_orders": 18,
          "secondary_allocation": 0.44955738541773504,
          "secondary_pprice_diff": 0.4473002387950776,
          "wallet_exposure_limit": 0.1},
 "short": {"auto_unstuck_ema_dist": 0.03130775993084196,
           "auto_unstuck_wallet_exposure_threshold": 0.5458482436396977,
           "backwards_tp": true,
           "ema_span_0": 1030.9502125101196,
           "ema_span_1": 1420.3716907426926,
           "enabled": true,
           "eprice_exp_base": 1.1815603823033989,
           "eprice_pprice_diff": 0.010529580880906319,
           "grid_span": 0.1,
           "initial_eprice_ema_dist": -0.04601035502110903,
           "initial_qty_pct": 0.011402904662560715,
           "markup_range": 0.01785353589601523,
           "max_n_entry_orders": 12,
           "min_markup": 0.008516471622233483,
           "n_close_orders": 17,
           "secondary_allocation": 0.15720884392077136,
           "secondary_pprice_diff": 0.29360057881000984,
           "wallet_exposure_limit": 0.1}}