{"config_name": "static_grid_MANAUSDT_206days",
 "logging_level": 0,
 "long": {"auto_unstuck_ema_dist": 0.0074438329071931045,
          "auto_unstuck_wallet_exposure_threshold": 0.4708743215679163,
          "backwards_tp": true,
          "ema_span_0": 750.4665241424186,
          "ema_span_1": 9791.234037657157,
          "enabled": true,
          "eprice_exp_base": 1.8310807052546192,
          "eprice_pprice_diff": 0.04636942214795714,
          "grid_span": 0.276032427090941,
          "initial_eprice_ema_dist": -0.020695886275478324,
          "initial_qty_pct": 0.011469685765267905,
          "markup_range": 0.02391402289195424,
          "max_n_entry_orders": 10,
          "min_markup": 0.039509663121218334,
          "n_close_orders": 25,
          "secondary_allocation": 0.05879965686216249,
          "secondary_pprice_diff": 0.21402525068617295,
          "wallet_exposure_limit": 0.1},
 "short": {"auto_unstuck_ema_dist": 0.09710323069807911,
           "auto_unstuck_wallet_exposure_threshold": 0.5653946538572803,
           "backwards_tp": true,
           "ema_span_0": 2884.106704144857,
           "ema_span_1": 8432.893584140955,
           "enabled": true,
           "eprice_exp_base": 1.0303353738438432,
           "eprice_pprice_diff": 0.0037036128745533236,
           "grid_span": 0.10010557179447782,
           "initial_eprice_ema_dist": -0.05303523649762648,
           "initial_qty_pct": 0.0494918957794994,
           "markup_range": 0.021085296070859856,
           "max_n_entry_orders": 10,
           "min_markup": 0.051957709191396965,
           "n_close_orders": 5,
           "secondary_allocation": 0.047945186791993125,
           "secondary_pprice_diff": 0.31794014896473294,
           "wallet_exposure_limit": 0.1}}