{"config_name": "static_grid_MANAUSDT_175days",
 "logging_level": 0,
 "long": {"auto_unstuck_ema_dist": 0.014616368610852758,
          "auto_unstuck_wallet_exposure_threshold": 0.48247319972201974,
          "backwards_tp": true,
          "ema_span_0": 382.94097808069864,
          "ema_span_1": 6864.75059560327,
          "enabled": true,
          "eprice_exp_base": 1.7098979989238405,
          "eprice_pprice_diff": 0.01625903689382472,
          "grid_span": 0.2758731994713946,
          "initial_eprice_ema_dist": -0.025908957818064803,
          "initial_qty_pct": 0.045548630941296124,
          "markup_range": 0.04695211256395194,
          "max_n_entry_orders": 10,
          "min_markup": 0.04140675751923614,
          "n_close_orders": 19,
          "secondary_allocation": 0.22929313552048192,
          "secondary_pprice_diff": 0.05968470888615132,
          "wallet_exposure_limit": 0.1},
 "short": {"auto_unstuck_ema_dist": 0.09705327430833757,
           "auto_unstuck_wallet_exposure_threshold": 0.6128401838446288,
           "backwards_tp": true,
           "ema_span_0": 2893.0088376225654,
           "ema_span_1": 8826.462372504233,
           "enabled": true,
           "eprice_exp_base": 1.5386015549217607,
           "eprice_pprice_diff": 0.0033678726267002456,
           "grid_span": 0.1,
           "initial_eprice_ema_dist": -0.05084749457711586,
           "initial_qty_pct": 0.046338658661973446,
           "markup_range": 0.018872129127487192,
           "max_n_entry_orders": 10,
           "min_markup": 0.05555585506397286,
           "n_close_orders": 8,
           "secondary_allocation": 0.0013146123619253974,
           "secondary_pprice_diff": 0.49066010672001653,
           "wallet_exposure_limit": 0.1}}