{"config_name": "static_grid_MANAUSDT_114days",
 "logging_level": 0,
 "long": {"auto_unstuck_ema_dist": 0.08460642627703069,
          "auto_unstuck_wallet_exposure_threshold": 0.17536570544678393,
          "backwards_tp": true,
          "ema_span_0": 1028.8905310542216,
          "ema_span_1": 10010.31608018374,
          "enabled": true,
          "eprice_exp_base": 1.0609770852586424,
          "eprice_pprice_diff": 0.0033021019737001257,
          "grid_span": 0.21568890801778634,
          "initial_eprice_ema_dist": -0.03373348470558893,
          "initial_qty_pct": 0.04197193169828635,
          "markup_range": 0.02471020467505611,
          "max_n_entry_orders": 10,
          "min_markup": 0.039725569263771396,
          "n_close_orders": 20,
          "secondary_allocation": 0.05718427625160341,
          "secondary_pprice_diff": 0.18114612158897353,
          "wallet_exposure_limit": 0.1},
 "short": {"auto_unstuck_ema_dist": 0.08073868952964744,
           "auto_unstuck_wallet_exposure_threshold": 0.6620135084727948,
           "backwards_tp": true,
           "ema_span_0": 1772.6708007216473,
           "ema_span_1": 9197.372131101529,
           "enabled": true,
           "eprice_exp_base": 1.4396663269198047,
           "eprice_pprice_diff": 0.0032909348693450848,
           "grid_span": 0.18155744746668978,
           "initial_eprice_ema_dist": -0.05340103817221371,
           "initial_qty_pct": 0.03158043272762621,
           "markup_range": 0.015654628272737392,
           "max_n_entry_orders": 10,
           "min_markup": 0.06,
           "n_close_orders": 6,
           "secondary_allocation": 0.019976514444307467,
           "secondary_pprice_diff": 0.33442304154551056,
           "wallet_exposure_limit": 0.1}}