{"config_name": "static_grid_MANAUSDT_274days",
 "logging_level": 0,
 "long": {"auto_unstuck_ema_dist": 0.013760414650321086,
          "auto_unstuck_wallet_exposure_threshold": 0.4883064685124054,
          "backwards_tp": true,
          "ema_span_0": 2720.684603253959,
          "ema_span_1": 3778.4483427828213,
          "enabled": true,
          "eprice_exp_base": 1.0662621615530843,
          "eprice_pprice_diff": 0.032750210315072546,
          "grid_span": 0.2539282472236145,
          "initial_eprice_ema_dist": -0.06256292135255184,
          "initial_qty_pct": 0.00948954197341616,
          "markup_range": 0.03203044792062237,
          "max_n_entry_orders": 7,
          "min_markup": 0.009790563988560631,
          "n_close_orders": 12,
          "secondary_allocation": 0.2171017265949927,
          "secondary_pprice_diff": 0.05920345381167422,
          "wallet_exposure_limit": 0.1},
 "short": {"auto_unstuck_ema_dist": 0.09180815217587528,
           "auto_unstuck_wallet_exposure_threshold": 0.22013451175703017,
           "backwards_tp": true,
           "ema_span_0": 784.7103490317861,
           "ema_span_1": 1798.3747109855365,
           "enabled": true,
           "eprice_exp_base": 1.6117597721022334,
           "eprice_pprice_diff": 0.039687436615797995,
           "grid_span": 0.1127582371714342,
           "initial_eprice_ema_dist": -0.022326237049270864,
           "initial_qty_pct": 0.017117441630225338,
           "markup_range": 0.010811645722632685,
           "max_n_entry_orders": 9,
           "min_markup": 0.004443720369399697,
           "n_close_orders": 6,
           "secondary_allocation": 0.4371653478538686,
           "secondary_pprice_diff": 0.18896967448645974,
           "wallet_exposure_limit": 0.1}}