{"config_name": "static_grid_MANAUSDT_186days",
 "logging_level": 0,
 "long": {"auto_unstuck_ema_dist": 0.012032893891424595,
          "auto_unstuck_wallet_exposure_threshold": 0.518762714209533,
          "backwards_tp": true,
          "ema_span_0": 360,
          "ema_span_1": 9100.0450594631,
          "enabled": true,
          "eprice_exp_base": 1.8840971604251437,
          "eprice_pprice_diff": 0.025363240070045347,
          "grid_span": 0.2659392274147793,
          "initial_eprice_ema_dist": -0.01065863507488505,
          "initial_qty_pct": 0.03956395837249237,
          "markup_range": 0.05034489706649123,
          "max_n_entry_orders": 10,
          "min_markup": 0.04783514579026784,
          "n_close_orders": 16,
          "secondary_allocation": 0.05760509730267121,
          "secondary_pprice_diff": 0.22532351525033323,
          "wallet_exposure_limit": 0.1},
 "short": {"auto_unstuck_ema_dist": 0.09056103762236757,
           "auto_unstuck_wallet_exposure_threshold": 0.8284169261957888,
           "backwards_tp": true,
           "ema_span_0": 3388.4198141279253,
           "ema_span_1": 9321.88020200492,
           "enabled": true,
           "eprice_exp_base": 1.6936176781474137,
           "eprice_pprice_diff": 0.009283045612581507,
           "grid_span": 0.1,
           "initial_eprice_ema_dist": -0.030808130062258344,
           "initial_qty_pct": 0.041910483584700294,
           "markup_range": 0.04883279376400271,
           "max_n_entry_orders": 10,
           "min_markup": 0.05697164531716537,
           "n_close_orders": 12,
           "secondary_allocation": 0.18743580313350378,
           "secondary_pprice_diff": 0.4512296938872906,
           "wallet_exposure_limit": 0.1}}