{"config_name": "static_grid_MANAUSDT_189days",
 "logging_level": 0,
 "long": {"auto_unstuck_ema_dist": 0.03462657938886248,
          "auto_unstuck_wallet_exposure_threshold": 0.6737540400782966,
          "backwards_tp": true,
          "ema_span_0": 2456.879504373823,
          "ema_span_1": 6925.81292052778,
          "enabled": true,
          "eprice_exp_base": 1.5768925513398577,
          "eprice_pprice_diff": 0.0451695711108337,
          "grid_span": 0.28582203346190876,
          "initial_eprice_ema_dist": -0.059025855213231074,
          "initial_qty_pct": 0.022623270926901067,
          "markup_range": 0.022160802130766537,
          "max_n_entry_orders": 10,
          "min_markup": 0.05627610620078655,
          "n_close_orders": 13,
          "secondary_allocation": 0.17095790096218214,
          "secondary_pprice_diff": 0.21676709558039248,
          "wallet_exposure_limit": 0.1},
 "short": {"auto_unstuck_ema_dist": 0.01759098407463963,
           "auto_unstuck_wallet_exposure_threshold": 0.9394339913316819,
           "backwards_tp": true,
           "ema_span_0": 2766.8654776154044,
           "ema_span_1": 7560.710614259279,
           "enabled": true,
           "eprice_exp_base": 1.0316450600107958,
           "eprice_pprice_diff": 0.0071286704985566015,
           "grid_span": 0.4394787133628441,
           "initial_eprice_ema_dist": -0.08029277465286126,
           "initial_qty_pct": 0.04734686215336465,
           "markup_range": 0.005444523015662954,
           "max_n_entry_orders": 10,
           "min_markup": 0.03470313317776188,
           "n_close_orders": 29,
           "secondary_allocation": 0.3564014821363708,
           "secondary_pprice_diff": 0.39142707045579483,
           "wallet_exposure_limit": 0.1}}