{"config_name": "static_grid_MANAUSDT_131days",
 "logging_level": 0,
 "long": {"auto_unstuck_ema_dist": 0.0659080784296899,
          "auto_unstuck_wallet_exposure_threshold": 0.22522588709970454,
          "backwards_tp": true,
          "ema_span_0": 4320,
          "ema_span_1": 9904.126013169629,
          "enabled": true,
          "eprice_exp_base": 1.4291295545653067,
          "eprice_pprice_diff": 0.0490345470098171,
          "grid_span": 0.2621204698463277,
          "initial_eprice_ema_dist": -0.08522805976540546,
          "initial_qty_pct": 0.05,
          "markup_range": 0.04633914642086244,
          "max_n_entry_orders": 10,
          "min_markup": 0.0455541028136715,
          "n_close_orders": 11,
          "secondary_allocation": 0.07141021567797795,
          "secondary_pprice_diff": 0.22230587734315208,
          "wallet_exposure_limit": 0.1},
 "short": {"auto_unstuck_ema_dist": 0.043670116319088896,
           "auto_unstuck_wallet_exposure_threshold": 0.47363195182481144,
           "backwards_tp": true,
           "ema_span_0": 3707.7693578384333,
           "ema_span_1": 6090.804971459832,
           "enabled": true,
           "eprice_exp_base": 1.368625245863384,
           "eprice_pprice_diff": 0.009580546211563503,
           "grid_span": 0.19438453814759393,
           "initial_eprice_ema_dist": -0.049159797692337644,
           "initial_qty_pct": 0.031909374216440654,
           "markup_range": 0.01250209466582152,
           "max_n_entry_orders": 10,
           "min_markup": 0.05300749784433097,
           "n_close_orders": 11,
           "secondary_allocation": 0.06414706799126245,
           "secondary_pprice_diff": 0.4274012312959278,
           "wallet_exposure_limit": 0.1}}