{"config_name": "static_grid_MATICUSDT_100days",
 "logging_level": 0,
 "long": {"auto_unstuck_ema_dist": 0.09180037548704,
          "auto_unstuck_wallet_exposure_threshold": 0.6644334357720949,
          "backwards_tp": true,
          "ema_span_0": 856.2410874624267,
          "ema_span_1": 2231.403250638122,
          "enabled": true,
          "eprice_exp_base": 1.0796912815495343,
          "eprice_pprice_diff": 0.04911032345080239,
          "grid_span": 0.30032349619910303,
          "initial_eprice_ema_dist": -0.04864916868975802,
          "initial_qty_pct": 0.01631216308954022,
          "markup_range": 0.05426353979120411,
          "max_n_entry_orders": 10,
          "min_markup": 0.05670912754270588,
          "n_close_orders": 30,
          "secondary_allocation": 0.30448919517867595,
          "secondary_pprice_diff": 0.26292391959148265,
          "wallet_exposure_limit": 0.1},
 "short": {"auto_unstuck_ema_dist": 0.09938716964816752,
           "auto_unstuck_wallet_exposure_threshold": 0.04112893315385898,
           "backwards_tp": true,
           "ema_span_0": 2377.7237113455985,
           "ema_span_1": 2825.6159684172394,
           "enabled": true,
           "eprice_exp_base": 1.9738626200715121,
           "eprice_pprice_diff": 0.021957243410111692,
           "grid_span": 0.5918415788842982,
           "initial_eprice_ema_dist": -0.03541485159062032,
           "initial_qty_pct": 0.015183956772242978,
           "markup_range": 0.021243886967822624,
           "max_n_entry_orders": 10,
           "min_markup": 0.055921657842473285,
           "n_close_orders": 22,
           "secondary_allocation": 0.1999330174934779,
           "secondary_pprice_diff": 0.19703067439581293,
           "wallet_exposure_limit": 0.1}}