{"config_name": "static_grid_NEARUSDT_319days",
 "logging_level": 0,
 "long": {"auto_unstuck_ema_dist": 0.024551598675842636,
          "auto_unstuck_wallet_exposure_threshold": 0,
          "backwards_tp": true,
          "ema_span_0": 1858.9975458209558,
          "ema_span_1": 8921.159273806632,
          "enabled": true,
          "eprice_exp_base": 1.1597396403918931,
          "eprice_pprice_diff": 0.037659064073572196,
          "grid_span": 0.21058078598046526,
          "initial_eprice_ema_dist": -0.04952176420205385,
          "initial_qty_pct": 0.007,
          "markup_range": 0.037842940148430086,
          "max_n_entry_orders": 12,
          "min_markup": 0.02,
          "n_close_orders": 13,
          "secondary_allocation": 0.6342983671832674,
          "secondary_pprice_diff": 0.11548594135579064,
          "wallet_exposure_limit": 0.1},
 "short": {"auto_unstuck_ema_dist": 0.047691661310840926,
           "auto_unstuck_wallet_exposure_threshold": 0.25441100831129854,
           "backwards_tp": true,
           "ema_span_0": 928.8018043486433,
           "ema_span_1": 558.5349790928503,
           "enabled": true,
           "eprice_exp_base": 1.1060984086382097,
           "eprice_pprice_diff": 0.028516351600769818,
           "grid_span": 0.17072515308750943,
           "initial_eprice_ema_dist": -0.01934651073688714,
           "initial_qty_pct": 0.013195406769888616,
           "markup_range": 0.017501542413409746,
           "max_n_entry_orders": 13,
           "min_markup": 0.019783230135309623,
           "n_close_orders": 6,
           "secondary_allocation": 0.1734852630790043,
           "secondary_pprice_diff": 0.11489327673750743,
           "wallet_exposure_limit": 0.1}}