{"config_name": "static_grid_NEARUSDT_104days",
 "logging_level": 0,
 "long": {"auto_unstuck_ema_dist": 0.0691510624392991,
          "auto_unstuck_wallet_exposure_threshold": 0.5625456131835677,
          "backwards_tp": true,
          "ema_span_0": 4163.652488713571,
          "ema_span_1": 7787.614279466641,
          "enabled": true,
          "eprice_exp_base": 1.4644917682147838,
          "eprice_pprice_diff": 0.03821119060556072,
          "grid_span": 0.3919551829912649,
          "initial_eprice_ema_dist": 0,
          "initial_qty_pct": 0.01,
          "markup_range": 0.03061274718806634,
          "max_n_entry_orders": 10,
          "min_markup": 0.05815349820556185,
          "n_close_orders": 8,
          "secondary_allocation": 0.5038407051727507,
          "secondary_pprice_diff": 0.20256007267956955,
          "wallet_exposure_limit": 0.1},
 "short": {"auto_unstuck_ema_dist": 0.08600745954896483,
           "auto_unstuck_wallet_exposure_threshold": 0.7211651530255253,
           "backwards_tp": true,
           "ema_span_0": 696.7695433708515,
           "ema_span_1": 1440,
           "enabled": true,
           "eprice_exp_base": 1.0989196476128955,
           "eprice_pprice_diff": 0.016877055895702216,
           "grid_span": 0.162542741461604,
           "initial_eprice_ema_dist": -0.09476700761938514,
           "initial_qty_pct": 0.03370115087279016,
           "markup_range": 0.04353266302595133,
           "max_n_entry_orders": 10,
           "min_markup": 0.05374339205628767,
           "n_close_orders": 30,
           "secondary_allocation": 0,
           "secondary_pprice_diff": 0.1662145419643047,
           "wallet_exposure_limit": 0.1}}