{"config_name": "static_grid_NEARUSDT_240days",
 "logging_level": 0,
 "long": {"auto_unstuck_ema_dist": 0.028463777665860175,
          "auto_unstuck_wallet_exposure_threshold": 0.21304810603239388,
          "backwards_tp": true,
          "ema_span_0": 1723.4310465822057,
          "ema_span_1": 10080,
          "enabled": true,
          "eprice_exp_base": 1.3695475997268176,
          "eprice_pprice_diff": 0.03179482797334955,
          "grid_span": 0.2750003852202481,
          "initial_eprice_ema_dist": -0.04094283116052208,
          "initial_qty_pct": 0.007,
          "markup_range": 0.03615558728561229,
          "max_n_entry_orders": 12,
          "min_markup": 0.010862227697804054,
          "n_close_orders": 20,
          "secondary_allocation": 0.04600068500027588,
          "secondary_pprice_diff": 0.11097719457945154,
          "wallet_exposure_limit": 0.1},
 "short": {"auto_unstuck_ema_dist": 0.056699827620961284,
           "auto_unstuck_wallet_exposure_threshold": 0.34137814631971974,
           "backwards_tp": true,
           "ema_span_0": 1239.3555299819254,
           "ema_span_1": 2788.0752237215265,
           "enabled": true,
           "eprice_exp_base": 1.0638095620308377,
           "eprice_pprice_diff": 0.026519443682394377,
           "grid_span": 0.16796214474104354,
           "initial_eprice_ema_dist": -0.09696117503434346,
           "initial_qty_pct": 0.007886278263479396,
           "markup_range": 0.02052961380445086,
           "max_n_entry_orders": 11,
           "min_markup": 0.015724712722528813,
           "n_close_orders": 7,
           "secondary_allocation": 0.09885021990943495,
           "secondary_pprice_diff": 0.08507220925059919,
           "wallet_exposure_limit": 0.1}}