{"config_name": "static_grid_NEARUSDT_230days",
 "logging_level": 0,
 "long": {"auto_unstuck_ema_dist": 0.045241880253964174,
          "auto_unstuck_wallet_exposure_threshold": 0.010036125455276497,
          "backwards_tp": true,
          "ema_span_0": 1535.7939700244501,
          "ema_span_1": 7743.475053362535,
          "enabled": true,
          "eprice_exp_base": 1.6531877355080478,
          "eprice_pprice_diff": 0.01242891654182901,
          "grid_span": 0.13664028805754488,
          "initial_eprice_ema_dist": -0.0018490780196351838,
          "initial_qty_pct": 0.00759525668274123,
          "markup_range": 0.005822198175577792,
          "max_n_entry_orders": 12,
          "min_markup": 0.006645606874457162,
          "n_close_orders": 10,
          "secondary_allocation": 0.4256529899592367,
          "secondary_pprice_diff": 0.06925423236540416,
          "wallet_exposure_limit": 0.1},
 "short": {"auto_unstuck_ema_dist": 0.07832998410770377,
           "auto_unstuck_wallet_exposure_threshold": 0.05479378899937921,
           "backwards_tp": true,
           "ema_span_0": 616.1883209412808,
           "ema_span_1": 565.6169192775146,
           "enabled": true,
           "eprice_exp_base": 1.2038885595890907,
           "eprice_pprice_diff": 0.017887209279815134,
           "grid_span": 0.17745148826973425,
           "initial_eprice_ema_dist": -0.00749388086200905,
           "initial_qty_pct": 0.007,
           "markup_range": 0.015254471450961725,
           "max_n_entry_orders": 13,
           "min_markup": 0.01881980811323681,
           "n_close_orders": 8,
           "secondary_allocation": 0.0424295383201719,
           "secondary_pprice_diff": 0.22505902425569116,
           "wallet_exposure_limit": 0.1}}