{"config_name": "static_grid_NEARUSDT_188days",
 "logging_level": 0,
 "long": {"auto_unstuck_ema_dist": 0.09926745728555204,
          "auto_unstuck_wallet_exposure_threshold": 0.3101307407335731,
          "backwards_tp": true,
          "ema_span_0": 3575.177290823657,
          "ema_span_1": 10080,
          "enabled": true,
          "eprice_exp_base": 1.269319685367161,
          "eprice_pprice_diff": 0.035883137805562376,
          "grid_span": 0.42016823610637394,
          "initial_eprice_ema_dist": -0.006794267791762576,
          "initial_qty_pct": 0.03849422054642109,
          "markup_range": 0.036366948113261625,
          "max_n_entry_orders": 10,
          "min_markup": 0.057033469569665075,
          "n_close_orders": 10,
          "secondary_allocation": 0.05247657942818332,
          "secondary_pprice_diff": 0.45811450152128147,
          "wallet_exposure_limit": 0.1},
 "short": {"auto_unstuck_ema_dist": 0.0755181926547217,
           "auto_unstuck_wallet_exposure_threshold": 0.6493741863288882,
           "backwards_tp": true,
           "ema_span_0": 506.3967386272326,
           "ema_span_1": 1667.4024137618094,
           "enabled": true,
           "eprice_exp_base": 1.4820840933473802,
           "eprice_pprice_diff": 0.013358934074147576,
           "grid_span": 0.11531989247325472,
           "initial_eprice_ema_dist": -0.06416149915715294,
           "initial_qty_pct": 0.025385260503708797,
           "markup_range": 0.03775217539617715,
           "max_n_entry_orders": 10,
           "min_markup": 0.04698468712977649,
           "n_close_orders": 16,
           "secondary_allocation": 0.315018997418691,
           "secondary_pprice_diff": 0.25409492660349015,
           "wallet_exposure_limit": 0.1}}