{"config_name": "static_grid_NEARUSDT_162days",
 "logging_level": 0,
 "long": {"auto_unstuck_ema_dist": 0.0939575374567766,
          "auto_unstuck_wallet_exposure_threshold": 0.5824962528734724,
          "backwards_tp": true,
          "ema_span_0": 3830.0301605422437,
          "ema_span_1": 4447.991616235134,
          "enabled": true,
          "eprice_exp_base": 1.8745288948237429,
          "eprice_pprice_diff": 0.004028534820217495,
          "grid_span": 0.560326884766664,
          "initial_eprice_ema_dist": -0.05329987011080664,
          "initial_qty_pct": 0.022325554629302614,
          "markup_range": 0.05585069702168315,
          "max_n_entry_orders": 10,
          "min_markup": 0.056818155517824834,
          "n_close_orders": 22,
          "secondary_allocation": 0.10181650756361373,
          "secondary_pprice_diff": 0.4836853353520164,
          "wallet_exposure_limit": 0.1},
 "short": {"auto_unstuck_ema_dist": 0.0914212356410913,
           "auto_unstuck_wallet_exposure_threshold": 0.6666441629969433,
           "backwards_tp": true,
           "ema_span_0": 3586.3398201352575,
           "ema_span_1": 4346.244149916006,
           "enabled": true,
           "eprice_exp_base": 1.148471097126781,
           "eprice_pprice_diff": 0.011583503191838986,
           "grid_span": 0.16783697669363065,
           "initial_eprice_ema_dist": -0.06710409196616668,
           "initial_qty_pct": 0.042358624217951335,
           "markup_range": 0.03211639939228997,
           "max_n_entry_orders": 10,
           "min_markup": 0.012307094407067934,
           "n_close_orders": 17,
           "secondary_allocation": 0,
           "secondary_pprice_diff": 0.32693925266150264,
           "wallet_exposure_limit": 0.1}}