{"config_name": "static_grid_NEARUSDT_173days",
 "logging_level": 0,
 "long": {"auto_unstuck_ema_dist": 0.07662156856273399,
          "auto_unstuck_wallet_exposure_threshold": 0.722519213139008,
          "backwards_tp": true,
          "ema_span_0": 4199.1154395113,
          "ema_span_1": 5281.149868072888,
          "enabled": true,
          "eprice_exp_base": 1.2694442724572286,
          "eprice_pprice_diff": 0.04659970119087668,
          "grid_span": 0.29640394818683874,
          "initial_eprice_ema_dist": -0.05555092925326789,
          "initial_qty_pct": 0.010086602310162611,
          "markup_range": 0.02207622124590676,
          "max_n_entry_orders": 10,
          "min_markup": 0.05944836004464511,
          "n_close_orders": 17,
          "secondary_allocation": 0.5681991652900628,
          "secondary_pprice_diff": 0.16867773431948213,
          "wallet_exposure_limit": 0.1},
 "short": {"auto_unstuck_ema_dist": 0.09216237577527303,
           "auto_unstuck_wallet_exposure_threshold": 0.004242354637258139,
           "backwards_tp": true,
           "ema_span_0": 1097.4372193934832,
           "ema_span_1": 1489.3104442457632,
           "enabled": true,
           "eprice_exp_base": 1.0153726955584463,
           "eprice_pprice_diff": 0.0036888404005588076,
           "grid_span": 0.4019727684891105,
           "initial_eprice_ema_dist": -0.09684609290697996,
           "initial_qty_pct": 0.04963368991688879,
           "markup_range": 0.024922337004013785,
           "max_n_entry_orders": 10,
           "min_markup": 0.052852355911329474,
           "n_close_orders": 18,
           "secondary_allocation": 0.006954037955896225,
           "secondary_pprice_diff": 0.13086174116406457,
           "wallet_exposure_limit": 0.1}}