{"config_name": "static_grid_NEARUSDT_208days",
 "logging_level": 0,
 "long": {"auto_unstuck_ema_dist": 0.051615918851735554,
          "auto_unstuck_wallet_exposure_threshold": 0.14892706836828587,
          "backwards_tp": true,
          "ema_span_0": 2168.138956783374,
          "ema_span_1": 9678.31550341096,
          "enabled": true,
          "eprice_exp_base": 1.0617042169197592,
          "eprice_pprice_diff": 0.03607364443113493,
          "grid_span": 0.26588539834358116,
          "initial_eprice_ema_dist": -0.03293272257126965,
          "initial_qty_pct": 0.007,
          "markup_range": 0.04,
          "max_n_entry_orders": 8,
          "min_markup": 0.016871114964912733,
          "n_close_orders": 12,
          "secondary_allocation": 0.53875255306863,
          "secondary_pprice_diff": 0.05,
          "wallet_exposure_limit": 0.1},
 "short": {"auto_unstuck_ema_dist": 0.06509158257358964,
           "auto_unstuck_wallet_exposure_threshold": 0.13911548797070886,
           "backwards_tp": true,
           "ema_span_0": 3219.516193319112,
           "ema_span_1": 1423.9006655643527,
           "enabled": true,
           "eprice_exp_base": 1.0532425856032512,
           "eprice_pprice_diff": 0.020778267102170088,
           "grid_span": 0.1793318212040862,
           "initial_eprice_ema_dist": -0.021038904423090043,
           "initial_qty_pct": 0.009838218484863137,
           "markup_range": 0.018624876238102214,
           "max_n_entry_orders": 13,
           "min_markup": 0.01386262341561762,
           "n_close_orders": 7,
           "secondary_allocation": 0.004891093813269267,
           "secondary_pprice_diff": 0.12320527426545695,
           "wallet_exposure_limit": 0.1}}