{"config_name": "static_grid_NEARUSDT_332days",
 "logging_level": 0,
 "long": {"auto_unstuck_ema_dist": 0.020883501883322143,
          "auto_unstuck_wallet_exposure_threshold": 0.1358893481678696,
          "backwards_tp": true,
          "ema_span_0": 1780.0271751110515,
          "ema_span_1": 4278.684940972752,
          "enabled": true,
          "eprice_exp_base": 1.2095729529242816,
          "eprice_pprice_diff": 0.01567492051612872,
          "grid_span": 0.281399603771841,
          "initial_eprice_ema_dist": -0.06488372280796782,
          "initial_qty_pct": 0.007,
          "markup_range": 0.003988883207194465,
          "max_n_entry_orders": 11,
          "min_markup": 0.005806555580714407,
          "n_close_orders": 14,
          "secondary_allocation": 0,
          "secondary_pprice_diff": 0.05,
          "wallet_exposure_limit": 0.1},
 "short": {"auto_unstuck_ema_dist": 0.0999050820813684,
           "auto_unstuck_wallet_exposure_threshold": 0.034428179242223744,
           "backwards_tp": true,
           "ema_span_0": 1387.7330984261303,
           "ema_span_1": 1453.0178606599798,
           "enabled": true,
           "eprice_exp_base": 1.095512816582992,
           "eprice_pprice_diff": 0.01960037290970003,
           "grid_span": 0.2912967038718925,
           "initial_eprice_ema_dist": -0.0459080989618818,
           "initial_qty_pct": 0.008048367597659582,
           "markup_range": 0.009805111197433538,
           "max_n_entry_orders": 13,
           "min_markup": 0.017867942738220916,
           "n_close_orders": 7,
           "secondary_allocation": 0.04213173401377749,
           "secondary_pprice_diff": 0.38474370889152437,
           "wallet_exposure_limit": 0.1}}