{"config_name": "static_grid_NEARUSDT_262days",
 "logging_level": 0,
 "long": {"auto_unstuck_ema_dist": 0.0649968162098125,
          "auto_unstuck_wallet_exposure_threshold": 0.18463236953428402,
          "backwards_tp": true,
          "ema_span_0": 1882.1155558941193,
          "ema_span_1": 8873.463357125911,
          "enabled": true,
          "eprice_exp_base": 1.2278528224118113,
          "eprice_pprice_diff": 0.039584854557177175,
          "grid_span": 0.11017001614603823,
          "initial_eprice_ema_dist": -0.07885388643683994,
          "initial_qty_pct": 0.007850454547112244,
          "markup_range": 0.020816376397130677,
          "max_n_entry_orders": 10,
          "min_markup": 0.014340984984136567,
          "n_close_orders": 6,
          "secondary_allocation": 0.46916333308863767,
          "secondary_pprice_diff": 0.10252588200042605,
          "wallet_exposure_limit": 0.1},
 "short": {"auto_unstuck_ema_dist": 0.026931777852701747,
           "auto_unstuck_wallet_exposure_threshold": 0.32187965698830207,
           "backwards_tp": true,
           "ema_span_0": 4126.945208627362,
           "ema_span_1": 4519.959185015991,
           "enabled": true,
           "eprice_exp_base": 1.1688019303522392,
           "eprice_pprice_diff": 0.02008792168388406,
           "grid_span": 0.2737790935882141,
           "initial_eprice_ema_dist": -0.06708438417436716,
           "initial_qty_pct": 0.007,
           "markup_range": 0.012590391568170154,
           "max_n_entry_orders": 13,
           "min_markup": 0.01770274980261651,
           "n_close_orders": 11,
           "secondary_allocation": 0.14804535577246472,
           "secondary_pprice_diff": 0.4808828581900932,
           "wallet_exposure_limit": 0.1}}