{"config_name": "static_grid_NEARUSDT_218days",
 "logging_level": 0,
 "long": {"auto_unstuck_ema_dist": 0.024742844474169006,
          "auto_unstuck_wallet_exposure_threshold": 0.005418451038181348,
          "backwards_tp": true,
          "ema_span_0": 3548.7218704478923,
          "ema_span_1": 8992.768016398606,
          "enabled": true,
          "eprice_exp_base": 1.1778255210398083,
          "eprice_pprice_diff": 0.037734200289547104,
          "grid_span": 0.2728225682239408,
          "initial_eprice_ema_dist": -0.06511779405626067,
          "initial_qty_pct": 0.007,
          "markup_range": 0.03746582954365384,
          "max_n_entry_orders": 12,
          "min_markup": 0.0168257272303059,
          "n_close_orders": 15,
          "secondary_allocation": 0.45736938124427373,
          "secondary_pprice_diff": 0.06494321161230285,
          "wallet_exposure_limit": 0.1},
 "short": {"auto_unstuck_ema_dist": 0.08527494300953015,
           "auto_unstuck_wallet_exposure_threshold": 0.022787317497212255,
           "backwards_tp": true,
           "ema_span_0": 1319.8456239184975,
           "ema_span_1": 2279.097814532258,
           "enabled": true,
           "eprice_exp_base": 1.3320461050813481,
           "eprice_pprice_diff": 0.013137780260191172,
           "grid_span": 0.14531408363220435,
           "initial_eprice_ema_dist": -0.034976974841838246,
           "initial_qty_pct": 0.007162634292704816,
           "markup_range": 0.014484245802084565,
           "max_n_entry_orders": 7,
           "min_markup": 0.01665352000180673,
           "n_close_orders": 14,
           "secondary_allocation": 0.07705680753573367,
           "secondary_pprice_diff": 0.11260389785933742,
           "wallet_exposure_limit": 0.1}}