{"config_name": "static_grid_NEARUSDT_235days",
 "logging_level": 0,
 "long": {"auto_unstuck_ema_dist": 0.07868750529942421,
          "auto_unstuck_wallet_exposure_threshold": 0.40670883556604365,
          "backwards_tp": true,
          "ema_span_0": 3986.9600105877425,
          "ema_span_1": 6070.809280384999,
          "enabled": true,
          "eprice_exp_base": 1.14302769691482,
          "eprice_pprice_diff": 0.040117909236601274,
          "grid_span": 0.2588455092407219,
          "initial_eprice_ema_dist": -0.0005267313624713926,
          "initial_qty_pct": 0.00914829564610136,
          "markup_range": 0.025058519276771152,
          "max_n_entry_orders": 10,
          "min_markup": 0.018110407364596803,
          "n_close_orders": 7,
          "secondary_allocation": 0.5250839672252928,
          "secondary_pprice_diff": 0.10851551000870646,
          "wallet_exposure_limit": 0.1},
 "short": {"auto_unstuck_ema_dist": 0.019171298440368346,
           "auto_unstuck_wallet_exposure_threshold": 0.19239718951758372,
           "backwards_tp": true,
           "ema_span_0": 303.04275046619244,
           "ema_span_1": 198.68417896579598,
           "enabled": true,
           "eprice_exp_base": 1.1505142462733866,
           "eprice_pprice_diff": 0.018532083685473252,
           "grid_span": 0.19662213916104845,
           "initial_eprice_ema_dist": -0.1,
           "initial_qty_pct": 0.011417904299718755,
           "markup_range": 0.015350389637412618,
           "max_n_entry_orders": 11,
           "min_markup": 0.016754866637103925,
           "n_close_orders": 13,
           "secondary_allocation": 0.07530901336142011,
           "secondary_pprice_diff": 0.07748463859793933,
           "wallet_exposure_limit": 0.1}}