{"config_name": "static_grid_NEARUSDT_230days",
 "logging_level": 0,
 "long": {"auto_unstuck_ema_dist": 0.08103261843119311,
          "auto_unstuck_wallet_exposure_threshold": 0.22539935527502977,
          "backwards_tp": true,
          "ema_span_0": 3243.7501313320663,
          "ema_span_1": 9756.496763975772,
          "enabled": true,
          "eprice_exp_base": 1.2658947456105138,
          "eprice_pprice_diff": 0.0384779722345783,
          "grid_span": 0.2096488057304739,
          "initial_eprice_ema_dist": -0.06536779614254142,
          "initial_qty_pct": 0.007,
          "markup_range": 0.03823801261518333,
          "max_n_entry_orders": 11,
          "min_markup": 0.017901308877527316,
          "n_close_orders": 13,
          "secondary_allocation": 0.6304815267955619,
          "secondary_pprice_diff": 0.1161824689593216,
          "wallet_exposure_limit": 0.1},
 "short": {"auto_unstuck_ema_dist": 0.05135461856015145,
           "auto_unstuck_wallet_exposure_threshold": 0.33147593912643913,
           "backwards_tp": true,
           "ema_span_0": 3305.1198870461076,
           "ema_span_1": 2658.710426692006,
           "enabled": true,
           "eprice_exp_base": 1.134302695960635,
           "eprice_pprice_diff": 0.010415727765347502,
           "grid_span": 0.2388084139884644,
           "initial_eprice_ema_dist": -0.06027122534908193,
           "initial_qty_pct": 0.0071511022591530206,
           "markup_range": 0.0024486179926381324,
           "max_n_entry_orders": 12,
           "min_markup": 0.009854255874966985,
           "n_close_orders": 19,
           "secondary_allocation": 0.14489917657392165,
           "secondary_pprice_diff": 0.10145975247884136,
           "wallet_exposure_limit": 0.1}}