{"config_name": "static_grid_ROSEUSDT_239days",
 "logging_level": 0,
 "long": {"auto_unstuck_ema_dist": 0.024186226127301196,
          "auto_unstuck_wallet_exposure_threshold": 0.37326201056650193,
          "backwards_tp": true,
          "ema_span_0": 1330.7805745260978,
          "ema_span_1": 182.59903757690853,
          "enabled": true,
          "eprice_exp_base": 1.080558563165053,
          "eprice_pprice_diff": 0.012317588222972981,
          "grid_span": 0.19166159524815984,
          "initial_eprice_ema_dist": -0.06277781477760311,
          "initial_qty_pct": 0.011399505669432498,
          "markup_range": 0.0009904055567603507,
          "max_n_entry_orders": 12,
          "min_markup": 0.006393292634316624,
          "n_close_orders": 7,
          "secondary_allocation": 0.04853439023679988,
          "secondary_pprice_diff": 0.1721431791244388,
          "wallet_exposure_limit": 0.1},
 "short": {"auto_unstuck_ema_dist": 0.07168079993821605,
           "auto_unstuck_wallet_exposure_threshold": 0.2698403767809603,
           "backwards_tp": true,
           "ema_span_0": 1569.4907188012323,
           "ema_span_1": 5498.187692220181,
           "enabled": true,
           "eprice_exp_base": 1.1868981893600652,
           "eprice_pprice_diff": 0.014957197709120233,
           "grid_span": 0.2467445885588673,
           "initial_eprice_ema_dist": -0.013040533321498904,
           "initial_qty_pct": 0.007,
           "markup_range": 0.0055210837440540506,
           "max_n_entry_orders": 12,
           "min_markup": 0.01935188186653645,
           "n_close_orders": 10,
           "secondary_allocation": 0.03258283174672855,
           "secondary_pprice_diff": 0.23892869316305557,
           "wallet_exposure_limit": 0.1}}