{"config_name": "static_grid_ROSEUSDT_185days",
 "logging_level": 0,
 "long": {"auto_unstuck_ema_dist": 0.08038186711411904,
          "auto_unstuck_wallet_exposure_threshold": 0.7029225951544575,
          "backwards_tp": true,
          "ema_span_0": 4083.6168948045897,
          "ema_span_1": 7652.624767454275,
          "enabled": true,
          "eprice_exp_base": 1.6795226496948972,
          "eprice_pprice_diff": 0.018313416449453647,
          "grid_span": 0.6662690315814629,
          "initial_eprice_ema_dist": -0.000535441721575526,
          "initial_qty_pct": 0.04875817647496129,
          "markup_range": 0.05742600993520879,
          "max_n_entry_orders": 10,
          "min_markup": 0.05658183234337688,
          "n_close_orders": 24,
          "secondary_allocation": 0.4355461760725671,
          "secondary_pprice_diff": 0.20325552852758838,
          "wallet_exposure_limit": 0.1},
 "short": {"auto_unstuck_ema_dist": 0.0769964650888654,
           "auto_unstuck_wallet_exposure_threshold": 0.8075917080184625,
           "backwards_tp": true,
           "ema_span_0": 1819.4757987573196,
           "ema_span_1": 2341.8665078296085,
           "enabled": true,
           "eprice_exp_base": 1.775826852398271,
           "eprice_pprice_diff": 0.01010106742973925,
           "grid_span": 0.1,
           "initial_eprice_ema_dist": -0.05016492762271833,
           "initial_qty_pct": 0.034830606672457486,
           "markup_range": 0.049697149775740856,
           "max_n_entry_orders": 10,
           "min_markup": 0.052004040877303204,
           "n_close_orders": 7,
           "secondary_allocation": 0.07578187885882394,
           "secondary_pprice_diff": 0.0944718160972625,
           "wallet_exposure_limit": 0.1}}