{"config_name": "static_grid_ROSEUSDT_217days",
 "logging_level": 0,
 "long": {"auto_unstuck_ema_dist": 0.06248323442010378,
          "auto_unstuck_wallet_exposure_threshold": 0.001327775159932666,
          "backwards_tp": true,
          "ema_span_0": 549.8956713789381,
          "ema_span_1": 10020.238361850541,
          "enabled": true,
          "eprice_exp_base": 1.3148975059820447,
          "eprice_pprice_diff": 0.0056344526165922225,
          "grid_span": 0.46034548931716013,
          "initial_eprice_ema_dist": -0.06027011047496395,
          "initial_qty_pct": 0.03739236091821764,
          "markup_range": 0.0540331004227659,
          "max_n_entry_orders": 10,
          "min_markup": 0.04606746549452078,
          "n_close_orders": 11,
          "secondary_allocation": 0.5827509555254592,
          "secondary_pprice_diff": 0.1716575894900787,
          "wallet_exposure_limit": 0.1},
 "short": {"auto_unstuck_ema_dist": 0.06667333094087481,
           "auto_unstuck_wallet_exposure_threshold": 0.25414788321793796,
           "backwards_tp": true,
           "ema_span_0": 2171.266072033951,
           "ema_span_1": 1649.7130931040197,
           "enabled": true,
           "eprice_exp_base": 1.7170487345104064,
           "eprice_pprice_diff": 0.020044796880749432,
           "grid_span": 0.15558520535428028,
           "initial_eprice_ema_dist": -0.09436017525015328,
           "initial_qty_pct": 0.02875190279497694,
           "markup_range": 0.053702716535808416,
           "max_n_entry_orders": 10,
           "min_markup": 0.05730908233466648,
           "n_close_orders": 25,
           "secondary_allocation": 0.10422424700750746,
           "secondary_pprice_diff": 0.0795338420912937,
           "wallet_exposure_limit": 0.1}}