{"config_name": "static_grid_ROSEUSDT_105days",
 "logging_level": 0,
 "long": {"auto_unstuck_ema_dist": 0.04643994311234507,
          "auto_unstuck_wallet_exposure_threshold": 0,
          "backwards_tp": true,
          "ema_span_0": 1326.6092935382007,
          "ema_span_1": 9966.34491769736,
          "enabled": true,
          "eprice_exp_base": 1.2056787449033652,
          "eprice_pprice_diff": 0.00945188675388747,
          "grid_span": 0.38768691926191357,
          "initial_eprice_ema_dist": -0.013581825528045294,
          "initial_qty_pct": 0.017352861811498612,
          "markup_range": 0.05766007924986208,
          "max_n_entry_orders": 10,
          "min_markup": 0.04667088766204866,
          "n_close_orders": 28,
          "secondary_allocation": 0.5364436976221558,
          "secondary_pprice_diff": 0.2204786810257538,
          "wallet_exposure_limit": 0.1},
 "short": {"auto_unstuck_ema_dist": 0.09487940372388866,
           "auto_unstuck_wallet_exposure_threshold": 0.15148560608120232,
           "backwards_tp": true,
           "ema_span_0": 4006.5250224016595,
           "ema_span_1": 5343.877526691793,
           "enabled": true,
           "eprice_exp_base": 1.0063117960149577,
           "eprice_pprice_diff": 0.004526151522020255,
           "grid_span": 0.11147036571673696,
           "initial_eprice_ema_dist": -0.08907464494641641,
           "initial_qty_pct": 0.023401706632840566,
           "markup_range": 0.03949867916852346,
           "max_n_entry_orders": 10,
           "min_markup": 0.05139218058454397,
           "n_close_orders": 29,
           "secondary_allocation": 0.08194645645009613,
           "secondary_pprice_diff": 0.2391552674379408,
           "wallet_exposure_limit": 0.1}}