{"config_name": "static_grid_ROSEUSDT_317days",
 "logging_level": 0,
 "long": {"auto_unstuck_ema_dist": 0.04851424530839075,
          "auto_unstuck_wallet_exposure_threshold": 0.3014396932427825,
          "backwards_tp": true,
          "ema_span_0": 898.0016328574133,
          "ema_span_1": 1131.8862180480598,
          "enabled": true,
          "eprice_exp_base": 1.2258445011912915,
          "eprice_pprice_diff": 0.011581867693001426,
          "grid_span": 0.14324101789871355,
          "initial_eprice_ema_dist": -0.06979530213295623,
          "initial_qty_pct": 0.008542652775890136,
          "markup_range": 0.0022494138599214626,
          "max_n_entry_orders": 11,
          "min_markup": 0.005366877405454413,
          "n_close_orders": 16,
          "secondary_allocation": 0.08982307070387187,
          "secondary_pprice_diff": 0.2938685741873949,
          "wallet_exposure_limit": 0.1},
 "short": {"auto_unstuck_ema_dist": 0.011175172277044926,
           "auto_unstuck_wallet_exposure_threshold": 0.34260642856692664,
           "backwards_tp": true,
           "ema_span_0": 4250.590889923098,
           "ema_span_1": 5914.15275950123,
           "enabled": true,
           "eprice_exp_base": 1.2983011977644687,
           "eprice_pprice_diff": 0.019150213627835585,
           "grid_span": 0.2503555402803732,
           "initial_eprice_ema_dist": -0.005591765992668957,
           "initial_qty_pct": 0.0074408601401681875,
           "markup_range": 0.01394282065717031,
           "max_n_entry_orders": 11,
           "min_markup": 0.01981621679330356,
           "n_close_orders": 19,
           "secondary_allocation": 0.24479534401643877,
           "secondary_pprice_diff": 0.09977404746550501,
           "wallet_exposure_limit": 0.1}}