{"config_name": "static_grid_ROSEUSDT_210days",
 "logging_level": 0,
 "long": {"auto_unstuck_ema_dist": 0.0774664925809431,
          "auto_unstuck_wallet_exposure_threshold": 0.17503584088977836,
          "backwards_tp": true,
          "ema_span_0": 3580.8051559471446,
          "ema_span_1": 8677.625761991256,
          "enabled": true,
          "eprice_exp_base": 1.5256045843176849,
          "eprice_pprice_diff": 0.036814675133824935,
          "grid_span": 0.4030285541545977,
          "initial_eprice_ema_dist": -0.04764196855260698,
          "initial_qty_pct": 0.032699259000363017,
          "markup_range": 0.03699338409573261,
          "max_n_entry_orders": 10,
          "min_markup": 0.05468608274917272,
          "n_close_orders": 19,
          "secondary_allocation": 0.247104374231422,
          "secondary_pprice_diff": 0.15738683464671466,
          "wallet_exposure_limit": 0.1},
 "short": {"auto_unstuck_ema_dist": 0.014710660796411354,
           "auto_unstuck_wallet_exposure_threshold": 0.07829991429182732,
           "backwards_tp": true,
           "ema_span_0": 1500.4881862782731,
           "ema_span_1": 1460.1515867820317,
           "enabled": true,
           "eprice_exp_base": 1.2395947398894966,
           "eprice_pprice_diff": 0.003686107296440155,
           "grid_span": 0.1287239871082971,
           "initial_eprice_ema_dist": -0.09267340193030638,
           "initial_qty_pct": 0.010581507412322102,
           "markup_range": 0.046868199195642196,
           "max_n_entry_orders": 10,
           "min_markup": 0.054720967333838244,
           "n_close_orders": 27,
           "secondary_allocation": 0.027529874610136566,
           "secondary_pprice_diff": 0.11449333811738548,
           "wallet_exposure_limit": 0.1}}