{"config_name": "static_grid_ROSEUSDT_142days",
 "logging_level": 0,
 "long": {"auto_unstuck_ema_dist": 0.035726487877645534,
          "auto_unstuck_wallet_exposure_threshold": 0.22892151551724285,
          "backwards_tp": true,
          "ema_span_0": 2001.9692484891748,
          "ema_span_1": 5062.944674990564,
          "enabled": true,
          "eprice_exp_base": 1.6701195252582735,
          "eprice_pprice_diff": 0.03126218639710774,
          "grid_span": 0.34460415822717594,
          "initial_eprice_ema_dist": -0.002859212141246327,
          "initial_qty_pct": 0.037470558483599134,
          "markup_range": 0.031057080005369525,
          "max_n_entry_orders": 10,
          "min_markup": 0.02277600881506118,
          "n_close_orders": 6,
          "secondary_allocation": 0.4427158949234899,
          "secondary_pprice_diff": 0.1334054623447942,
          "wallet_exposure_limit": 0.1},
 "short": {"auto_unstuck_ema_dist": 0.08058100575824549,
           "auto_unstuck_wallet_exposure_threshold": 0.7921380682902187,
           "backwards_tp": true,
           "ema_span_0": 1687.8645173562427,
           "ema_span_1": 1582.3052183937282,
           "enabled": true,
           "eprice_exp_base": 1.229050802214424,
           "eprice_pprice_diff": 0.01091119654939123,
           "grid_span": 0.13112663344850853,
           "initial_eprice_ema_dist": -0.03773694919251539,
           "initial_qty_pct": 0.040759068569347134,
           "markup_range": 0.04544990833898927,
           "max_n_entry_orders": 10,
           "min_markup": 0.059533038855418614,
           "n_close_orders": 30,
           "secondary_allocation": 0.2684074592377386,
           "secondary_pprice_diff": 0.46862762785438045,
           "wallet_exposure_limit": 0.1}}