{"config_name": "static_grid_ROSEUSDT_230days",
 "logging_level": 0,
 "long": {"auto_unstuck_ema_dist": 0.06514688347336689,
          "auto_unstuck_wallet_exposure_threshold": 0.573821690767218,
          "backwards_tp": true,
          "ema_span_0": 208.08495287413277,
          "ema_span_1": 8002.98053098733,
          "enabled": true,
          "eprice_exp_base": 1.1792029218730848,
          "eprice_pprice_diff": 0.018093710631158874,
          "grid_span": 0.25252466925265593,
          "initial_eprice_ema_dist": -0.003969874378173785,
          "initial_qty_pct": 0.009768342818607969,
          "markup_range": 0.003151435620523042,
          "max_n_entry_orders": 12,
          "min_markup": 0.00981239695348096,
          "n_close_orders": 10,
          "secondary_allocation": 0.10423262690924129,
          "secondary_pprice_diff": 0.12864671724064955,
          "wallet_exposure_limit": 0.1},
 "short": {"auto_unstuck_ema_dist": 0.07319196629043193,
           "auto_unstuck_wallet_exposure_threshold": 0.06814301416407934,
           "backwards_tp": true,
           "ema_span_0": 2375.51905571542,
           "ema_span_1": 973.1830386044186,
           "enabled": true,
           "eprice_exp_base": 1.1818551815836429,
           "eprice_pprice_diff": 0.023671086041704818,
           "grid_span": 0.2678277012831763,
           "initial_eprice_ema_dist": -0.1,
           "initial_qty_pct": 0.009899155936154633,
           "markup_range": 0.024938363397319686,
           "max_n_entry_orders": 12,
           "min_markup": 0.015535516187190488,
           "n_close_orders": 7,
           "secondary_allocation": 0.020793186838985733,
           "secondary_pprice_diff": 0.3951951543821489,
           "wallet_exposure_limit": 0.1}}