{"config_name": "static_grid_ROSEUSDT_168days",
 "logging_level": 0,
 "long": {"auto_unstuck_ema_dist": 0.03481222111299477,
          "auto_unstuck_wallet_exposure_threshold": 0.5679175961046192,
          "backwards_tp": true,
          "ema_span_0": 4099.3309451898685,
          "ema_span_1": 6652.880985379461,
          "enabled": true,
          "eprice_exp_base": 1.5284450119180237,
          "eprice_pprice_diff": 0.03953239114702922,
          "grid_span": 0.6728068874456272,
          "initial_eprice_ema_dist": 0,
          "initial_qty_pct": 0.012299377096313539,
          "markup_range": 0.05515544944795079,
          "max_n_entry_orders": 10,
          "min_markup": 0.057823260931975054,
          "n_close_orders": 27,
          "secondary_allocation": 0.024764949317708437,
          "secondary_pprice_diff": 0.4116024191333624,
          "wallet_exposure_limit": 0.1},
 "short": {"auto_unstuck_ema_dist": 0.07946684981849982,
           "auto_unstuck_wallet_exposure_threshold": 0.7964053129855426,
           "backwards_tp": true,
           "ema_span_0": 1842.013631982343,
           "ema_span_1": 2192.309830449651,
           "enabled": true,
           "eprice_exp_base": 1.0983802143688992,
           "eprice_pprice_diff": 0.0072887251212404355,
           "grid_span": 0.1666240446608318,
           "initial_eprice_ema_dist": -0.048051456926120034,
           "initial_qty_pct": 0.011093855011746267,
           "markup_range": 0.03848795632510022,
           "max_n_entry_orders": 10,
           "min_markup": 0.05921334166660901,
           "n_close_orders": 30,
           "secondary_allocation": 0.0754261604010048,
           "secondary_pprice_diff": 0.4287045927541242,
           "wallet_exposure_limit": 0.1}}