{"config_name": "static_grid_ROSEUSDT_331days",
 "logging_level": 0,
 "long": {"auto_unstuck_ema_dist": 0.011407906080936104,
          "auto_unstuck_wallet_exposure_threshold": 0.5960167840265793,
          "backwards_tp": true,
          "ema_span_0": 2392.5423399228503,
          "ema_span_1": 899.8668597132046,
          "enabled": true,
          "eprice_exp_base": 1.224140928187802,
          "eprice_pprice_diff": 0.013473478830424063,
          "grid_span": 0.1882312745538647,
          "initial_eprice_ema_dist": -0.08165088176912733,
          "initial_qty_pct": 0.007536400042467275,
          "markup_range": 0.0045338662209919766,
          "max_n_entry_orders": 13,
          "min_markup": 0.00561056360641585,
          "n_close_orders": 8,
          "secondary_allocation": 0.1754743560728427,
          "secondary_pprice_diff": 0.12376428325195148,
          "wallet_exposure_limit": 0.1},
 "short": {"auto_unstuck_ema_dist": 0.08541430052935842,
           "auto_unstuck_wallet_exposure_threshold": 0.044936149471549995,
           "backwards_tp": true,
           "ema_span_0": 2646.608648693284,
           "ema_span_1": 1373.2703546124917,
           "enabled": true,
           "eprice_exp_base": 1.0053953613306423,
           "eprice_pprice_diff": 0.02345973317972592,
           "grid_span": 0.2181317562783093,
           "initial_eprice_ema_dist": -0.004293097164825754,
           "initial_qty_pct": 0.007,
           "markup_range": 0.01898205714966719,
           "max_n_entry_orders": 13,
           "min_markup": 0.012721044822084956,
           "n_close_orders": 5,
           "secondary_allocation": 0.5280582114236245,
           "secondary_pprice_diff": 0.08430668466083104,
           "wallet_exposure_limit": 0.1}}