{"config_name": "static_grid_ROSEUSDT_229days",
 "logging_level": 0,
 "long": {"auto_unstuck_ema_dist": 0.01793721910541474,
          "auto_unstuck_wallet_exposure_threshold": 0.06255716851851749,
          "backwards_tp": true,
          "ema_span_0": 1607.2901983092086,
          "ema_span_1": 1301.8106413390626,
          "enabled": true,
          "eprice_exp_base": 1.4355256058249088,
          "eprice_pprice_diff": 0.014518639115193903,
          "grid_span": 0.18808290536144118,
          "initial_eprice_ema_dist": -0.021448136989538912,
          "initial_qty_pct": 0.010235045870892013,
          "markup_range": 0,
          "max_n_entry_orders": 12,
          "min_markup": 0.0058533403476820345,
          "n_close_orders": 7,
          "secondary_allocation": 0.14931833255940488,
          "secondary_pprice_diff": 0.09641659357613139,
          "wallet_exposure_limit": 0.1},
 "short": {"auto_unstuck_ema_dist": 0.09100057402169338,
           "auto_unstuck_wallet_exposure_threshold": 0.09714946847834806,
           "backwards_tp": true,
           "ema_span_0": 1876.7556102194699,
           "ema_span_1": 7468.273952422812,
           "enabled": true,
           "eprice_exp_base": 1.2143747876499584,
           "eprice_pprice_diff": 0.014742456121998116,
           "grid_span": 0.1257616179929827,
           "initial_eprice_ema_dist": -0.07563804990857614,
           "initial_qty_pct": 0.007,
           "markup_range": 0.014720173838026136,
           "max_n_entry_orders": 13,
           "min_markup": 0.00741743718069834,
           "n_close_orders": 14,
           "secondary_allocation": 0.1679171650647301,
           "secondary_pprice_diff": 0.08493276045240811,
           "wallet_exposure_limit": 0.1}}