{"config_name": "static_grid_ROSEUSDT_192days",
 "logging_level": 0,
 "long": {"auto_unstuck_ema_dist": 0.01655409489084695,
          "auto_unstuck_wallet_exposure_threshold": 0.5617827618701673,
          "backwards_tp": true,
          "ema_span_0": 3982.705263711353,
          "ema_span_1": 9835.94211566213,
          "enabled": true,
          "eprice_exp_base": 1.4379805704822077,
          "eprice_pprice_diff": 0.04889468386237087,
          "grid_span": 0.4012746908731376,
          "initial_eprice_ema_dist": -0.04665334850606692,
          "initial_qty_pct": 0.01,
          "markup_range": 0.03840047422972929,
          "max_n_entry_orders": 10,
          "min_markup": 0.04849632640371959,
          "n_close_orders": 24,
          "secondary_allocation": 0.46818380186324776,
          "secondary_pprice_diff": 0.17776423384691048,
          "wallet_exposure_limit": 0.1},
 "short": {"auto_unstuck_ema_dist": 0.09919068848665206,
           "auto_unstuck_wallet_exposure_threshold": 0.07848389181049045,
           "backwards_tp": true,
           "ema_span_0": 493.88093908347724,
           "ema_span_1": 1923.8735382248547,
           "enabled": true,
           "eprice_exp_base": 1.2077920260935762,
           "eprice_pprice_diff": 0.0422568747106654,
           "grid_span": 0.1,
           "initial_eprice_ema_dist": -0.1,
           "initial_qty_pct": 0.03927263254396453,
           "markup_range": 0.014880127584040559,
           "max_n_entry_orders": 10,
           "min_markup": 0.008611203485626117,
           "n_close_orders": 14,
           "secondary_allocation": 0.1818223776838292,
           "secondary_pprice_diff": 0.0647452296265577,
           "wallet_exposure_limit": 0.1}}