{"config_name": "static_grid_ROSEUSDT_300days",
 "logging_level": 0,
 "long": {"auto_unstuck_ema_dist": 0.009153916641302162,
          "auto_unstuck_wallet_exposure_threshold": 0.3809401053102621,
          "backwards_tp": true,
          "ema_span_0": 608.3473507340224,
          "ema_span_1": 1500.357024044985,
          "enabled": true,
          "eprice_exp_base": 1.1065340072212417,
          "eprice_pprice_diff": 0.029140755276625293,
          "grid_span": 0.3301762519466945,
          "initial_eprice_ema_dist": -0.02243601851203931,
          "initial_qty_pct": 0.007078202279315332,
          "markup_range": 0.012594765133377607,
          "max_n_entry_orders": 13,
          "min_markup": 0.01897283251907136,
          "n_close_orders": 9,
          "secondary_allocation": 0.06570190243055522,
          "secondary_pprice_diff": 0.31446103994389824,
          "wallet_exposure_limit": 0.1},
 "short": {"auto_unstuck_ema_dist": 0.0031397006282373303,
           "auto_unstuck_wallet_exposure_threshold": 0.2011626582911202,
           "backwards_tp": true,
           "ema_span_0": 3253.8314964738893,
           "ema_span_1": 7292.167041289616,
           "enabled": true,
           "eprice_exp_base": 1.322044462747757,
           "eprice_pprice_diff": 0.021388549159342136,
           "grid_span": 0.19435673398977732,
           "initial_eprice_ema_dist": -0.006196046824567005,
           "initial_qty_pct": 0.007883361427804629,
           "markup_range": 0.024807712673960536,
           "max_n_entry_orders": 11,
           "min_markup": 0.011378955779914306,
           "n_close_orders": 7,
           "secondary_allocation": 0.17101984818881277,
           "secondary_pprice_diff": 0.06126954655791441,
           "wallet_exposure_limit": 0.1}}