{"config_name": "static_grid_ROSEUSDT_211days",
 "logging_level": 0,
 "long": {"auto_unstuck_ema_dist": 0.003963354516769083,
          "auto_unstuck_wallet_exposure_threshold": 0.4778169199565433,
          "backwards_tp": true,
          "ema_span_0": 3924.790442935435,
          "ema_span_1": 9485.59424545186,
          "enabled": true,
          "eprice_exp_base": 1.0781728634069145,
          "eprice_pprice_diff": 0.0421833139438841,
          "grid_span": 0.32648507485644374,
          "initial_eprice_ema_dist": -0.013451318979612603,
          "initial_qty_pct": 0.007299814959810541,
          "markup_range": 0.036141166748601836,
          "max_n_entry_orders": 12,
          "min_markup": 0.01967967607831698,
          "n_close_orders": 6,
          "secondary_allocation": 0.3943480974426999,
          "secondary_pprice_diff": 0.06616585536138242,
          "wallet_exposure_limit": 0.1},
 "short": {"auto_unstuck_ema_dist": 0.04133538241864259,
           "auto_unstuck_wallet_exposure_threshold": 0.3342199622356609,
           "backwards_tp": true,
           "ema_span_0": 2601.8328295896845,
           "ema_span_1": 5438.412291311267,
           "enabled": true,
           "eprice_exp_base": 1.3706359243334563,
           "eprice_pprice_diff": 0.010952608474364882,
           "grid_span": 0.25267403515138154,
           "initial_eprice_ema_dist": -0.02026491471241253,
           "initial_qty_pct": 0.008686334445979181,
           "markup_range": 0.006004112045326144,
           "max_n_entry_orders": 11,
           "min_markup": 0.015804958083287,
           "n_close_orders": 15,
           "secondary_allocation": 0.22210548305529415,
           "secondary_pprice_diff": 0.16013958665362932,
           "wallet_exposure_limit": 0.1}}