{"config_name": "static_grid_ROSEUSDT_156days",
 "logging_level": 0,
 "long": {"auto_unstuck_ema_dist": 0.010602886992885339,
          "auto_unstuck_wallet_exposure_threshold": 0.4832152220437226,
          "backwards_tp": true,
          "ema_span_0": 3999.151860167665,
          "ema_span_1": 7893.393653675303,
          "enabled": true,
          "eprice_exp_base": 1.1648631335549222,
          "eprice_pprice_diff": 0.008689446144206362,
          "grid_span": 0.40688706683930836,
          "initial_eprice_ema_dist": -0.05906777905217874,
          "initial_qty_pct": 0.011138351123419925,
          "markup_range": 0.04680412714119023,
          "max_n_entry_orders": 10,
          "min_markup": 0.04633947562340588,
          "n_close_orders": 15,
          "secondary_allocation": 0.5759024733164311,
          "secondary_pprice_diff": 0.09591666812879743,
          "wallet_exposure_limit": 0.1},
 "short": {"auto_unstuck_ema_dist": 0.07692326207803861,
           "auto_unstuck_wallet_exposure_threshold": 0.81438106005243,
           "backwards_tp": true,
           "ema_span_0": 1768.9761048181456,
           "ema_span_1": 2149.7001490238763,
           "enabled": true,
           "eprice_exp_base": 1.197448031299511,
           "eprice_pprice_diff": 0.0043048222561182835,
           "grid_span": 0.24830304778692244,
           "initial_eprice_ema_dist": -0.05567450271296702,
           "initial_qty_pct": 0.015653989248181593,
           "markup_range": 0.04873008705450662,
           "max_n_entry_orders": 10,
           "min_markup": 0.05719048878734857,
           "n_close_orders": 22,
           "secondary_allocation": 0.21715071287237148,
           "secondary_pprice_diff": 0.14405717019136477,
           "wallet_exposure_limit": 0.1}}