{"config_name": "static_grid_ROSEUSDT_249days",
 "logging_level": 0,
 "long": {"auto_unstuck_ema_dist": 0.0929117517131114,
          "auto_unstuck_wallet_exposure_threshold": 0.4550692319974129,
          "backwards_tp": true,
          "ema_span_0": 4152.504053832079,
          "ema_span_1": 4969.832720290363,
          "enabled": true,
          "eprice_exp_base": 1.0098451468592944,
          "eprice_pprice_diff": 0.004660787437261247,
          "grid_span": 0.33938188036412653,
          "initial_eprice_ema_dist": -0.01579794787964625,
          "initial_qty_pct": 0.007,
          "markup_range": 0.0007078183353280468,
          "max_n_entry_orders": 10,
          "min_markup": 0.007698091881184536,
          "n_close_orders": 12,
          "secondary_allocation": 0.014841969358494899,
          "secondary_pprice_diff": 0.14761763661489521,
          "wallet_exposure_limit": 0.1},
 "short": {"auto_unstuck_ema_dist": 0.0758555922471855,
           "auto_unstuck_wallet_exposure_threshold": 0.015368945167945366,
           "backwards_tp": true,
           "ema_span_0": 214.06987538036995,
           "ema_span_1": 5997.9213848767,
           "enabled": true,
           "eprice_exp_base": 1.3118126853971173,
           "eprice_pprice_diff": 0.016724085106362873,
           "grid_span": 0.20598662905048074,
           "initial_eprice_ema_dist": -0.010778684532306678,
           "initial_qty_pct": 0.007575848275730524,
           "markup_range": 0.02069592776372025,
           "max_n_entry_orders": 10,
           "min_markup": 0.015796760431200978,
           "n_close_orders": 14,
           "secondary_allocation": 0.0459769706849148,
           "secondary_pprice_diff": 0.0767301873530676,
           "wallet_exposure_limit": 0.1}}