{"config_name": "static_grid_ROSEUSDT_261days",
 "logging_level": 0,
 "long": {"auto_unstuck_ema_dist": 0.021051440159302368,
          "auto_unstuck_wallet_exposure_threshold": 0.32382787996910734,
          "backwards_tp": true,
          "ema_span_0": 3704.0890644762126,
          "ema_span_1": 581.1911085893598,
          "enabled": true,
          "eprice_exp_base": 1.4093689933452818,
          "eprice_pprice_diff": 0.006089401712183331,
          "grid_span": 0.14777459760954614,
          "initial_eprice_ema_dist": -0.09914188439643934,
          "initial_qty_pct": 0.007,
          "markup_range": 0.0006460751599227639,
          "max_n_entry_orders": 10,
          "min_markup": 0.004724873736368802,
          "n_close_orders": 18,
          "secondary_allocation": 0.1190929983058555,
          "secondary_pprice_diff": 0.3566840613027143,
          "wallet_exposure_limit": 0.1},
 "short": {"auto_unstuck_ema_dist": 0.09059416186633999,
           "auto_unstuck_wallet_exposure_threshold": 0.1827511187952079,
           "backwards_tp": true,
           "ema_span_0": 4188.8089414999895,
           "ema_span_1": 4210.436984801005,
           "enabled": true,
           "eprice_exp_base": 1.167577258926451,
           "eprice_pprice_diff": 0.021576878825166373,
           "grid_span": 0.24703532273619747,
           "initial_eprice_ema_dist": 0,
           "initial_qty_pct": 0.007131058293134753,
           "markup_range": 0.024063620859270444,
           "max_n_entry_orders": 12,
           "min_markup": 0.017052449979720278,
           "n_close_orders": 6,
           "secondary_allocation": 0.05841715864316314,
           "secondary_pprice_diff": 0.1637300936901663,
           "wallet_exposure_limit": 0.1}}