{"config_name": "static_grid_ROSEUSDT_188days",
 "logging_level": 0,
 "long": {"auto_unstuck_ema_dist": 0.01646863668891484,
          "auto_unstuck_wallet_exposure_threshold": 0.6090553055935525,
          "backwards_tp": true,
          "ema_span_0": 1074.1073457277714,
          "ema_span_1": 7806.641797779071,
          "enabled": true,
          "eprice_exp_base": 1.4569669944595758,
          "eprice_pprice_diff": 0.006165320713596748,
          "grid_span": 0.36065490238121817,
          "initial_eprice_ema_dist": -0.012344878993508173,
          "initial_qty_pct": 0.013642153417195654,
          "markup_range": 0.04721617875555368,
          "max_n_entry_orders": 10,
          "min_markup": 0.05190493412783762,
          "n_close_orders": 22,
          "secondary_allocation": 0.4139145742772127,
          "secondary_pprice_diff": 0.15937025191169268,
          "wallet_exposure_limit": 0.1},
 "short": {"auto_unstuck_ema_dist": 0.07580089665155201,
           "auto_unstuck_wallet_exposure_threshold": 0.798727574980513,
           "backwards_tp": true,
           "ema_span_0": 1802.6213940883204,
           "ema_span_1": 2422.584633654401,
           "enabled": true,
           "eprice_exp_base": 1,
           "eprice_pprice_diff": 0.004780369567265396,
           "grid_span": 0.18652320790561241,
           "initial_eprice_ema_dist": -0.05502150505086601,
           "initial_qty_pct": 0.033001637656787416,
           "markup_range": 0.04482521465383594,
           "max_n_entry_orders": 10,
           "min_markup": 0.05657789356711363,
           "n_close_orders": 17,
           "secondary_allocation": 0.14431710964344183,
           "secondary_pprice_diff": 0.11568854165501585,
           "wallet_exposure_limit": 0.1}}