{"config_name": "static_grid_ROSEUSDT_276days",
 "logging_level": 0,
 "long": {"auto_unstuck_ema_dist": 0.08045622329978092,
          "auto_unstuck_wallet_exposure_threshold": 0.3850268494149357,
          "backwards_tp": true,
          "ema_span_0": 1020.8489599357827,
          "ema_span_1": 858.2922748220279,
          "enabled": true,
          "eprice_exp_base": 1.2699013536664663,
          "eprice_pprice_diff": 0.027264119693026986,
          "grid_span": 0.22784296200898344,
          "initial_eprice_ema_dist": -0.010407826687096423,
          "initial_qty_pct": 0.012780148313369169,
          "markup_range": 0.01466614675437142,
          "max_n_entry_orders": 8,
          "min_markup": 0.011068513475961585,
          "n_close_orders": 8,
          "secondary_allocation": 0.23484634903943463,
          "secondary_pprice_diff": 0.46385199411161515,
          "wallet_exposure_limit": 0.1},
 "short": {"auto_unstuck_ema_dist": 0.01929353948477285,
           "auto_unstuck_wallet_exposure_threshold": 0.022598314743623442,
           "backwards_tp": true,
           "ema_span_0": 2185.9443339887753,
           "ema_span_1": 2277.2785544918975,
           "enabled": true,
           "eprice_exp_base": 1.2202725437271973,
           "eprice_pprice_diff": 0.013510098695819536,
           "grid_span": 0.21623255298348973,
           "initial_eprice_ema_dist": -0.0071117081202626,
           "initial_qty_pct": 0.007,
           "markup_range": 0.0038837498409502107,
           "max_n_entry_orders": 12,
           "min_markup": 0.016816173188489568,
           "n_close_orders": 6,
           "secondary_allocation": 0.521876924531879,
           "secondary_pprice_diff": 0.11222887292723775,
           "wallet_exposure_limit": 0.1}}