{"config_name": "static_grid_SANDUSDT_102days",
 "logging_level": 0,
 "long": {"auto_unstuck_ema_dist": 0.04143623642821075,
          "auto_unstuck_wallet_exposure_threshold": 0.7571385530399594,
          "backwards_tp": true,
          "ema_span_0": 635.6786553073409,
          "ema_span_1": 9801.16468312849,
          "enabled": true,
          "eprice_exp_base": 1.5370330661955411,
          "eprice_pprice_diff": 0.038651560071151767,
          "grid_span": 0.4286188065286608,
          "initial_eprice_ema_dist": -0.07873106590128413,
          "initial_qty_pct": 0.01,
          "markup_range": 0.05593332893373215,
          "max_n_entry_orders": 10,
          "min_markup": 0.0502039027086576,
          "n_close_orders": 4,
          "secondary_allocation": 0.46047418827745745,
          "secondary_pprice_diff": 0.25801676269786294,
          "wallet_exposure_limit": 0.1},
 "short": {"auto_unstuck_ema_dist": 0.07006542417609524,
           "auto_unstuck_wallet_exposure_threshold": 0.9661811074727495,
           "backwards_tp": true,
           "ema_span_0": 1368.6791235320798,
           "ema_span_1": 3529.414355620002,
           "enabled": true,
           "eprice_exp_base": 1.652521618882432,
           "eprice_pprice_diff": 0.025033170489400625,
           "grid_span": 0.3773203526589469,
           "initial_eprice_ema_dist": -0.04455474564080857,
           "initial_qty_pct": 0.012504543201071167,
           "markup_range": 0.006673080905432267,
           "max_n_entry_orders": 10,
           "min_markup": 0.06,
           "n_close_orders": 23,
           "secondary_allocation": 0.6401970650277045,
           "secondary_pprice_diff": 0.43476876315462304,
           "wallet_exposure_limit": 0.1}}