{"config_name": "static_grid_SANDUSDT_250days",
 "logging_level": 0,
 "long": {"auto_unstuck_ema_dist": 0.0810472980407769,
          "auto_unstuck_wallet_exposure_threshold": 0.17105506087826788,
          "backwards_tp": true,
          "ema_span_0": 2807.906012774055,
          "ema_span_1": 3053.545429483061,
          "enabled": true,
          "eprice_exp_base": 1.2414625963088406,
          "eprice_pprice_diff": 0.04477336074212347,
          "grid_span": 0.3353397868414914,
          "initial_eprice_ema_dist": -0.09175038710223697,
          "initial_qty_pct": 0.007,
          "markup_range": 0.031978973087564214,
          "max_n_entry_orders": 10,
          "min_markup": 0.019801433762535958,
          "n_close_orders": 12,
          "secondary_allocation": 0.03469223825045265,
          "secondary_pprice_diff": 0.057702802019371766,
          "wallet_exposure_limit": 0.1},
 "short": {"auto_unstuck_ema_dist": 0.061947790337233175,
           "auto_unstuck_wallet_exposure_threshold": 0.3372351309107956,
           "backwards_tp": true,
           "ema_span_0": 3719.08213207189,
           "ema_span_1": 3050.094313671275,
           "enabled": true,
           "eprice_exp_base": 1.2537476267223253,
           "eprice_pprice_diff": 0.015660286066994662,
           "grid_span": 0.14814982671888455,
           "initial_eprice_ema_dist": -0.04888935023114059,
           "initial_qty_pct": 0.007,
           "markup_range": 0.004099110376100636,
           "max_n_entry_orders": 11,
           "min_markup": 0.018696763505320436,
           "n_close_orders": 9,
           "secondary_allocation": 0.21965806829041043,
           "secondary_pprice_diff": 0.12850851201586183,
           "wallet_exposure_limit": 0.1}}