{"config_name": "static_grid_SANDUSDT_241days",
 "logging_level": 0,
 "long": {"auto_unstuck_ema_dist": 0.06661339577921958,
          "auto_unstuck_wallet_exposure_threshold": 0.4826408341097491,
          "backwards_tp": true,
          "ema_span_0": 1012.4996200340981,
          "ema_span_1": 9196.055912235075,
          "enabled": true,
          "eprice_exp_base": 1.1285885527504307,
          "eprice_pprice_diff": 0.0396833085015839,
          "grid_span": 0.31289278683234,
          "initial_eprice_ema_dist": -0.06441223318086138,
          "initial_qty_pct": 0.007,
          "markup_range": 0.037136663384277506,
          "max_n_entry_orders": 12,
          "min_markup": 0.01755684165454599,
          "n_close_orders": 12,
          "secondary_allocation": 0.6266844362230237,
          "secondary_pprice_diff": 0.09977107757518876,
          "wallet_exposure_limit": 0.1},
 "short": {"auto_unstuck_ema_dist": 0.04729199046123535,
           "auto_unstuck_wallet_exposure_threshold": 0.009906808668842651,
           "backwards_tp": true,
           "ema_span_0": 1396.1700255881428,
           "ema_span_1": 1130.7252445598633,
           "enabled": true,
           "eprice_exp_base": 1,
           "eprice_pprice_diff": 0.010000585119209591,
           "grid_span": 0.16051040211709822,
           "initial_eprice_ema_dist": -0.08335127397059373,
           "initial_qty_pct": 0.007084194254319167,
           "markup_range": 0.0051018995649066284,
           "max_n_entry_orders": 11,
           "min_markup": 0.012590847398106985,
           "n_close_orders": 9,
           "secondary_allocation": 0.16886609306568068,
           "secondary_pprice_diff": 0.057944127251754074,
           "wallet_exposure_limit": 0.1}}