{"config_name": "static_grid_SANDUSDT_190days",
 "logging_level": 0,
 "long": {"auto_unstuck_ema_dist": 0.0022515094245610045,
          "auto_unstuck_wallet_exposure_threshold": 0.5236385773332559,
          "backwards_tp": true,
          "ema_span_0": 3143.605518057041,
          "ema_span_1": 3316.4085872883193,
          "enabled": true,
          "eprice_exp_base": 1.8300094844424886,
          "eprice_pprice_diff": 0.0374377248319941,
          "grid_span": 0.181381723262183,
          "initial_eprice_ema_dist": -0.042849085073604645,
          "initial_qty_pct": 0.030444689708760533,
          "markup_range": 0.037810580595170284,
          "max_n_entry_orders": 10,
          "min_markup": 0.021384454845354624,
          "n_close_orders": 19,
          "secondary_allocation": 0.27961312898763774,
          "secondary_pprice_diff": 0.3326236271096694,
          "wallet_exposure_limit": 0.1},
 "short": {"auto_unstuck_ema_dist": 0.07496499554212556,
           "auto_unstuck_wallet_exposure_threshold": 0.8515333792893544,
           "backwards_tp": true,
           "ema_span_0": 4091.2972923874986,
           "ema_span_1": 3410.7603059275266,
           "enabled": true,
           "eprice_exp_base": 1.339681360158804,
           "eprice_pprice_diff": 0.0023798515771037607,
           "grid_span": 0.20447526097975943,
           "initial_eprice_ema_dist": -0.054515669575253556,
           "initial_qty_pct": 0.01730608976764458,
           "markup_range": 0.03236880785000946,
           "max_n_entry_orders": 10,
           "min_markup": 0.05620025043243702,
           "n_close_orders": 26,
           "secondary_allocation": 0.19789948313724262,
           "secondary_pprice_diff": 0.3227359808610247,
           "wallet_exposure_limit": 0.1}}