{"config_name": "static_grid_SANDUSDT_230days",
 "logging_level": 0,
 "long": {"auto_unstuck_ema_dist": 0.035943882546580465,
          "auto_unstuck_wallet_exposure_threshold": 0.21573831197840926,
          "backwards_tp": true,
          "ema_span_0": 3752.1975236206617,
          "ema_span_1": 8952.56862124841,
          "enabled": true,
          "eprice_exp_base": 1.1349555360367425,
          "eprice_pprice_diff": 0.03651615106192106,
          "grid_span": 0.3213065797570698,
          "initial_eprice_ema_dist": -0.08748257899187331,
          "initial_qty_pct": 0.0082378543645994,
          "markup_range": 0.03676366278459108,
          "max_n_entry_orders": 11,
          "min_markup": 0.019534704780062327,
          "n_close_orders": 6,
          "secondary_allocation": 0.5872160006823608,
          "secondary_pprice_diff": 0.05898303568375762,
          "wallet_exposure_limit": 0.1},
 "short": {"auto_unstuck_ema_dist": 0.017813103573719014,
           "auto_unstuck_wallet_exposure_threshold": 0.3904680495639814,
           "backwards_tp": true,
           "ema_span_0": 2211.4833809174916,
           "ema_span_1": 1826.6057164883246,
           "enabled": true,
           "eprice_exp_base": 1.1011345184040195,
           "eprice_pprice_diff": 0.020299424052355866,
           "grid_span": 0.14372817637171628,
           "initial_eprice_ema_dist": -0.023237351182241725,
           "initial_qty_pct": 0.011883786671713692,
           "markup_range": 0.009204078566186599,
           "max_n_entry_orders": 12,
           "min_markup": 0.008151489811806972,
           "n_close_orders": 10,
           "secondary_allocation": 0.11194524350256535,
           "secondary_pprice_diff": 0.2527006139883786,
           "wallet_exposure_limit": 0.1}}