{"config_name": "static_grid_SANDUSDT_303days",
 "logging_level": 0,
 "long": {"auto_unstuck_ema_dist": 0.015255479927155114,
          "auto_unstuck_wallet_exposure_threshold": 0.31568893116555513,
          "backwards_tp": true,
          "ema_span_0": 1878.4534926353817,
          "ema_span_1": 9439.547728549333,
          "enabled": true,
          "eprice_exp_base": 1.3432391276304791,
          "eprice_pprice_diff": 0.03754986902457203,
          "grid_span": 0.30722676947975325,
          "initial_eprice_ema_dist": -0.023474300598081164,
          "initial_qty_pct": 0.007,
          "markup_range": 0.038702961465361944,
          "max_n_entry_orders": 11,
          "min_markup": 0.018714385551301255,
          "n_close_orders": 10,
          "secondary_allocation": 0.34634158551884825,
          "secondary_pprice_diff": 0.06010531182099567,
          "wallet_exposure_limit": 0.1},
 "short": {"auto_unstuck_ema_dist": 0.06144842045971073,
           "auto_unstuck_wallet_exposure_threshold": 0.17788802898709008,
           "backwards_tp": true,
           "ema_span_0": 677.3893351713737,
           "ema_span_1": 424.3277300101728,
           "enabled": true,
           "eprice_exp_base": 1.1778294197218626,
           "eprice_pprice_diff": 0.01480270390165736,
           "grid_span": 0.13557193934032302,
           "initial_eprice_ema_dist": -0.0047328653260845,
           "initial_qty_pct": 0.007,
           "markup_range": 0.016596027499153024,
           "max_n_entry_orders": 11,
           "min_markup": 0.007948851402699365,
           "n_close_orders": 7,
           "secondary_allocation": 0,
           "secondary_pprice_diff": 0.38209785339139046,
           "wallet_exposure_limit": 0.1}}