{"config_name": "static_grid_SANDUSDT_146days",
 "logging_level": 0,
 "long": {"auto_unstuck_ema_dist": 0.08014311072750202,
          "auto_unstuck_wallet_exposure_threshold": 0.5843965773252447,
          "backwards_tp": true,
          "ema_span_0": 4309.6363797231215,
          "ema_span_1": 10028.296842905953,
          "enabled": true,
          "eprice_exp_base": 1.512093567725504,
          "eprice_pprice_diff": 0.01610372151674543,
          "grid_span": 0.3545436669357115,
          "initial_eprice_ema_dist": -0.013454258205088169,
          "initial_qty_pct": 0.024064004601215015,
          "markup_range": 0.018369285542507767,
          "max_n_entry_orders": 10,
          "min_markup": 0.05628672241873452,
          "n_close_orders": 29,
          "secondary_allocation": 0.05077271696135322,
          "secondary_pprice_diff": 0.052066426127701015,
          "wallet_exposure_limit": 0.1},
 "short": {"auto_unstuck_ema_dist": 0.07494579100079422,
           "auto_unstuck_wallet_exposure_threshold": 0.8521495705726123,
           "backwards_tp": true,
           "ema_span_0": 4042.913819705491,
           "ema_span_1": 3393.0194302186983,
           "enabled": true,
           "eprice_exp_base": 1.6783506056064197,
           "eprice_pprice_diff": 0.010789045858046955,
           "grid_span": 0.20528033087463687,
           "initial_eprice_ema_dist": -0.0526286848415522,
           "initial_qty_pct": 0.024331447951042418,
           "markup_range": 0.040492809738179,
           "max_n_entry_orders": 10,
           "min_markup": 0.06,
           "n_close_orders": 20,
           "secondary_allocation": 0.4303261960642662,
           "secondary_pprice_diff": 0.20240562577134946,
           "wallet_exposure_limit": 0.1}}