{"config_name": "static_grid_SANDUSDT_218days",
 "logging_level": 0,
 "long": {"auto_unstuck_ema_dist": 0.07672465943174994,
          "auto_unstuck_wallet_exposure_threshold": 0.5572705067994799,
          "backwards_tp": true,
          "ema_span_0": 4293.315071917315,
          "ema_span_1": 9973.54161861163,
          "enabled": true,
          "eprice_exp_base": 1.4879949993085282,
          "eprice_pprice_diff": 0.014069044529629461,
          "grid_span": 0.3523245035389778,
          "initial_eprice_ema_dist": -0.036636366704539694,
          "initial_qty_pct": 0.04403389546845207,
          "markup_range": 0.05913413487809741,
          "max_n_entry_orders": 10,
          "min_markup": 0.03746687945992706,
          "n_close_orders": 25,
          "secondary_allocation": 0.08267111345018235,
          "secondary_pprice_diff": 0.4385638757891628,
          "wallet_exposure_limit": 0.1},
 "short": {"auto_unstuck_ema_dist": 0.06297663286718407,
           "auto_unstuck_wallet_exposure_threshold": 0.8582350551475171,
           "backwards_tp": true,
           "ema_span_0": 935.415590290192,
           "ema_span_1": 3928.454523621253,
           "enabled": true,
           "eprice_exp_base": 1.3713552439767016,
           "eprice_pprice_diff": 0.014470416719653824,
           "grid_span": 0.12753174483420562,
           "initial_eprice_ema_dist": -0.014186771341575487,
           "initial_qty_pct": 0.016878855988505297,
           "markup_range": 0.053755362356578705,
           "max_n_entry_orders": 10,
           "min_markup": 0.06,
           "n_close_orders": 12,
           "secondary_allocation": 0.14965061684706402,
           "secondary_pprice_diff": 0.4250207811974064,
           "wallet_exposure_limit": 0.1}}