{"config_name": "static_grid_SANDUSDT_209days",
 "logging_level": 0,
 "long": {"auto_unstuck_ema_dist": 0.07564833027924957,
          "auto_unstuck_wallet_exposure_threshold": 0.4085521168710261,
          "backwards_tp": true,
          "ema_span_0": 3902.039299192187,
          "ema_span_1": 8949.335616384078,
          "enabled": true,
          "eprice_exp_base": 1.0469945483743182,
          "eprice_pprice_diff": 0.03229202570011896,
          "grid_span": 0.4070878729220962,
          "initial_eprice_ema_dist": -0.0010746747809322194,
          "initial_qty_pct": 0.046096161653604785,
          "markup_range": 0.04650650123578755,
          "max_n_entry_orders": 10,
          "min_markup": 0.021711071940450487,
          "n_close_orders": 13,
          "secondary_allocation": 0.21080173387660842,
          "secondary_pprice_diff": 0.0970129671382071,
          "wallet_exposure_limit": 0.1},
 "short": {"auto_unstuck_ema_dist": 0.06251395889710652,
           "auto_unstuck_wallet_exposure_threshold": 0.9053037627876863,
           "backwards_tp": true,
           "ema_span_0": 920.5979568594901,
           "ema_span_1": 4124.376942882332,
           "enabled": true,
           "eprice_exp_base": 1.1497333459636554,
           "eprice_pprice_diff": 0.030679036049101983,
           "grid_span": 0.4780150513046607,
           "initial_eprice_ema_dist": -0.030979964642218062,
           "initial_qty_pct": 0.027537688065357793,
           "markup_range": 0.046026426742369855,
           "max_n_entry_orders": 10,
           "min_markup": 0.05669243130156004,
           "n_close_orders": 27,
           "secondary_allocation": 0.3687306548195432,
           "secondary_pprice_diff": 0.32080387460550075,
           "wallet_exposure_limit": 0.1}}