{"config_name": "static_grid_SANDUSDT_172days",
 "logging_level": 0,
 "long": {"auto_unstuck_ema_dist": 0.07585416907045903,
          "auto_unstuck_wallet_exposure_threshold": 0.5703171621877672,
          "backwards_tp": true,
          "ema_span_0": 3228.9436348652807,
          "ema_span_1": 4321.562845521994,
          "enabled": true,
          "eprice_exp_base": 1.4433124317479007,
          "eprice_pprice_diff": 0.03422520052695922,
          "grid_span": 0.366277412667974,
          "initial_eprice_ema_dist": -0.0007394700364906086,
          "initial_qty_pct": 0.014016613010943979,
          "markup_range": 0.010710877849334343,
          "max_n_entry_orders": 10,
          "min_markup": 0.051943423938523914,
          "n_close_orders": 6,
          "secondary_allocation": 0.08686705885610253,
          "secondary_pprice_diff": 0.23523574741788628,
          "wallet_exposure_limit": 0.1},
 "short": {"auto_unstuck_ema_dist": 0.0752915143886057,
           "auto_unstuck_wallet_exposure_threshold": 0.8076621378128407,
           "backwards_tp": true,
           "ema_span_0": 2737.7652130501697,
           "ema_span_1": 4017.079892256018,
           "enabled": true,
           "eprice_exp_base": 1.5646383027521151,
           "eprice_pprice_diff": 0.020847886014063434,
           "grid_span": 0.14081734718890582,
           "initial_eprice_ema_dist": -0.061451174260596764,
           "initial_qty_pct": 0.020674323548184534,
           "markup_range": 0.04392705302588459,
           "max_n_entry_orders": 10,
           "min_markup": 0.05776823937439982,
           "n_close_orders": 15,
           "secondary_allocation": 0.038824097594085956,
           "secondary_pprice_diff": 0.3160644945701637,
           "wallet_exposure_limit": 0.1}}