{"config_name": "static_grid_SANDUSDT_162days",
 "logging_level": 0,
 "long": {"auto_unstuck_ema_dist": 0.016776537897630308,
          "auto_unstuck_wallet_exposure_threshold": 0.566615952997789,
          "backwards_tp": true,
          "ema_span_0": 4284.915712380943,
          "ema_span_1": 7115.2294360197775,
          "enabled": true,
          "eprice_exp_base": 1.5890191464932997,
          "eprice_pprice_diff": 0.030619851153177953,
          "grid_span": 0.3689818976259008,
          "initial_eprice_ema_dist": -0.01316855899897357,
          "initial_qty_pct": 0.011963894292911332,
          "markup_range": 0.024089945004446573,
          "max_n_entry_orders": 10,
          "min_markup": 0.050334416975381525,
          "n_close_orders": 11,
          "secondary_allocation": 0.6125860394618794,
          "secondary_pprice_diff": 0.16750677804369915,
          "wallet_exposure_limit": 0.1},
 "short": {"auto_unstuck_ema_dist": 0.07552585501197318,
           "auto_unstuck_wallet_exposure_threshold": 0.8938275429384034,
           "backwards_tp": true,
           "ema_span_0": 3326.860871065501,
           "ema_span_1": 4060.791078379204,
           "enabled": true,
           "eprice_exp_base": 2.0342251101667532,
           "eprice_pprice_diff": 0.01483509604776113,
           "grid_span": 0.1819807101756105,
           "initial_eprice_ema_dist": -0.09915568263035626,
           "initial_qty_pct": 0.04487845738362282,
           "markup_range": 0.038858081717484325,
           "max_n_entry_orders": 10,
           "min_markup": 0.06,
           "n_close_orders": 21,
           "secondary_allocation": 0.29463813470398276,
           "secondary_pprice_diff": 0.3807282624508212,
           "wallet_exposure_limit": 0.1}}