{"config_name": "static_grid_SANDUSDT_182days",
 "logging_level": 0,
 "long": {"auto_unstuck_ema_dist": 0.07873928017055251,
          "auto_unstuck_wallet_exposure_threshold": 0.5002516437632861,
          "backwards_tp": true,
          "ema_span_0": 3438.409045184856,
          "ema_span_1": 10080,
          "enabled": true,
          "eprice_exp_base": 2.047860970318781,
          "eprice_pprice_diff": 0.021105374547979408,
          "grid_span": 0.3523597548262881,
          "initial_eprice_ema_dist": -0.00978341016057771,
          "initial_qty_pct": 0.038086046219448416,
          "markup_range": 0.05490945022693415,
          "max_n_entry_orders": 10,
          "min_markup": 0.04012664078069636,
          "n_close_orders": 14,
          "secondary_allocation": 0.22647472421894468,
          "secondary_pprice_diff": 0.4351804439138019,
          "wallet_exposure_limit": 0.1},
 "short": {"auto_unstuck_ema_dist": 0.07720480767439271,
           "auto_unstuck_wallet_exposure_threshold": 0.8050313888224807,
           "backwards_tp": true,
           "ema_span_0": 3590.510358178778,
           "ema_span_1": 3595.9248743365188,
           "enabled": true,
           "eprice_exp_base": 1.441890044499762,
           "eprice_pprice_diff": 0.012928511423927714,
           "grid_span": 0.1112722052406892,
           "initial_eprice_ema_dist": -0.05580387137533543,
           "initial_qty_pct": 0.02635072357210156,
           "markup_range": 0.04317969436844783,
           "max_n_entry_orders": 10,
           "min_markup": 0.05369486440426261,
           "n_close_orders": 23,
           "secondary_allocation": 0.24524046890456316,
           "secondary_pprice_diff": 0.21718657763371685,
           "wallet_exposure_limit": 0.1}}