{"config_name": "static_grid_SANDUSDT_212days",
 "logging_level": 0,
 "long": {"auto_unstuck_ema_dist": 0.023793648646470083,
          "auto_unstuck_wallet_exposure_threshold": 0.5855074339884606,
          "backwards_tp": true,
          "ema_span_0": 2528.5369179319573,
          "ema_span_1": 9672.029589391886,
          "enabled": true,
          "eprice_exp_base": 1.2056732657524074,
          "eprice_pprice_diff": 0.04208140713040443,
          "grid_span": 0.3097673661918372,
          "initial_eprice_ema_dist": -0.048003968581185164,
          "initial_qty_pct": 0.007269363862774092,
          "markup_range": 0.024619983346170562,
          "max_n_entry_orders": 12,
          "min_markup": 0.019527897282649156,
          "n_close_orders": 6,
          "secondary_allocation": 0.3886763858021898,
          "secondary_pprice_diff": 0.06370435058919026,
          "wallet_exposure_limit": 0.1},
 "short": {"auto_unstuck_ema_dist": 0.043487068202717284,
           "auto_unstuck_wallet_exposure_threshold": 0.5965263579957581,
           "backwards_tp": true,
           "ema_span_0": 2912.42301943823,
           "ema_span_1": 1481.7124410029694,
           "enabled": true,
           "eprice_exp_base": 1.3501417249700074,
           "eprice_pprice_diff": 0.013307317133791139,
           "grid_span": 0.13629055440920287,
           "initial_eprice_ema_dist": -0.008143077855416741,
           "initial_qty_pct": 0.012749577399819084,
           "markup_range": 0.006898950396961632,
           "max_n_entry_orders": 12,
           "min_markup": 0.018832324837245274,
           "n_close_orders": 17,
           "secondary_allocation": 0.1922747476343437,
           "secondary_pprice_diff": 0.20974710205954405,
           "wallet_exposure_limit": 0.1}}