{"config_name": "static_grid_SANDUSDT_231days",
 "logging_level": 0,
 "long": {"auto_unstuck_ema_dist": 0.008207658113619065,
          "auto_unstuck_wallet_exposure_threshold": 0.4688919225428071,
          "backwards_tp": true,
          "ema_span_0": 997.6552811328581,
          "ema_span_1": 7200.134810122866,
          "enabled": true,
          "eprice_exp_base": 1.2341922939797567,
          "eprice_pprice_diff": 0.04250857750424743,
          "grid_span": 0.2793071845280133,
          "initial_eprice_ema_dist": -0.002726780206824833,
          "initial_qty_pct": 0.007727567649356741,
          "markup_range": 0.024536485960639877,
          "max_n_entry_orders": 11,
          "min_markup": 0.014212569478847574,
          "n_close_orders": 15,
          "secondary_allocation": 0.29059330658675464,
          "secondary_pprice_diff": 0.0848142925233697,
          "wallet_exposure_limit": 0.1},
 "short": {"auto_unstuck_ema_dist": 0.04731597031630635,
           "auto_unstuck_wallet_exposure_threshold": 0.38441585827550234,
           "backwards_tp": true,
           "ema_span_0": 2732.1444096841806,
           "ema_span_1": 2798.483396778339,
           "enabled": true,
           "eprice_exp_base": 1,
           "eprice_pprice_diff": 0.010976397001233876,
           "grid_span": 0.1447013608730314,
           "initial_eprice_ema_dist": -0.04759458670079342,
           "initial_qty_pct": 0.00899720058219694,
           "markup_range": 0.01350853020845685,
           "max_n_entry_orders": 10,
           "min_markup": 0.009356291411553603,
           "n_close_orders": 11,
           "secondary_allocation": 0.1988617714559898,
           "secondary_pprice_diff": 0.05663504111501105,
           "wallet_exposure_limit": 0.1}}