{"config_name": "static_grid_SANDUSDT_277days",
 "logging_level": 0,
 "long": {"auto_unstuck_ema_dist": 0.01998521478037081,
          "auto_unstuck_wallet_exposure_threshold": 0.4211452465744267,
          "backwards_tp": true,
          "ema_span_0": 291.71280072534137,
          "ema_span_1": 2484.868613080124,
          "enabled": true,
          "eprice_exp_base": 1,
          "eprice_pprice_diff": 0.047377829344728416,
          "grid_span": 0.3461554098496142,
          "initial_eprice_ema_dist": -0.09119206506914083,
          "initial_qty_pct": 0.008468007709499086,
          "markup_range": 0.03908883194060092,
          "max_n_entry_orders": 12,
          "min_markup": 0.01837492909758226,
          "n_close_orders": 13,
          "secondary_allocation": 0.0453742721040484,
          "secondary_pprice_diff": 0.15530273918939022,
          "wallet_exposure_limit": 0.1},
 "short": {"auto_unstuck_ema_dist": 0.017551910652481753,
           "auto_unstuck_wallet_exposure_threshold": 0.2771700436387257,
           "backwards_tp": true,
           "ema_span_0": 274.58129412810723,
           "ema_span_1": 2965.76611730488,
           "enabled": true,
           "eprice_exp_base": 1.2150120128592585,
           "eprice_pprice_diff": 0.014453342509217712,
           "grid_span": 0.15971911756841398,
           "initial_eprice_ema_dist": -0.06186482937413483,
           "initial_qty_pct": 0.008191210224625366,
           "markup_range": 0.004712704343759393,
           "max_n_entry_orders": 12,
           "min_markup": 0.016302712842969032,
           "n_close_orders": 10,
           "secondary_allocation": 0.04750420902755487,
           "secondary_pprice_diff": 0.34555976108009195,
           "wallet_exposure_limit": 0.1}}