{"config_name": "static_grid_SANDUSDT_332days",
 "logging_level": 0,
 "long": {"auto_unstuck_ema_dist": 0.06811659211096713,
          "auto_unstuck_wallet_exposure_threshold": 0.5206842114712215,
          "backwards_tp": true,
          "ema_span_0": 1054.727650268913,
          "ema_span_1": 9487.249527147007,
          "enabled": true,
          "eprice_exp_base": 1.1215322004603971,
          "eprice_pprice_diff": 0.044003004307896325,
          "grid_span": 0.3649315086362291,
          "initial_eprice_ema_dist": -0.03257202536657649,
          "initial_qty_pct": 0.007,
          "markup_range": 0.03894988556391825,
          "max_n_entry_orders": 12,
          "min_markup": 0.015789739797265223,
          "n_close_orders": 11,
          "secondary_allocation": 0.10168895748666777,
          "secondary_pprice_diff": 0.054958873075492944,
          "wallet_exposure_limit": 0.1},
 "short": {"auto_unstuck_ema_dist": 0.026814295310824084,
           "auto_unstuck_wallet_exposure_threshold": 0.17052857818192532,
           "backwards_tp": true,
           "ema_span_0": 2595.409522037494,
           "ema_span_1": 630.747795451319,
           "enabled": true,
           "eprice_exp_base": 1.0970996716178196,
           "eprice_pprice_diff": 0.010488080702473574,
           "grid_span": 0.1616226309303287,
           "initial_eprice_ema_dist": -0.09867828434009852,
           "initial_qty_pct": 0.007060979822327481,
           "markup_range": 0.004683609885953904,
           "max_n_entry_orders": 12,
           "min_markup": 0.010418444059323602,
           "n_close_orders": 7,
           "secondary_allocation": 0.15590427575057758,
           "secondary_pprice_diff": 0.35331231289285786,
           "wallet_exposure_limit": 0.1}}