{"config_name": "static_grid_SANDUSDT_262days",
 "logging_level": 0,
 "long": {"auto_unstuck_ema_dist": 0.06495936786050148,
          "auto_unstuck_wallet_exposure_threshold": 0.4067867434652686,
          "backwards_tp": true,
          "ema_span_0": 536.7210284836506,
          "ema_span_1": 8858.146058951996,
          "enabled": true,
          "eprice_exp_base": 1.3474535088477315,
          "eprice_pprice_diff": 0.04482409205920472,
          "grid_span": 0.30122887328503584,
          "initial_eprice_ema_dist": -0.003999343591475203,
          "initial_qty_pct": 0.0071094065124823825,
          "markup_range": 0.03828708974239045,
          "max_n_entry_orders": 11,
          "min_markup": 0.019722600249416487,
          "n_close_orders": 15,
          "secondary_allocation": 0.20593120419693764,
          "secondary_pprice_diff": 0.06197670039322369,
          "wallet_exposure_limit": 0.1},
 "short": {"auto_unstuck_ema_dist": 0.03599566745197668,
           "auto_unstuck_wallet_exposure_threshold": 0,
           "backwards_tp": true,
           "ema_span_0": 1093.8159585625906,
           "ema_span_1": 325.8694123854144,
           "enabled": true,
           "eprice_exp_base": 1.2008938254696793,
           "eprice_pprice_diff": 0.017123853237521122,
           "grid_span": 0.15007937707793337,
           "initial_eprice_ema_dist": -0.0854906303342264,
           "initial_qty_pct": 0.007,
           "markup_range": 0.001743161938788913,
           "max_n_entry_orders": 13,
           "min_markup": 0.01780766151473541,
           "n_close_orders": 7,
           "secondary_allocation": 0.06096547873714744,
           "secondary_pprice_diff": 0.20680795563117782,
           "wallet_exposure_limit": 0.1}}