{"config_name": "static_grid_SANDUSDT_170days",
 "logging_level": 0,
 "long": {"auto_unstuck_ema_dist": 0.036676445316843595,
          "auto_unstuck_wallet_exposure_threshold": 0.4107466050176748,
          "backwards_tp": true,
          "ema_span_0": 3547.8392412657236,
          "ema_span_1": 8486.50656456767,
          "enabled": true,
          "eprice_exp_base": 1.5138510344728155,
          "eprice_pprice_diff": 0.01072787198676414,
          "grid_span": 0.36236468528664145,
          "initial_eprice_ema_dist": -0.004309913360731362,
          "initial_qty_pct": 0.03206664417746314,
          "markup_range": 0.05834271853777829,
          "max_n_entry_orders": 10,
          "min_markup": 0.03251579420706451,
          "n_close_orders": 6,
          "secondary_allocation": 0.6115482991494201,
          "secondary_pprice_diff": 0.07745595646021647,
          "wallet_exposure_limit": 0.1},
 "short": {"auto_unstuck_ema_dist": 0.07641356462775782,
           "auto_unstuck_wallet_exposure_threshold": 0.9899669074394281,
           "backwards_tp": true,
           "ema_span_0": 3614.2967493211654,
           "ema_span_1": 3937.4391821136965,
           "enabled": true,
           "eprice_exp_base": 1.8343752827724913,
           "eprice_pprice_diff": 0.02802058684450092,
           "grid_span": 0.3988398015045579,
           "initial_eprice_ema_dist": -0.03495501928556988,
           "initial_qty_pct": 0.032765632361290695,
           "markup_range": 0.04407058204517208,
           "max_n_entry_orders": 10,
           "min_markup": 0.06,
           "n_close_orders": 24,
           "secondary_allocation": 0.514226183097091,
           "secondary_pprice_diff": 0.21528786799676528,
           "wallet_exposure_limit": 0.1}}