{"config_name": "static_grid_THETAUSDT_270days",
 "logging_level": 0,
 "long": {"auto_unstuck_ema_dist": 0.023901548650734673,
          "auto_unstuck_wallet_exposure_threshold": 0.15338638027646787,
          "backwards_tp": true,
          "ema_span_0": 4098.138058778863,
          "ema_span_1": 5363.130478052623,
          "enabled": true,
          "eprice_exp_base": 1.1078672706174526,
          "eprice_pprice_diff": 0.030683995790345534,
          "grid_span": 0.2587305031818834,
          "initial_eprice_ema_dist": -0.07354245745187993,
          "initial_qty_pct": 0.007,
          "markup_range": 0.03684173027676182,
          "max_n_entry_orders": 12,
          "min_markup": 0.01425571781391947,
          "n_close_orders": 19,
          "secondary_allocation": 0.10817114943971241,
          "secondary_pprice_diff": 0.4292916429739032,
          "wallet_exposure_limit": 0.1},
 "short": {"auto_unstuck_ema_dist": 0.031024623781619434,
           "auto_unstuck_wallet_exposure_threshold": 0.6,
           "backwards_tp": true,
           "ema_span_0": 2454.945620859879,
           "ema_span_1": 1189.7881999310935,
           "enabled": true,
           "eprice_exp_base": 1.0024118315122303,
           "eprice_pprice_diff": 0.025239388646642328,
           "grid_span": 0.18671475089886902,
           "initial_eprice_ema_dist": -0.0651485405755027,
           "initial_qty_pct": 0.015437338363459691,
           "markup_range": 0.04,
           "max_n_entry_orders": 11,
           "min_markup": 0.00640749826173232,
           "n_close_orders": 8,
           "secondary_allocation": 0.5508039569469688,
           "secondary_pprice_diff": 0.09064035511035515,
           "wallet_exposure_limit": 0.1}}