{"config_name": "static_grid_THETAUSDT_171days",
 "logging_level": 0,
 "long": {"auto_unstuck_ema_dist": 0.024720463863458345,
          "auto_unstuck_wallet_exposure_threshold": 0.6155414715859863,
          "backwards_tp": true,
          "ema_span_0": 3332.6100992667716,
          "ema_span_1": 9150.949482867396,
          "enabled": true,
          "eprice_exp_base": 2.0103633654086748,
          "eprice_pprice_diff": 0.0443294746099039,
          "grid_span": 0.2695058654153041,
          "initial_eprice_ema_dist": -0.0017319681173478979,
          "initial_qty_pct": 0.03387805051084644,
          "markup_range": 0.01223391598517253,
          "max_n_entry_orders": 10,
          "min_markup": 0.023000367201942894,
          "n_close_orders": 15,
          "secondary_allocation": 0.05133842738317072,
          "secondary_pprice_diff": 0.09654667962199438,
          "wallet_exposure_limit": 0.1},
 "short": {"auto_unstuck_ema_dist": 0.023866603080082763,
           "auto_unstuck_wallet_exposure_threshold": 0.6962416257080224,
           "backwards_tp": true,
           "ema_span_0": 2095.402800762788,
           "ema_span_1": 4967.399663277258,
           "enabled": true,
           "eprice_exp_base": 1.249771113420877,
           "eprice_pprice_diff": 0.007048802669287901,
           "grid_span": 0.14686455845557558,
           "initial_eprice_ema_dist": -0.07116419670142238,
           "initial_qty_pct": 0.03165343843112338,
           "markup_range": 0.043272188532385986,
           "max_n_entry_orders": 10,
           "min_markup": 0.04887998444317296,
           "n_close_orders": 28,
           "secondary_allocation": 0.0769412168047917,
           "secondary_pprice_diff": 0.31102044813446605,
           "wallet_exposure_limit": 0.1}}