{"config_name": "static_grid_THETAUSDT_256days",
 "logging_level": 0,
 "long": {"auto_unstuck_ema_dist": 0.04842621786471371,
          "auto_unstuck_wallet_exposure_threshold": 0.30307179226060926,
          "backwards_tp": true,
          "ema_span_0": 2424.7734685631845,
          "ema_span_1": 3908.193349478627,
          "enabled": true,
          "eprice_exp_base": 1.0834633850771362,
          "eprice_pprice_diff": 0.016800560631549263,
          "grid_span": 0.1588461348996069,
          "initial_eprice_ema_dist": -0.07883367262288564,
          "initial_qty_pct": 0.010221676951927753,
          "markup_range": 0.002282232497260096,
          "max_n_entry_orders": 11,
          "min_markup": 0.012082479681498656,
          "n_close_orders": 5,
          "secondary_allocation": 0.0335130685250593,
          "secondary_pprice_diff": 0.40983800329397535,
          "wallet_exposure_limit": 0.1},
 "short": {"auto_unstuck_ema_dist": 0.012730251244503221,
           "auto_unstuck_wallet_exposure_threshold": 0.5810236785932087,
           "backwards_tp": true,
           "ema_span_0": 1330.7086639788351,
           "ema_span_1": 5461.0063677007365,
           "enabled": true,
           "eprice_exp_base": 1.036662948175034,
           "eprice_pprice_diff": 0.010088810411866302,
           "grid_span": 0.21718715354539866,
           "initial_eprice_ema_dist": -0.007999466460711943,
           "initial_qty_pct": 0.0071405920779712626,
           "markup_range": 0.015372063198217338,
           "max_n_entry_orders": 8,
           "min_markup": 0.016303688260120807,
           "n_close_orders": 16,
           "secondary_allocation": 0.1753755685205691,
           "secondary_pprice_diff": 0.32998692741224656,
           "wallet_exposure_limit": 0.1}}