{"config_name": "static_grid_THETAUSDT_147days",
 "logging_level": 0,
 "long": {"auto_unstuck_ema_dist": 0.00494117534491215,
          "auto_unstuck_wallet_exposure_threshold": 0.5870008785726955,
          "backwards_tp": true,
          "ema_span_0": 2210.4332677846705,
          "ema_span_1": 9262.474900523419,
          "enabled": true,
          "eprice_exp_base": 1.3800195571141267,
          "eprice_pprice_diff": 0.016800238007601366,
          "grid_span": 0.2757985117356627,
          "initial_eprice_ema_dist": -0.09900503741362303,
          "initial_qty_pct": 0.042875732711608654,
          "markup_range": 0.0026919020832882907,
          "max_n_entry_orders": 10,
          "min_markup": 0.03586003556997658,
          "n_close_orders": 27,
          "secondary_allocation": 0.001760571769539223,
          "secondary_pprice_diff": 0.15008397017710212,
          "wallet_exposure_limit": 0.1},
 "short": {"auto_unstuck_ema_dist": 0.04193071732016015,
           "auto_unstuck_wallet_exposure_threshold": 0.7040613822778186,
           "backwards_tp": true,
           "ema_span_0": 2036.454301114175,
           "ema_span_1": 4334.0052455192745,
           "enabled": true,
           "eprice_exp_base": 1.3935229983046449,
           "eprice_pprice_diff": 0.009867518449117171,
           "grid_span": 0.19464224097528351,
           "initial_eprice_ema_dist": -0.05122808152077524,
           "initial_qty_pct": 0.028042470253639998,
           "markup_range": 0.04625372678442303,
           "max_n_entry_orders": 10,
           "min_markup": 0.05672474524207631,
           "n_close_orders": 13,
           "secondary_allocation": 0.032420338486469615,
           "secondary_pprice_diff": 0.4844911773518673,
           "wallet_exposure_limit": 0.1}}