{"config_name": "static_grid_THETAUSDT_158days",
 "logging_level": 0,
 "long": {"auto_unstuck_ema_dist": 0.02315642556820851,
          "auto_unstuck_wallet_exposure_threshold": 0.5881035486810632,
          "backwards_tp": true,
          "ema_span_0": 2516.705621519453,
          "ema_span_1": 7562.7172947627005,
          "enabled": true,
          "eprice_exp_base": 1.1340268794598891,
          "eprice_pprice_diff": 0.009249552917809748,
          "grid_span": 0.2524619414271703,
          "initial_eprice_ema_dist": -0.042261979225681444,
          "initial_qty_pct": 0.019571913766692962,
          "markup_range": 0.00431751093508935,
          "max_n_entry_orders": 10,
          "min_markup": 0.05651864768408501,
          "n_close_orders": 8,
          "secondary_allocation": 0.37050351216808597,
          "secondary_pprice_diff": 0.07527990041165157,
          "wallet_exposure_limit": 0.1},
 "short": {"auto_unstuck_ema_dist": 0.04125554366283933,
           "auto_unstuck_wallet_exposure_threshold": 0.7542743004832886,
           "backwards_tp": true,
           "ema_span_0": 2816.3336754820602,
           "ema_span_1": 4303.691663247414,
           "enabled": true,
           "eprice_exp_base": 2.0671206448961006,
           "eprice_pprice_diff": 0.028574397096426424,
           "grid_span": 0.1437307121443553,
           "initial_eprice_ema_dist": -0.04460688143491066,
           "initial_qty_pct": 0.03406410362396584,
           "markup_range": 0.047640128317432334,
           "max_n_entry_orders": 10,
           "min_markup": 0.053214261475575265,
           "n_close_orders": 25,
           "secondary_allocation": 0.21600949680330517,
           "secondary_pprice_diff": 0.4773277998536153,
           "wallet_exposure_limit": 0.1}}