{"config_name": "static_grid_THETAUSDT_236days",
 "logging_level": 0,
 "long": {"auto_unstuck_ema_dist": 0.01707085850756515,
          "auto_unstuck_wallet_exposure_threshold": 0.18529752258329665,
          "backwards_tp": true,
          "ema_span_0": 3092.1910020183923,
          "ema_span_1": 4618.890092177213,
          "enabled": true,
          "eprice_exp_base": 1.0009623456192167,
          "eprice_pprice_diff": 0.036507266053914404,
          "grid_span": 0.2688687751067592,
          "initial_eprice_ema_dist": -0.05921063831134468,
          "initial_qty_pct": 0.01030829100753793,
          "markup_range": 0.03635714699696601,
          "max_n_entry_orders": 13,
          "min_markup": 0.014979349975714191,
          "n_close_orders": 18,
          "secondary_allocation": 0,
          "secondary_pprice_diff": 0.12113453984186731,
          "wallet_exposure_limit": 0.1},
 "short": {"auto_unstuck_ema_dist": 0.018917086567128483,
           "auto_unstuck_wallet_exposure_threshold": 0.5025904833448145,
           "backwards_tp": true,
           "ema_span_0": 3449.2131270541427,
           "ema_span_1": 8781.381118274054,
           "enabled": true,
           "eprice_exp_base": 1.2254089733011377,
           "eprice_pprice_diff": 0.014409643045922462,
           "grid_span": 0.18103342474697046,
           "initial_eprice_ema_dist": -0.022944348983231104,
           "initial_qty_pct": 0.008143165347300408,
           "markup_range": 0.023946451589262945,
           "max_n_entry_orders": 12,
           "min_markup": 0.015558265505166473,
           "n_close_orders": 8,
           "secondary_allocation": 0.44379019586144586,
           "secondary_pprice_diff": 0.09900673228474777,
           "wallet_exposure_limit": 0.1}}