{"config_name": "static_grid_THETAUSDT_199days",
 "logging_level": 0,
 "long": {"auto_unstuck_ema_dist": 0.015344557128546415,
          "auto_unstuck_wallet_exposure_threshold": 0.5620576490384664,
          "backwards_tp": true,
          "ema_span_0": 3058.800587692835,
          "ema_span_1": 9731.522044404857,
          "enabled": true,
          "eprice_exp_base": 1.045557800852466,
          "eprice_pprice_diff": 0.010605848376824784,
          "grid_span": 0.35462117663830744,
          "initial_eprice_ema_dist": -0.0037527980964293644,
          "initial_qty_pct": 0.022953283700135333,
          "markup_range": 0.01445848739193953,
          "max_n_entry_orders": 10,
          "min_markup": 0.01908918882423732,
          "n_close_orders": 18,
          "secondary_allocation": 0.11283396206901612,
          "secondary_pprice_diff": 0.40884022651543245,
          "wallet_exposure_limit": 0.1},
 "short": {"auto_unstuck_ema_dist": 0.04883239887680282,
           "auto_unstuck_wallet_exposure_threshold": 0.8000132801021249,
           "backwards_tp": true,
           "ema_span_0": 966.0118114600538,
           "ema_span_1": 2143.641188012155,
           "enabled": true,
           "eprice_exp_base": 1.787272397987967,
           "eprice_pprice_diff": 0.02135723577313163,
           "grid_span": 0.28786206378488605,
           "initial_eprice_ema_dist": -0.08065617914101242,
           "initial_qty_pct": 0.025932215985726516,
           "markup_range": 0.044394988326008834,
           "max_n_entry_orders": 10,
           "min_markup": 0.048771536140224094,
           "n_close_orders": 7,
           "secondary_allocation": 0.25461169160618263,
           "secondary_pprice_diff": 0.24937689877171182,
           "wallet_exposure_limit": 0.1}}