{"config_name": "static_grid_THETAUSDT_218days",
 "logging_level": 0,
 "long": {"auto_unstuck_ema_dist": 0.055552351850613024,
          "auto_unstuck_wallet_exposure_threshold": 0.2198544484351747,
          "backwards_tp": true,
          "ema_span_0": 3377.714355534998,
          "ema_span_1": 10019.616608465038,
          "enabled": true,
          "eprice_exp_base": 1.2417650103678668,
          "eprice_pprice_diff": 0.029013617638969362,
          "grid_span": 0.25146756094303746,
          "initial_eprice_ema_dist": -0.037947761224521925,
          "initial_qty_pct": 0.009355031367701397,
          "markup_range": 0.03825993460834638,
          "max_n_entry_orders": 12,
          "min_markup": 0.007197617144523663,
          "n_close_orders": 17,
          "secondary_allocation": 0.17814614593324016,
          "secondary_pprice_diff": 0.23822314350227553,
          "wallet_exposure_limit": 0.1},
 "short": {"auto_unstuck_ema_dist": 0.018412675432444695,
           "auto_unstuck_wallet_exposure_threshold": 0.5720375867415836,
           "backwards_tp": true,
           "ema_span_0": 3500.6736953341415,
           "ema_span_1": 5764.845815647093,
           "enabled": true,
           "eprice_exp_base": 1.309139545353146,
           "eprice_pprice_diff": 0.015052485677729648,
           "grid_span": 0.16528590959596898,
           "initial_eprice_ema_dist": -0.022174554883747657,
           "initial_qty_pct": 0.007593818932414774,
           "markup_range": 0.02265918816382423,
           "max_n_entry_orders": 10,
           "min_markup": 0.0071607114218493325,
           "n_close_orders": 9,
           "secondary_allocation": 0.3142493067494694,
           "secondary_pprice_diff": 0.13362923645874197,
           "wallet_exposure_limit": 0.1}}