{"config_name": "static_grid_THETAUSDT_311days",
 "logging_level": 0,
 "long": {"auto_unstuck_ema_dist": 0.0042067406306891325,
          "auto_unstuck_wallet_exposure_threshold": 0.28296916033394187,
          "backwards_tp": true,
          "ema_span_0": 1731.6029208442635,
          "ema_span_1": 3566.654875874171,
          "enabled": true,
          "eprice_exp_base": 1.146678258423512,
          "eprice_pprice_diff": 0.029678328162958078,
          "grid_span": 0.2596172663283777,
          "initial_eprice_ema_dist": -0.05117547634262396,
          "initial_qty_pct": 0.009948889903313187,
          "markup_range": 0.035829289381498555,
          "max_n_entry_orders": 12,
          "min_markup": 0.008157686531935219,
          "n_close_orders": 9,
          "secondary_allocation": 0.279779642892851,
          "secondary_pprice_diff": 0.0996309702336641,
          "wallet_exposure_limit": 0.1},
 "short": {"auto_unstuck_ema_dist": 0.009334184935322188,
           "auto_unstuck_wallet_exposure_threshold": 0.5740144567653558,
           "backwards_tp": true,
           "ema_span_0": 1054.5779457941208,
           "ema_span_1": 6591.831327936649,
           "enabled": true,
           "eprice_exp_base": 1.3258418268359176,
           "eprice_pprice_diff": 0.013444131469897314,
           "grid_span": 0.19462856394537761,
           "initial_eprice_ema_dist": -0.01196675897017852,
           "initial_qty_pct": 0.007,
           "markup_range": 0.022797936416520233,
           "max_n_entry_orders": 11,
           "min_markup": 0.0077215932177139976,
           "n_close_orders": 14,
           "secondary_allocation": 0.16045275301624123,
           "secondary_pprice_diff": 0.1350012168950888,
           "wallet_exposure_limit": 0.1}}