{"config_name": "static_grid_THETAUSDT_207days",
 "logging_level": 0,
 "long": {"auto_unstuck_ema_dist": 0.01142581979695267,
          "auto_unstuck_wallet_exposure_threshold": 0.35053294028280996,
          "backwards_tp": true,
          "ema_span_0": 935.9760502208375,
          "ema_span_1": 7838.77281206571,
          "enabled": true,
          "eprice_exp_base": 1.0138944207244238,
          "eprice_pprice_diff": 0.030920304055738174,
          "grid_span": 0.29046545963620357,
          "initial_eprice_ema_dist": -0.09020094789888393,
          "initial_qty_pct": 0.012027977566682165,
          "markup_range": 0.026301632818515625,
          "max_n_entry_orders": 12,
          "min_markup": 0.007958651824827917,
          "n_close_orders": 5,
          "secondary_allocation": 0.18025069830005608,
          "secondary_pprice_diff": 0.4915764556262707,
          "wallet_exposure_limit": 0.1},
 "short": {"auto_unstuck_ema_dist": 0.022860380907235394,
           "auto_unstuck_wallet_exposure_threshold": 0.5858421097586752,
           "backwards_tp": true,
           "ema_span_0": 4285.134218619374,
           "ema_span_1": 9166.88116311862,
           "enabled": true,
           "eprice_exp_base": 1.1055261526897697,
           "eprice_pprice_diff": 0.01332970585057688,
           "grid_span": 0.2393047423205062,
           "initial_eprice_ema_dist": -0.007987285175180225,
           "initial_qty_pct": 0.02306980141097789,
           "markup_range": 0.025314087957976326,
           "max_n_entry_orders": 10,
           "min_markup": 0.007388160907107114,
           "n_close_orders": 20,
           "secondary_allocation": 0.2383045613876155,
           "secondary_pprice_diff": 0.34185980057651366,
           "wallet_exposure_limit": 0.1}}