{"config_name": "static_grid_TRXUSDT_140days",
 "logging_level": 0,
 "long": {"auto_unstuck_ema_dist": 0.0216983213425658,
          "auto_unstuck_wallet_exposure_threshold": 0.9295023821971317,
          "backwards_tp": true,
          "ema_span_0": 1592.87020005742,
          "ema_span_1": 2302.0286890952993,
          "enabled": true,
          "eprice_exp_base": 1.333222545938127,
          "eprice_pprice_diff": 0.026311603005913318,
          "grid_span": 0.6890993286187145,
          "initial_eprice_ema_dist": -0.018912898628479648,
          "initial_qty_pct": 0.03510953698086353,
          "markup_range": 0.036976405246670216,
          "max_n_entry_orders": 10,
          "min_markup": 0.06,
          "n_close_orders": 8,
          "secondary_allocation": 0.6754583647641749,
          "secondary_pprice_diff": 0.43435909956374924,
          "wallet_exposure_limit": 0.1},
 "short": {"auto_unstuck_ema_dist": 0.010622290371516485,
           "auto_unstuck_wallet_exposure_threshold": 0.7944513370117289,
           "backwards_tp": true,
           "ema_span_0": 3662.8734278807106,
           "ema_span_1": 5751.817991410915,
           "enabled": true,
           "eprice_exp_base": 1.1171020858211875,
           "eprice_pprice_diff": 0.007838052914043433,
           "grid_span": 0.1,
           "initial_eprice_ema_dist": -0.042353571397400876,
           "initial_qty_pct": 0.04075393367791953,
           "markup_range": 0.03876628399710432,
           "max_n_entry_orders": 10,
           "min_markup": 0.038715631117159206,
           "n_close_orders": 30,
           "secondary_allocation": 0.14495574926439736,
           "secondary_pprice_diff": 0.49133508555263866,
           "wallet_exposure_limit": 0.1}}