{"config_name": "static_grid_TRXUSDT_152days",
 "logging_level": 0,
 "long": {"auto_unstuck_ema_dist": 0.021656408585385662,
          "auto_unstuck_wallet_exposure_threshold": 0.8483411484041862,
          "backwards_tp": true,
          "ema_span_0": 1608.6641622968825,
          "ema_span_1": 2318.2532528824663,
          "enabled": true,
          "eprice_exp_base": 1.140759012385693,
          "eprice_pprice_diff": 0.011175102470184804,
          "grid_span": 0.1392437069299461,
          "initial_eprice_ema_dist": -0.0009470693893501468,
          "initial_qty_pct": 0.010986751555917306,
          "markup_range": 0.037416118176179604,
          "max_n_entry_orders": 10,
          "min_markup": 0.058296470550721305,
          "n_close_orders": 21,
          "secondary_allocation": 0.1767422380407557,
          "secondary_pprice_diff": 0.11188629100832821,
          "wallet_exposure_limit": 0.1},
 "short": {"auto_unstuck_ema_dist": 0.014258615632984263,
           "auto_unstuck_wallet_exposure_threshold": 0.9376460971118865,
           "backwards_tp": true,
           "ema_span_0": 2207.367628896962,
           "ema_span_1": 3843.502457750822,
           "enabled": true,
           "eprice_exp_base": 1.5200024775980951,
           "eprice_pprice_diff": 0.012426306200354464,
           "grid_span": 0.4949001080508938,
           "initial_eprice_ema_dist": -0.0001544846534856036,
           "initial_qty_pct": 0.03448858685781288,
           "markup_range": 0.0016039099515146081,
           "max_n_entry_orders": 10,
           "min_markup": 0.03018310411717217,
           "n_close_orders": 26,
           "secondary_allocation": 0.6569414028778358,
           "secondary_pprice_diff": 0.29170724175575086,
           "wallet_exposure_limit": 0.1}}