{"config_name": "static_grid_TRXUSDT_192days",
 "logging_level": 0,
 "long": {"auto_unstuck_ema_dist": 0.013654642114887258,
          "auto_unstuck_wallet_exposure_threshold": 0.874869927578301,
          "backwards_tp": true,
          "ema_span_0": 1578.3171639156137,
          "ema_span_1": 2482.452370041035,
          "enabled": true,
          "eprice_exp_base": 1.3157599089025056,
          "eprice_pprice_diff": 0.005050800936026485,
          "grid_span": 0.6627427482790812,
          "initial_eprice_ema_dist": -0.0012803627809737095,
          "initial_qty_pct": 0.020721302568850155,
          "markup_range": 0.043379905727015666,
          "max_n_entry_orders": 10,
          "min_markup": 0.059932569426484984,
          "n_close_orders": 9,
          "secondary_allocation": 0.6146890608542037,
          "secondary_pprice_diff": 0.35142671186979624,
          "wallet_exposure_limit": 0.1},
 "short": {"auto_unstuck_ema_dist": 0.017415922601033057,
           "auto_unstuck_wallet_exposure_threshold": 0.8322374470423121,
           "backwards_tp": true,
           "ema_span_0": 4273.510566277581,
           "ema_span_1": 5753.490975156133,
           "enabled": true,
           "eprice_exp_base": 1.6370332052399892,
           "eprice_pprice_diff": 0.00777916051574774,
           "grid_span": 0.1182410285917504,
           "initial_eprice_ema_dist": -0.049762323871757094,
           "initial_qty_pct": 0.034914909187417,
           "markup_range": 0.022116383255104854,
           "max_n_entry_orders": 10,
           "min_markup": 0.05120181384230109,
           "n_close_orders": 18,
           "secondary_allocation": 0.013651731641158488,
           "secondary_pprice_diff": 0.3960371923093676,
           "wallet_exposure_limit": 0.1}}