{"config_name": "static_grid_TRXUSDT_194days",
 "logging_level": 0,
 "long": {"auto_unstuck_ema_dist": 0.021320010191406252,
          "auto_unstuck_wallet_exposure_threshold": 0.8809927800133678,
          "backwards_tp": true,
          "ema_span_0": 742.7305784494599,
          "ema_span_1": 6556.44258398173,
          "enabled": true,
          "eprice_exp_base": 1.3703539173551442,
          "eprice_pprice_diff": 0.015611121977195594,
          "grid_span": 0.34484492886245166,
          "initial_eprice_ema_dist": -0.005620021129640317,
          "initial_qty_pct": 0.03192001641742361,
          "markup_range": 0.02745923341612601,
          "max_n_entry_orders": 10,
          "min_markup": 0.05766091237672768,
          "n_close_orders": 25,
          "secondary_allocation": 0.044543167135311416,
          "secondary_pprice_diff": 0.1325053650194807,
          "wallet_exposure_limit": 0.1},
 "short": {"auto_unstuck_ema_dist": 0.011128863979838076,
           "auto_unstuck_wallet_exposure_threshold": 0.7008289443679526,
           "backwards_tp": true,
           "ema_span_0": 3806.5060392461965,
           "ema_span_1": 4861.593047425157,
           "enabled": true,
           "eprice_exp_base": 1.248455264427619,
           "eprice_pprice_diff": 0.005877269863465522,
           "grid_span": 0.10182112417409415,
           "initial_eprice_ema_dist": -0.039777848155867,
           "initial_qty_pct": 0.043045499960856555,
           "markup_range": 0.047933255723185506,
           "max_n_entry_orders": 10,
           "min_markup": 0.03127697217885833,
           "n_close_orders": 24,
           "secondary_allocation": 0.0484399270568635,
           "secondary_pprice_diff": 0.46600283979405627,
           "wallet_exposure_limit": 0.1}}