{"config_name": "static_grid_TRXUSDT_241days",
 "logging_level": 0,
 "long": {"auto_unstuck_ema_dist": 0.08796416151527109,
          "auto_unstuck_wallet_exposure_threshold": 0.38289504064898894,
          "backwards_tp": true,
          "ema_span_0": 4252.810151645726,
          "ema_span_1": 2722.8737973759935,
          "enabled": true,
          "eprice_exp_base": 1.0979028422848005,
          "eprice_pprice_diff": 0.007723563111811476,
          "grid_span": 0.23331331579804201,
          "initial_eprice_ema_dist": -0.002209805744903287,
          "initial_qty_pct": 0.011919935011193126,
          "markup_range": 0.008164387986552214,
          "max_n_entry_orders": 11,
          "min_markup": 0.019168398408291175,
          "n_close_orders": 8,
          "secondary_allocation": 0.05761575573524522,
          "secondary_pprice_diff": 0.29340392381480185,
          "wallet_exposure_limit": 0.1},
 "short": {"auto_unstuck_ema_dist": 0.0056203389436423916,
           "auto_unstuck_wallet_exposure_threshold": 0.5797333877840696,
           "backwards_tp": true,
           "ema_span_0": 1919.5864412896717,
           "ema_span_1": 1423.7900646483258,
           "enabled": true,
           "eprice_exp_base": 1.0110534423257769,
           "eprice_pprice_diff": 0.009595497262751303,
           "grid_span": 0.10555622325932948,
           "initial_eprice_ema_dist": -0.07242596812126663,
           "initial_qty_pct": 0.010618406719372787,
           "markup_range": 0.005484605970153741,
           "max_n_entry_orders": 12,
           "min_markup": 0.019358164678506675,
           "n_close_orders": 18,
           "secondary_allocation": 0.030006103702844202,
           "secondary_pprice_diff": 0.13171211730535073,
           "wallet_exposure_limit": 0.1}}