{"config_name": "static_grid_TRXUSDT_213days",
 "logging_level": 0,
 "long": {"auto_unstuck_ema_dist": 0.029737515711513497,
          "auto_unstuck_wallet_exposure_threshold": 0.5623406459238197,
          "backwards_tp": true,
          "ema_span_0": 1545.4637574439012,
          "ema_span_1": 8541.821941078206,
          "enabled": true,
          "eprice_exp_base": 1.3056032690747135,
          "eprice_pprice_diff": 0.010772102510346727,
          "grid_span": 0.24561986789579898,
          "initial_eprice_ema_dist": -0.005880210404977089,
          "initial_qty_pct": 0.011493653773503098,
          "markup_range": 0.016615488972355767,
          "max_n_entry_orders": 9,
          "min_markup": 0.013210788318561257,
          "n_close_orders": 11,
          "secondary_allocation": 0.019232382207033084,
          "secondary_pprice_diff": 0.3253532465881246,
          "wallet_exposure_limit": 0.1},
 "short": {"auto_unstuck_ema_dist": 0.010950374202416104,
           "auto_unstuck_wallet_exposure_threshold": 0.5799624662953534,
           "backwards_tp": true,
           "ema_span_0": 1379.6501616491084,
           "ema_span_1": 2051.6538219666427,
           "enabled": true,
           "eprice_exp_base": 1.0778668252247217,
           "eprice_pprice_diff": 0.0035395386970331942,
           "grid_span": 0.1,
           "initial_eprice_ema_dist": -0.08672363321418039,
           "initial_qty_pct": 0.01165917813636534,
           "markup_range": 0.01296718039669894,
           "max_n_entry_orders": 9,
           "min_markup": 0.018019219444355077,
           "n_close_orders": 16,
           "secondary_allocation": 0.02624892570705572,
           "secondary_pprice_diff": 0.22816966762701413,
           "wallet_exposure_limit": 0.1}}