{"config_name": "static_grid_TRXUSDT_174days",
 "logging_level": 0,
 "long": {"auto_unstuck_ema_dist": 0.016269446350618545,
          "auto_unstuck_wallet_exposure_threshold": 0.9530121993040863,
          "backwards_tp": true,
          "ema_span_0": 1810.4142478416313,
          "ema_span_1": 3244.768954821052,
          "enabled": true,
          "eprice_exp_base": 1.5205255801561366,
          "eprice_pprice_diff": 0.030975154222223973,
          "grid_span": 0.12801591233813267,
          "initial_eprice_ema_dist": -0.00808751502853819,
          "initial_qty_pct": 0.043767456835682735,
          "markup_range": 0.008192110032805565,
          "max_n_entry_orders": 10,
          "min_markup": 0.05946703747171582,
          "n_close_orders": 23,
          "secondary_allocation": 0.101417069772701,
          "secondary_pprice_diff": 0.21142406616122822,
          "wallet_exposure_limit": 0.1},
 "short": {"auto_unstuck_ema_dist": 0.014567365101089039,
           "auto_unstuck_wallet_exposure_threshold": 0.715148642011874,
           "backwards_tp": true,
           "ema_span_0": 3647.832569056496,
           "ema_span_1": 1717.4916473355538,
           "enabled": true,
           "eprice_exp_base": 1.107501621255955,
           "eprice_pprice_diff": 0.0025543951160467296,
           "grid_span": 0.1,
           "initial_eprice_ema_dist": -0.01910237533027473,
           "initial_qty_pct": 0.04916747811484915,
           "markup_range": 0.03330535995108324,
           "max_n_entry_orders": 10,
           "min_markup": 0.04431013807095809,
           "n_close_orders": 22,
           "secondary_allocation": 0.03756705916365657,
           "secondary_pprice_diff": 0.17996278231674018,
           "wallet_exposure_limit": 0.1}}