{"config_name": "static_grid_TRXUSDT_219days",
 "logging_level": 0,
 "long": {"auto_unstuck_ema_dist": 0.02126833887025941,
          "auto_unstuck_wallet_exposure_threshold": 0.8672139178977132,
          "backwards_tp": true,
          "ema_span_0": 2530.278326428798,
          "ema_span_1": 1549.0529036317369,
          "enabled": true,
          "eprice_exp_base": 1.6175734370770163,
          "eprice_pprice_diff": 0.018348183376502077,
          "grid_span": 0.1,
          "initial_eprice_ema_dist": 0,
          "initial_qty_pct": 0.028923178551952602,
          "markup_range": 0.05889977958274508,
          "max_n_entry_orders": 10,
          "min_markup": 0.059005576288458726,
          "n_close_orders": 21,
          "secondary_allocation": 0.5527060697075685,
          "secondary_pprice_diff": 0.38525549007946724,
          "wallet_exposure_limit": 0.1},
 "short": {"auto_unstuck_ema_dist": 0.020132650832352807,
           "auto_unstuck_wallet_exposure_threshold": 0.7709269359422349,
           "backwards_tp": true,
           "ema_span_0": 3953.600493250597,
           "ema_span_1": 4981.523599553507,
           "enabled": true,
           "eprice_exp_base": 1.1335748067523752,
           "eprice_pprice_diff": 0.006598038578231161,
           "grid_span": 0.14567872854274122,
           "initial_eprice_ema_dist": -0.06135398626407743,
           "initial_qty_pct": 0.03199236002867996,
           "markup_range": 0.02239446194795878,
           "max_n_entry_orders": 10,
           "min_markup": 0.04509056941676832,
           "n_close_orders": 27,
           "secondary_allocation": 0.3040575165944711,
           "secondary_pprice_diff": 0.09258264747927918,
           "wallet_exposure_limit": 0.1}}