{"config_name": "static_grid_TRXUSDT_171days",
 "logging_level": 0,
 "long": {"auto_unstuck_ema_dist": 0.02150444123620221,
          "auto_unstuck_wallet_exposure_threshold": 0.9707685289503479,
          "backwards_tp": true,
          "ema_span_0": 1590.4283825202604,
          "ema_span_1": 2344.8215843194243,
          "enabled": true,
          "eprice_exp_base": 1.2554307834535068,
          "eprice_pprice_diff": 0.01084822661755718,
          "grid_span": 0.24527939480584446,
          "initial_eprice_ema_dist": -0.013598941236328608,
          "initial_qty_pct": 0.016605407719173917,
          "markup_range": 0.03677341230146449,
          "max_n_entry_orders": 10,
          "min_markup": 0.054682806011560454,
          "n_close_orders": 6,
          "secondary_allocation": 0.5406661816703936,
          "secondary_pprice_diff": 0.2354540428735881,
          "wallet_exposure_limit": 0.1},
 "short": {"auto_unstuck_ema_dist": 0.013847736712103558,
           "auto_unstuck_wallet_exposure_threshold": 0.9482482404893304,
           "backwards_tp": true,
           "ema_span_0": 1666.9100779815938,
           "ema_span_1": 3717.7367347074146,
           "enabled": true,
           "eprice_exp_base": 1.1435456356550973,
           "eprice_pprice_diff": 0.010041372731964144,
           "grid_span": 0.5689686194547943,
           "initial_eprice_ema_dist": -0.09485090707918571,
           "initial_qty_pct": 0.01878472481551947,
           "markup_range": 0.03806001969693981,
           "max_n_entry_orders": 10,
           "min_markup": 0.025594244626043858,
           "n_close_orders": 24,
           "secondary_allocation": 0.5339746181919817,
           "secondary_pprice_diff": 0.32288439866037943,
           "wallet_exposure_limit": 0.1}}