{"config_name": "static_grid_TRXUSDT_278days",
 "logging_level": 0,
 "long": {"auto_unstuck_ema_dist": 0,
          "auto_unstuck_wallet_exposure_threshold": 0.13129899474010762,
          "backwards_tp": true,
          "ema_span_0": 2193.2017672505276,
          "ema_span_1": 1319.8222819446003,
          "enabled": true,
          "eprice_exp_base": 1.205662869803888,
          "eprice_pprice_diff": 0.004292192777054945,
          "grid_span": 0.23383745337565257,
          "initial_eprice_ema_dist": -0.05663700009816343,
          "initial_qty_pct": 0.00844153580359942,
          "markup_range": 0.007262047824687065,
          "max_n_entry_orders": 9,
          "min_markup": 0.01257015615937326,
          "n_close_orders": 14,
          "secondary_allocation": 0.012694152415779036,
          "secondary_pprice_diff": 0.15852770182813442,
          "wallet_exposure_limit": 0.1},
 "short": {"auto_unstuck_ema_dist": 0.011838063585177841,
           "auto_unstuck_wallet_exposure_threshold": 0.4569474809054706,
           "backwards_tp": true,
           "ema_span_0": 1406.1599481123646,
           "ema_span_1": 1430.4852364774986,
           "enabled": true,
           "eprice_exp_base": 1.2632259021042953,
           "eprice_pprice_diff": 0.006752958338430906,
           "grid_span": 0.13048829981294258,
           "initial_eprice_ema_dist": -0.06896865900893939,
           "initial_qty_pct": 0.007,
           "markup_range": 0.007429891334613034,
           "max_n_entry_orders": 13,
           "min_markup": 0.0168190999266577,
           "n_close_orders": 19,
           "secondary_allocation": 0.008193843759986606,
           "secondary_pprice_diff": 0.47014864569969833,
           "wallet_exposure_limit": 0.1}}