{"config_name": "static_grid_TRXUSDT_129days",
 "logging_level": 0,
 "long": {"auto_unstuck_ema_dist": 0.015158061272405186,
          "auto_unstuck_wallet_exposure_threshold": 1,
          "backwards_tp": true,
          "ema_span_0": 1747.6838293264493,
          "ema_span_1": 3618.620669879705,
          "enabled": true,
          "eprice_exp_base": 1.3150286193262817,
          "eprice_pprice_diff": 0.03390008395166429,
          "grid_span": 0.12328084706914502,
          "initial_eprice_ema_dist": -0.0007265796736301597,
          "initial_qty_pct": 0.011711616075294279,
          "markup_range": 0.01270819040720787,
          "max_n_entry_orders": 10,
          "min_markup": 0.06,
          "n_close_orders": 27,
          "secondary_allocation": 0.22342179218833846,
          "secondary_pprice_diff": 0.37134347108639265,
          "wallet_exposure_limit": 0.1},
 "short": {"auto_unstuck_ema_dist": 0.014830309861012766,
           "auto_unstuck_wallet_exposure_threshold": 0.9561600922195492,
           "backwards_tp": true,
           "ema_span_0": 3631.3222261879973,
           "ema_span_1": 3044.7179313570564,
           "enabled": true,
           "eprice_exp_base": 2.091264600459084,
           "eprice_pprice_diff": 0.025465086855963083,
           "grid_span": 0.6853648102212635,
           "initial_eprice_ema_dist": -0.0896825850529533,
           "initial_qty_pct": 0.03517446734335603,
           "markup_range": 0.04281746796910953,
           "max_n_entry_orders": 10,
           "min_markup": 0.02285187597507185,
           "n_close_orders": 28,
           "secondary_allocation": 0.325202189214833,
           "secondary_pprice_diff": 0.279651105877474,
           "wallet_exposure_limit": 0.1}}