{"config_name": "static_grid_TRXUSDT_181days",
 "logging_level": 0,
 "long": {"auto_unstuck_ema_dist": 0.01393304595292286,
          "auto_unstuck_wallet_exposure_threshold": 0.9743056406236147,
          "backwards_tp": true,
          "ema_span_0": 1549.1802868477891,
          "ema_span_1": 3681.18129216862,
          "enabled": true,
          "eprice_exp_base": 1.01471973881211,
          "eprice_pprice_diff": 0.009686050837310565,
          "grid_span": 0.21053441722594354,
          "initial_eprice_ema_dist": -0.0006283689974336556,
          "initial_qty_pct": 0.024667969615099112,
          "markup_range": 0.031017606892790858,
          "max_n_entry_orders": 10,
          "min_markup": 0.05319827148825512,
          "n_close_orders": 20,
          "secondary_allocation": 0.18434563004659685,
          "secondary_pprice_diff": 0.15144384435117725,
          "wallet_exposure_limit": 0.1},
 "short": {"auto_unstuck_ema_dist": 0.00962550096294516,
           "auto_unstuck_wallet_exposure_threshold": 0.9630235360970076,
           "backwards_tp": true,
           "ema_span_0": 1439.5178493332442,
           "ema_span_1": 4814.452846107576,
           "enabled": true,
           "eprice_exp_base": 1.8661223935224496,
           "eprice_pprice_diff": 0.014421101016354985,
           "grid_span": 0.47167274423081035,
           "initial_eprice_ema_dist": -0.06234449227899005,
           "initial_qty_pct": 0.02330566876881591,
           "markup_range": 0.011052376810423242,
           "max_n_entry_orders": 10,
           "min_markup": 0.04971756200957284,
           "n_close_orders": 13,
           "secondary_allocation": 0.4887650706209996,
           "secondary_pprice_diff": 0.28235158664134097,
           "wallet_exposure_limit": 0.1}}