{"config_name": "static_grid_TRXUSDT_305days",
 "logging_level": 0,
 "long": {"auto_unstuck_ema_dist": 0.013242836823045057,
          "auto_unstuck_wallet_exposure_threshold": 0.0946945180245963,
          "backwards_tp": true,
          "ema_span_0": 2971.642828056043,
          "ema_span_1": 8771.970391849696,
          "enabled": true,
          "eprice_exp_base": 1.2098404191114571,
          "eprice_pprice_diff": 0.025186871669126153,
          "grid_span": 0.2259257816939233,
          "initial_eprice_ema_dist": -0.08933328875156862,
          "initial_qty_pct": 0.014575152396341474,
          "markup_range": 0.03499338784378579,
          "max_n_entry_orders": 11,
          "min_markup": 0.019066912188430533,
          "n_close_orders": 5,
          "secondary_allocation": 0.056133633140445185,
          "secondary_pprice_diff": 0.2737886442383668,
          "wallet_exposure_limit": 0.1},
 "short": {"auto_unstuck_ema_dist": 0.013718139625375903,
           "auto_unstuck_wallet_exposure_threshold": 0.5724942740132277,
           "backwards_tp": true,
           "ema_span_0": 3967.06677745688,
           "ema_span_1": 3749.9150360097306,
           "enabled": true,
           "eprice_exp_base": 1.1692074010065916,
           "eprice_pprice_diff": 0.009838483195830432,
           "grid_span": 0.16971725822916486,
           "initial_eprice_ema_dist": -0.01938346733276233,
           "initial_qty_pct": 0.011097629444105743,
           "markup_range": 0.008926554143521906,
           "max_n_entry_orders": 13,
           "min_markup": 0.016292751477726772,
           "n_close_orders": 13,
           "secondary_allocation": 0.04911721235981653,
           "secondary_pprice_diff": 0.20394033306469242,
           "wallet_exposure_limit": 0.1}}