{"config_name": "static_grid_TRXUSDT_335days",
 "logging_level": 0,
 "long": {"auto_unstuck_ema_dist": 0.08624918521336905,
          "auto_unstuck_wallet_exposure_threshold": 0.3537668732795761,
          "backwards_tp": true,
          "ema_span_0": 1577.4649592778455,
          "ema_span_1": 1311.6568297122042,
          "enabled": true,
          "eprice_exp_base": 1.2206388496110285,
          "eprice_pprice_diff": 0.008514253636009878,
          "grid_span": 0.23356400561916,
          "initial_eprice_ema_dist": -0.0027530993724059235,
          "initial_qty_pct": 0.01918991287846861,
          "markup_range": 0.003940701265786902,
          "max_n_entry_orders": 13,
          "min_markup": 0.01469746122542453,
          "n_close_orders": 10,
          "secondary_allocation": 0.03918353629712973,
          "secondary_pprice_diff": 0.24072729058025188,
          "wallet_exposure_limit": 0.1},
 "short": {"auto_unstuck_ema_dist": 0.00495639905440359,
           "auto_unstuck_wallet_exposure_threshold": 0.4959110649589813,
           "backwards_tp": true,
           "ema_span_0": 4320,
           "ema_span_1": 8646.992665639034,
           "enabled": true,
           "eprice_exp_base": 1.0277440072994268,
           "eprice_pprice_diff": 0.00915617907913055,
           "grid_span": 0.10647467999200874,
           "initial_eprice_ema_dist": -0.027152130057013155,
           "initial_qty_pct": 0.008054154905669055,
           "markup_range": 0.013529648202304194,
           "max_n_entry_orders": 8,
           "min_markup": 0.017692287782111175,
           "n_close_orders": 13,
           "secondary_allocation": 0.19446264972795851,
           "secondary_pprice_diff": 0.18247580490160234,
           "wallet_exposure_limit": 0.1}}