{"config_name": "static_grid_TRXUSDT_232days",
 "logging_level": 0,
 "long": {"auto_unstuck_ema_dist": 0.029614708792755295,
          "auto_unstuck_wallet_exposure_threshold": 0.23066867351137063,
          "backwards_tp": true,
          "ema_span_0": 3651.8948261971086,
          "ema_span_1": 1799.037608744733,
          "enabled": true,
          "eprice_exp_base": 1.1292249498376363,
          "eprice_pprice_diff": 0.005963598616697039,
          "grid_span": 0.2220710633599751,
          "initial_eprice_ema_dist": 0,
          "initial_qty_pct": 0.011969400766180902,
          "markup_range": 0.01189821753871373,
          "max_n_entry_orders": 13,
          "min_markup": 0.014725854736380476,
          "n_close_orders": 6,
          "secondary_allocation": 0.06490147763335011,
          "secondary_pprice_diff": 0.35504458879135925,
          "wallet_exposure_limit": 0.1},
 "short": {"auto_unstuck_ema_dist": 0.024686262059052666,
           "auto_unstuck_wallet_exposure_threshold": 0.16132816871677103,
           "backwards_tp": true,
           "ema_span_0": 3093.1504535840227,
           "ema_span_1": 2105.7464313502187,
           "enabled": true,
           "eprice_exp_base": 1.1650693782788502,
           "eprice_pprice_diff": 0.009753317929390954,
           "grid_span": 0.1,
           "initial_eprice_ema_dist": -0.0858272019932734,
           "initial_qty_pct": 0.020249066742004298,
           "markup_range": 0.024597859423341858,
           "max_n_entry_orders": 13,
           "min_markup": 0.0039205308646602,
           "n_close_orders": 11,
           "secondary_allocation": 0,
           "secondary_pprice_diff": 0.2267578154624585,
           "wallet_exposure_limit": 0.1}}