{"config_name": "static_grid_TRXUSDT_211days",
 "logging_level": 0,
 "long": {"auto_unstuck_ema_dist": 0.02113898044480214,
          "auto_unstuck_wallet_exposure_threshold": 0.8616480048697199,
          "backwards_tp": true,
          "ema_span_0": 1567.2164649718777,
          "ema_span_1": 2568.4500314973775,
          "enabled": true,
          "eprice_exp_base": 1.6622733499455296,
          "eprice_pprice_diff": 0.03231661755331527,
          "grid_span": 0.2701220284856646,
          "initial_eprice_ema_dist": 0,
          "initial_qty_pct": 0.04074830574381109,
          "markup_range": 0.058034253372741144,
          "max_n_entry_orders": 10,
          "min_markup": 0.06,
          "n_close_orders": 8,
          "secondary_allocation": 0.45152192429605087,
          "secondary_pprice_diff": 0.2415060061545625,
          "wallet_exposure_limit": 0.1},
 "short": {"auto_unstuck_ema_dist": 0.019243164604071616,
           "auto_unstuck_wallet_exposure_threshold": 0.7859147324189459,
           "backwards_tp": true,
           "ema_span_0": 3675.0462095780294,
           "ema_span_1": 2398.0817154134934,
           "enabled": true,
           "eprice_exp_base": 1,
           "eprice_pprice_diff": 0.0073668811078099845,
           "grid_span": 0.12924046615781917,
           "initial_eprice_ema_dist": -0.0449733200856752,
           "initial_qty_pct": 0.019728989767078483,
           "markup_range": 0.035706423744891365,
           "max_n_entry_orders": 10,
           "min_markup": 0.0361766892444929,
           "n_close_orders": 12,
           "secondary_allocation": 0.07069079834155155,
           "secondary_pprice_diff": 0.06891780896361119,
           "wallet_exposure_limit": 0.1}}