{"config_name": "static_grid_TRXUSDT_264days",
 "logging_level": 0,
 "long": {"auto_unstuck_ema_dist": 0.005199134866288735,
          "auto_unstuck_wallet_exposure_threshold": 0.585456372815089,
          "backwards_tp": true,
          "ema_span_0": 2828.554551243585,
          "ema_span_1": 8700.829073896257,
          "enabled": true,
          "eprice_exp_base": 1.1654875195388419,
          "eprice_pprice_diff": 0.016610328241042225,
          "grid_span": 0.21797901422663366,
          "initial_eprice_ema_dist": 0,
          "initial_qty_pct": 0.009075921376439141,
          "markup_range": 0.01838634844452764,
          "max_n_entry_orders": 10,
          "min_markup": 0.012811378941196777,
          "n_close_orders": 7,
          "secondary_allocation": 0.11759154199887736,
          "secondary_pprice_diff": 0.418678993334469,
          "wallet_exposure_limit": 0.1},
 "short": {"auto_unstuck_ema_dist": 0.007968590286024884,
           "auto_unstuck_wallet_exposure_threshold": 0.5763796657662477,
           "backwards_tp": true,
           "ema_span_0": 2058.1713614304404,
           "ema_span_1": 1701.3647950463373,
           "enabled": true,
           "eprice_exp_base": 1.268093328546079,
           "eprice_pprice_diff": 0.006818010077381795,
           "grid_span": 0.1771625882100208,
           "initial_eprice_ema_dist": -0.09553182602817883,
           "initial_qty_pct": 0.011381240255821812,
           "markup_range": 0.0060602577785358845,
           "max_n_entry_orders": 13,
           "min_markup": 0.01940508141571196,
           "n_close_orders": 13,
           "secondary_allocation": 0.027059329565625675,
           "secondary_pprice_diff": 0.4716326351075955,
           "wallet_exposure_limit": 0.1}}