{"config_name": "static_grid_TRXUSDT_251days",
 "logging_level": 0,
 "long": {"auto_unstuck_ema_dist": 0.08869247986720007,
          "auto_unstuck_wallet_exposure_threshold": 0.330262549986023,
          "backwards_tp": true,
          "ema_span_0": 3177.098826687415,
          "ema_span_1": 2855.075548819587,
          "enabled": true,
          "eprice_exp_base": 1.0421184374491412,
          "eprice_pprice_diff": 0.004496899789315656,
          "grid_span": 0.2465201067278165,
          "initial_eprice_ema_dist": -0.0009250629207697486,
          "initial_qty_pct": 0.01707798016155646,
          "markup_range": 0.011045828946948872,
          "max_n_entry_orders": 13,
          "min_markup": 0.01032224249366977,
          "n_close_orders": 6,
          "secondary_allocation": 0.005887942581594812,
          "secondary_pprice_diff": 0.2386333628933014,
          "wallet_exposure_limit": 0.1},
 "short": {"auto_unstuck_ema_dist": 0.0116066313308155,
           "auto_unstuck_wallet_exposure_threshold": 0.5558661672045209,
           "backwards_tp": true,
           "ema_span_0": 1496.5302963890065,
           "ema_span_1": 1368.276962165503,
           "enabled": true,
           "eprice_exp_base": 1.1056164103368005,
           "eprice_pprice_diff": 0.006551749129399479,
           "grid_span": 0.12667169497772732,
           "initial_eprice_ema_dist": -0.053669820064634305,
           "initial_qty_pct": 0.015759839803325536,
           "markup_range": 0.016629554072574243,
           "max_n_entry_orders": 9,
           "min_markup": 0.01737220691594605,
           "n_close_orders": 18,
           "secondary_allocation": 0.2042696339916191,
           "secondary_pprice_diff": 0.4344065516593088,
           "wallet_exposure_limit": 0.1}}