{"config_name": "static_grid_TRXUSDT_231days",
 "logging_level": 0,
 "long": {"auto_unstuck_ema_dist": 0.08154047539753302,
          "auto_unstuck_wallet_exposure_threshold": 0.24454213880392664,
          "backwards_tp": true,
          "ema_span_0": 1373.0254738797703,
          "ema_span_1": 1351.2322884940386,
          "enabled": true,
          "eprice_exp_base": 1.182419279289115,
          "eprice_pprice_diff": 0.00789970653132066,
          "grid_span": 0.2164186615729579,
          "initial_eprice_ema_dist": -0.016157140096475134,
          "initial_qty_pct": 0.009338437180095924,
          "markup_range": 0.006979327325615873,
          "max_n_entry_orders": 11,
          "min_markup": 0.015564362939149737,
          "n_close_orders": 12,
          "secondary_allocation": 0.0003070939588559751,
          "secondary_pprice_diff": 0.18766551455775493,
          "wallet_exposure_limit": 0.1},
 "short": {"auto_unstuck_ema_dist": 0.01808201987075671,
           "auto_unstuck_wallet_exposure_threshold": 0.5406646703634418,
           "backwards_tp": true,
           "ema_span_0": 1642.5899049867414,
           "ema_span_1": 1580.119669606959,
           "enabled": true,
           "eprice_exp_base": 1.0312224988582601,
           "eprice_pprice_diff": 0.00749783413689789,
           "grid_span": 0.13838713855155052,
           "initial_eprice_ema_dist": -0.08623065188165328,
           "initial_qty_pct": 0.014884479296136247,
           "markup_range": 0.010958134976758726,
           "max_n_entry_orders": 9,
           "min_markup": 0.015350965436185733,
           "n_close_orders": 10,
           "secondary_allocation": 0.021874484808369628,
           "secondary_pprice_diff": 0.1802757135806339,
           "wallet_exposure_limit": 0.1}}