{"config_name": "static_grid_UNIUSDT_244days",
 "logging_level": 0,
 "long": {"auto_unstuck_ema_dist": 0.02492478294296754,
          "auto_unstuck_wallet_exposure_threshold": 0.5650342603466093,
          "backwards_tp": true,
          "ema_span_0": 3871.8928466464727,
          "ema_span_1": 6815.491471847622,
          "enabled": true,
          "eprice_exp_base": 1.0640011968268472,
          "eprice_pprice_diff": 0.03402028414475556,
          "grid_span": 0.3159380837548119,
          "initial_eprice_ema_dist": -0.03747825159573032,
          "initial_qty_pct": 0.008583351413720575,
          "markup_range": 0.03751957758605162,
          "max_n_entry_orders": 12,
          "min_markup": 0.01764236454043549,
          "n_close_orders": 10,
          "secondary_allocation": 0.19390596889293027,
          "secondary_pprice_diff": 0.3599056338657361,
          "wallet_exposure_limit": 0.1},
 "short": {"auto_unstuck_ema_dist": 0.052141973534534834,
           "auto_unstuck_wallet_exposure_threshold": 0.4975625868831516,
           "backwards_tp": true,
           "ema_span_0": 2336.0425531020574,
           "ema_span_1": 9407.885524231979,
           "enabled": true,
           "eprice_exp_base": 1.382747241529788,
           "eprice_pprice_diff": 0.021971432007095896,
           "grid_span": 0.3274733725801729,
           "initial_eprice_ema_dist": -0.01262090385517287,
           "initial_qty_pct": 0.007538902006095871,
           "markup_range": 0.028961003142173977,
           "max_n_entry_orders": 11,
           "min_markup": 0.019389157438450905,
           "n_close_orders": 6,
           "secondary_allocation": 0.09304180711475657,
           "secondary_pprice_diff": 0.4025471328895416,
           "wallet_exposure_limit": 0.1}}