{"config_name": "static_grid_UNIUSDT_234days",
 "logging_level": 0,
 "long": {"auto_unstuck_ema_dist": 0.040366354139735855,
          "auto_unstuck_wallet_exposure_threshold": 0.3560248317907944,
          "backwards_tp": true,
          "ema_span_0": 2886.376081303747,
          "ema_span_1": 3124.419883132091,
          "enabled": true,
          "eprice_exp_base": 1.1468336798111198,
          "eprice_pprice_diff": 0.022298194380916125,
          "grid_span": 0.20614955765396997,
          "initial_eprice_ema_dist": -0.005206360881662778,
          "initial_qty_pct": 0.010259291163584636,
          "markup_range": 0.008135060153672682,
          "max_n_entry_orders": 10,
          "min_markup": 0.01631295927630938,
          "n_close_orders": 11,
          "secondary_allocation": 0.11148263714049744,
          "secondary_pprice_diff": 0.13507781681161757,
          "wallet_exposure_limit": 0.1},
 "short": {"auto_unstuck_ema_dist": 0.0596566378061105,
           "auto_unstuck_wallet_exposure_threshold": 0.44220776102370435,
           "backwards_tp": true,
           "ema_span_0": 2048.5549229835733,
           "ema_span_1": 9072.15255470808,
           "enabled": true,
           "eprice_exp_base": 1.1097379684615618,
           "eprice_pprice_diff": 0.02785281093851428,
           "grid_span": 0.36016606846677307,
           "initial_eprice_ema_dist": -0.013300019646940768,
           "initial_qty_pct": 0.007,
           "markup_range": 0.033890334770682734,
           "max_n_entry_orders": 13,
           "min_markup": 0.018805035615409832,
           "n_close_orders": 9,
           "secondary_allocation": 0.10235505516648456,
           "secondary_pprice_diff": 0.11024228473705817,
           "wallet_exposure_limit": 0.1}}