{"config_name": "static_grid_UNIUSDT_103days",
 "logging_level": 0,
 "long": {"auto_unstuck_ema_dist": 0.054593259310014186,
          "auto_unstuck_wallet_exposure_threshold": 0.36796704349617926,
          "backwards_tp": true,
          "ema_span_0": 1975.068827185083,
          "ema_span_1": 6990.385513145716,
          "enabled": true,
          "eprice_exp_base": 1.4272859307199586,
          "eprice_pprice_diff": 0.030298414745879576,
          "grid_span": 0.3266689862297405,
          "initial_eprice_ema_dist": -0.08559085019898958,
          "initial_qty_pct": 0.01034084341934873,
          "markup_range": 0.05308863611043398,
          "max_n_entry_orders": 10,
          "min_markup": 0.06,
          "n_close_orders": 15,
          "secondary_allocation": 0.06523361206592034,
          "secondary_pprice_diff": 0.25599651415752683,
          "wallet_exposure_limit": 0.1},
 "short": {"auto_unstuck_ema_dist": 0.0962617953942504,
           "auto_unstuck_wallet_exposure_threshold": 0.7565993020336721,
           "backwards_tp": true,
           "ema_span_0": 3434.9741723974935,
           "ema_span_1": 6160.424963147922,
           "enabled": true,
           "eprice_exp_base": 1.7164059149521522,
           "eprice_pprice_diff": 0.023686455307112605,
           "grid_span": 0.47471467787604604,
           "initial_eprice_ema_dist": -0.04440013218747216,
           "initial_qty_pct": 0.04866730166372821,
           "markup_range": 0.032160435421195836,
           "max_n_entry_orders": 10,
           "min_markup": 0.0572467279114219,
           "n_close_orders": 24,
           "secondary_allocation": 0.5000012337309698,
           "secondary_pprice_diff": 0.07076900290863254,
           "wallet_exposure_limit": 0.1}}