{"config_name": "static_grid_UNIUSDT_268days",
 "logging_level": 0,
 "long": {"auto_unstuck_ema_dist": 0.05336591960325605,
          "auto_unstuck_wallet_exposure_threshold": 0.2531046773286038,
          "backwards_tp": true,
          "ema_span_0": 2662.2625049511794,
          "ema_span_1": 4555.406818847359,
          "enabled": true,
          "eprice_exp_base": 1.1687858157111237,
          "eprice_pprice_diff": 0.023524181779200674,
          "grid_span": 0.29277933547290064,
          "initial_eprice_ema_dist": -0.06243398590712033,
          "initial_qty_pct": 0.012568520820149679,
          "markup_range": 0.024352408155922357,
          "max_n_entry_orders": 10,
          "min_markup": 0.013095487219464285,
          "n_close_orders": 10,
          "secondary_allocation": 0.4850346443278055,
          "secondary_pprice_diff": 0.05,
          "wallet_exposure_limit": 0.1},
 "short": {"auto_unstuck_ema_dist": 0.060315121568513534,
           "auto_unstuck_wallet_exposure_threshold": 0.09338125735348235,
           "backwards_tp": true,
           "ema_span_0": 2171.4024008373403,
           "ema_span_1": 7824.8264787080025,
           "enabled": true,
           "eprice_exp_base": 1.0575093006630103,
           "eprice_pprice_diff": 0.02188474303138207,
           "grid_span": 0.18049015189372525,
           "initial_eprice_ema_dist": -0.037610341192376044,
           "initial_qty_pct": 0.007135512681285192,
           "markup_range": 0.00359987220432315,
           "max_n_entry_orders": 11,
           "min_markup": 0.010037068358854338,
           "n_close_orders": 8,
           "secondary_allocation": 0.16308754804012757,
           "secondary_pprice_diff": 0.07733967497625596,
           "wallet_exposure_limit": 0.1}}