{"config_name": "static_grid_UNIUSDT_189days",
 "logging_level": 0,
 "long": {"auto_unstuck_ema_dist": 0.09310047334624673,
          "auto_unstuck_wallet_exposure_threshold": 0.7101926959851468,
          "backwards_tp": true,
          "ema_span_0": 3201.0576685291785,
          "ema_span_1": 7813.59025555431,
          "enabled": true,
          "eprice_exp_base": 1.7973623610293559,
          "eprice_pprice_diff": 0.03714390756765474,
          "grid_span": 0.3336725682326972,
          "initial_eprice_ema_dist": 0,
          "initial_qty_pct": 0.02828036038667764,
          "markup_range": 0.015386568078994991,
          "max_n_entry_orders": 10,
          "min_markup": 0.03345865590226732,
          "n_close_orders": 12,
          "secondary_allocation": 0.3604534629265862,
          "secondary_pprice_diff": 0.06277942431276991,
          "wallet_exposure_limit": 0.1},
 "short": {"auto_unstuck_ema_dist": 0.079224523567272,
           "auto_unstuck_wallet_exposure_threshold": 0.749772848364157,
           "backwards_tp": true,
           "ema_span_0": 2431.712585106177,
           "ema_span_1": 5770.663081904278,
           "enabled": true,
           "eprice_exp_base": 1.8558962770064977,
           "eprice_pprice_diff": 0.00401063788552017,
           "grid_span": 0.40562643250619973,
           "initial_eprice_ema_dist": -0.009371122913334199,
           "initial_qty_pct": 0.03384580068296628,
           "markup_range": 0.05622171559779497,
           "max_n_entry_orders": 10,
           "min_markup": 0.058433081464786644,
           "n_close_orders": 14,
           "secondary_allocation": 0.3828435446310351,
           "secondary_pprice_diff": 0.4472503832082766,
           "wallet_exposure_limit": 0.1}}