{"config_name": "static_grid_UNIUSDT_309days",
 "logging_level": 0,
 "long": {"auto_unstuck_ema_dist": 0.004886336416486954,
          "auto_unstuck_wallet_exposure_threshold": 0.5969184816921907,
          "backwards_tp": true,
          "ema_span_0": 4023.399867279115,
          "ema_span_1": 3284.1131349398484,
          "enabled": true,
          "eprice_exp_base": 1.0629188475508102,
          "eprice_pprice_diff": 0.02007212645602944,
          "grid_span": 0.10203787142751818,
          "initial_eprice_ema_dist": -0.06407703291235614,
          "initial_qty_pct": 0.007620391975822253,
          "markup_range": 6.0498335364700395e-06,
          "max_n_entry_orders": 13,
          "min_markup": 0.006243643516179689,
          "n_close_orders": 11,
          "secondary_allocation": 0.4037110900049188,
          "secondary_pprice_diff": 0.08470010739242617,
          "wallet_exposure_limit": 0.1},
 "short": {"auto_unstuck_ema_dist": 0.08725108371273194,
           "auto_unstuck_wallet_exposure_threshold": 0.29459640883260085,
           "backwards_tp": true,
           "ema_span_0": 3146.3698016278045,
           "ema_span_1": 7994.163211706792,
           "enabled": true,
           "eprice_exp_base": 1.248970097207138,
           "eprice_pprice_diff": 0.022851328092702548,
           "grid_span": 0.3283584060024222,
           "initial_eprice_ema_dist": 0,
           "initial_qty_pct": 0.007,
           "markup_range": 0.029157415830258635,
           "max_n_entry_orders": 12,
           "min_markup": 0.01928428303782445,
           "n_close_orders": 18,
           "secondary_allocation": 0.09490092293430366,
           "secondary_pprice_diff": 0.09966205320220095,
           "wallet_exposure_limit": 0.1}}