{"config_name": "static_grid_UNIUSDT_282days",
 "logging_level": 0,
 "long": {"auto_unstuck_ema_dist": 0.007529798408068123,
          "auto_unstuck_wallet_exposure_threshold": 0.4655946203559461,
          "backwards_tp": true,
          "ema_span_0": 3649.811588528724,
          "ema_span_1": 6891.887668754797,
          "enabled": true,
          "eprice_exp_base": 1.3536618796579525,
          "eprice_pprice_diff": 0.022167020968517356,
          "grid_span": 0.29166619625263585,
          "initial_eprice_ema_dist": -0.040714556086160585,
          "initial_qty_pct": 0.008157644373806726,
          "markup_range": 0.030497492205617992,
          "max_n_entry_orders": 11,
          "min_markup": 0.013981540233959271,
          "n_close_orders": 14,
          "secondary_allocation": 0.23938086026398028,
          "secondary_pprice_diff": 0.16884476690354688,
          "wallet_exposure_limit": 0.1},
 "short": {"auto_unstuck_ema_dist": 0.07753810282771625,
           "auto_unstuck_wallet_exposure_threshold": 0.42195397486791564,
           "backwards_tp": true,
           "ema_span_0": 2566.207356399833,
           "ema_span_1": 9687.51603813064,
           "enabled": true,
           "eprice_exp_base": 1.2565970296347548,
           "eprice_pprice_diff": 0.018822317815732837,
           "grid_span": 0.3192021417745336,
           "initial_eprice_ema_dist": -0.008265899404087137,
           "initial_qty_pct": 0.009318680206499612,
           "markup_range": 0.01917488777531634,
           "max_n_entry_orders": 13,
           "min_markup": 0.017494856995063857,
           "n_close_orders": 9,
           "secondary_allocation": 0.07942128478960958,
           "secondary_pprice_diff": 0.4123002514773548,
           "wallet_exposure_limit": 0.1}}