{"config_name": "static_grid_UNIUSDT_223days",
 "logging_level": 0,
 "long": {"auto_unstuck_ema_dist": 0.024978093698221532,
          "auto_unstuck_wallet_exposure_threshold": 0.546747365355421,
          "backwards_tp": true,
          "ema_span_0": 4320,
          "ema_span_1": 5047.0668674205435,
          "enabled": true,
          "eprice_exp_base": 1.2448231137024153,
          "eprice_pprice_diff": 0.0346828155346544,
          "grid_span": 0.20705151968853075,
          "initial_eprice_ema_dist": 0,
          "initial_qty_pct": 0.007889834049471987,
          "markup_range": 0.0339332403930684,
          "max_n_entry_orders": 10,
          "min_markup": 0.01670180474869714,
          "n_close_orders": 18,
          "secondary_allocation": 0.0814670911007781,
          "secondary_pprice_diff": 0.11283577214198816,
          "wallet_exposure_limit": 0.1},
 "short": {"auto_unstuck_ema_dist": 0.08911359208184959,
           "auto_unstuck_wallet_exposure_threshold": 0.260828947553618,
           "backwards_tp": true,
           "ema_span_0": 120,
           "ema_span_1": 5477.592792256055,
           "enabled": true,
           "eprice_exp_base": 1.344547147419171,
           "eprice_pprice_diff": 0.021367327871527113,
           "grid_span": 0.17922081065510534,
           "initial_eprice_ema_dist": -0.02667874251748125,
           "initial_qty_pct": 0.007979332068994986,
           "markup_range": 0.013451044432942436,
           "max_n_entry_orders": 11,
           "min_markup": 0.01703989050762575,
           "n_close_orders": 15,
           "secondary_allocation": 0.07134794174650967,
           "secondary_pprice_diff": 0.23218939590892085,
           "wallet_exposure_limit": 0.1}}