{"config_name": "static_grid_UNIUSDT_170days",
 "logging_level": 0,
 "long": {"auto_unstuck_ema_dist": 0.09425338773031217,
          "auto_unstuck_wallet_exposure_threshold": 0.6581074568010699,
          "backwards_tp": true,
          "ema_span_0": 3298.9256548139674,
          "ema_span_1": 7896.642906304518,
          "enabled": true,
          "eprice_exp_base": 1.712039558943441,
          "eprice_pprice_diff": 0.01930052313028056,
          "grid_span": 0.33871317892350045,
          "initial_eprice_ema_dist": 0,
          "initial_qty_pct": 0.030908687154572588,
          "markup_range": 0.008180185184767989,
          "max_n_entry_orders": 10,
          "min_markup": 0.046202862679578516,
          "n_close_orders": 5,
          "secondary_allocation": 0.4313569345959933,
          "secondary_pprice_diff": 0.1621707475042273,
          "wallet_exposure_limit": 0.1},
 "short": {"auto_unstuck_ema_dist": 0.0737747754057322,
           "auto_unstuck_wallet_exposure_threshold": 0.742246487206175,
           "backwards_tp": true,
           "ema_span_0": 1912.0109276425283,
           "ema_span_1": 6219.723184774899,
           "enabled": true,
           "eprice_exp_base": 1.9695603610140815,
           "eprice_pprice_diff": 0.044425869293906975,
           "grid_span": 0.32993954815034804,
           "initial_eprice_ema_dist": -0.0032624779506876395,
           "initial_qty_pct": 0.0470534316297327,
           "markup_range": 0.03562933270726759,
           "max_n_entry_orders": 10,
           "min_markup": 0.05323680795186583,
           "n_close_orders": 27,
           "secondary_allocation": 0.4835247698060494,
           "secondary_pprice_diff": 0.05,
           "wallet_exposure_limit": 0.1}}