{"config_name": "static_grid_UNIUSDT_206days",
 "logging_level": 0,
 "long": {"auto_unstuck_ema_dist": 0.05362562761060036,
          "auto_unstuck_wallet_exposure_threshold": 0.3350389235555417,
          "backwards_tp": true,
          "ema_span_0": 4134.32427342227,
          "ema_span_1": 3205.2517140046475,
          "enabled": true,
          "eprice_exp_base": 1.0889595857316794,
          "eprice_pprice_diff": 0.01909243148642837,
          "grid_span": 0.25875952426386617,
          "initial_eprice_ema_dist": -0.012261579968395317,
          "initial_qty_pct": 0.011157426010199627,
          "markup_range": 0.037354442514411584,
          "max_n_entry_orders": 10,
          "min_markup": 0.013824154518837806,
          "n_close_orders": 12,
          "secondary_allocation": 0.5541617355605439,
          "secondary_pprice_diff": 0.05317725143086601,
          "wallet_exposure_limit": 0.1},
 "short": {"auto_unstuck_ema_dist": 0.005865260299751922,
           "auto_unstuck_wallet_exposure_threshold": 0.4502394702967518,
           "backwards_tp": true,
           "ema_span_0": 3681.8751222287297,
           "ema_span_1": 9799.350292881636,
           "enabled": true,
           "eprice_exp_base": 1.7421070145845374,
           "eprice_pprice_diff": 0.009629931349967398,
           "grid_span": 0.16440682183355412,
           "initial_eprice_ema_dist": -0.00362817306748461,
           "initial_qty_pct": 0.007434806695250533,
           "markup_range": 0.004538944451666041,
           "max_n_entry_orders": 12,
           "min_markup": 0.007216136951675526,
           "n_close_orders": 13,
           "secondary_allocation": 0.12112369480879934,
           "secondary_pprice_diff": 0.17425134648680615,
           "wallet_exposure_limit": 0.1}}