{"config_name": "static_grid_UNIUSDT_178days",
 "logging_level": 0,
 "long": {"auto_unstuck_ema_dist": 0.04830292503083064,
          "auto_unstuck_wallet_exposure_threshold": 0.4445402940811052,
          "backwards_tp": true,
          "ema_span_0": 2300.6258748257756,
          "ema_span_1": 8908.159614366012,
          "enabled": true,
          "eprice_exp_base": 2.015328641569143,
          "eprice_pprice_diff": 0.02593401502556496,
          "grid_span": 0.2105561500302755,
          "initial_eprice_ema_dist": -0.0851690828906884,
          "initial_qty_pct": 0.04081712223849396,
          "markup_range": 0.004944563874373692,
          "max_n_entry_orders": 10,
          "min_markup": 0.028956486200298455,
          "n_close_orders": 28,
          "secondary_allocation": 0.3492658890591135,
          "secondary_pprice_diff": 0.28850267876890473,
          "wallet_exposure_limit": 0.1},
 "short": {"auto_unstuck_ema_dist": 0.07995489066494033,
           "auto_unstuck_wallet_exposure_threshold": 0.7378231838839945,
           "backwards_tp": true,
           "ema_span_0": 2612.643209900095,
           "ema_span_1": 7793.217539783095,
           "enabled": true,
           "eprice_exp_base": 1.751310512568235,
           "eprice_pprice_diff": 0.030932805890473196,
           "grid_span": 0.485071768365291,
           "initial_eprice_ema_dist": -0.00023755363615826685,
           "initial_qty_pct": 0.04949804552816563,
           "markup_range": 0.059641606418535456,
           "max_n_entry_orders": 10,
           "min_markup": 0.06,
           "n_close_orders": 18,
           "secondary_allocation": 0.22623235995246835,
           "secondary_pprice_diff": 0.23638563719353303,
           "wallet_exposure_limit": 0.1}}