{"config_name": "static_grid_UNIUSDT_291days",
 "logging_level": 0,
 "long": {"auto_unstuck_ema_dist": 0.05200455098785031,
          "auto_unstuck_wallet_exposure_threshold": 0.36303152957491525,
          "backwards_tp": true,
          "ema_span_0": 1012.3424560950546,
          "ema_span_1": 956.7001147500768,
          "enabled": true,
          "eprice_exp_base": 1.0377062672990818,
          "eprice_pprice_diff": 0.014507750257485989,
          "grid_span": 0.13761241499394128,
          "initial_eprice_ema_dist": -0.02345739359403281,
          "initial_qty_pct": 0.009165543158414963,
          "markup_range": 0.009748328797984155,
          "max_n_entry_orders": 13,
          "min_markup": 0.005694351925699882,
          "n_close_orders": 10,
          "secondary_allocation": 0.15141695329736884,
          "secondary_pprice_diff": 0.17778900319220903,
          "wallet_exposure_limit": 0.1},
 "short": {"auto_unstuck_ema_dist": 0.06701608167634347,
           "auto_unstuck_wallet_exposure_threshold": 0.32140262448928275,
           "backwards_tp": true,
           "ema_span_0": 2352.5127750701186,
           "ema_span_1": 8185.858425175631,
           "enabled": true,
           "eprice_exp_base": 1.2621380547058043,
           "eprice_pprice_diff": 0.02118580717391264,
           "grid_span": 0.3481905407566482,
           "initial_eprice_ema_dist": -0.012424137487747317,
           "initial_qty_pct": 0.007,
           "markup_range": 0.023881471138609868,
           "max_n_entry_orders": 13,
           "min_markup": 0.019170468079047858,
           "n_close_orders": 14,
           "secondary_allocation": 0.11145706596422816,
           "secondary_pprice_diff": 0.08642453553054369,
           "wallet_exposure_limit": 0.1}}