{"config_name": "static_grid_UNIUSDT_140days",
 "logging_level": 0,
 "long": {"auto_unstuck_ema_dist": 0.0199051254574301,
          "auto_unstuck_wallet_exposure_threshold": 0.7592093507116165,
          "backwards_tp": true,
          "ema_span_0": 3774.697959194427,
          "ema_span_1": 6810.650389790425,
          "enabled": true,
          "eprice_exp_base": 1.560855570137065,
          "eprice_pprice_diff": 0.037366343612495814,
          "grid_span": 0.3834139095786143,
          "initial_eprice_ema_dist": -0.062329908094961084,
          "initial_qty_pct": 0.012579586260167322,
          "markup_range": 0.05830438708726216,
          "max_n_entry_orders": 10,
          "min_markup": 0.053570164723241845,
          "n_close_orders": 4,
          "secondary_allocation": 0.5660097870646663,
          "secondary_pprice_diff": 0.41199420330172193,
          "wallet_exposure_limit": 0.1},
 "short": {"auto_unstuck_ema_dist": 0.06087545770150912,
           "auto_unstuck_wallet_exposure_threshold": 0.2372815211903691,
           "backwards_tp": true,
           "ema_span_0": 2415.2586065869527,
           "ema_span_1": 8993.284790241762,
           "enabled": true,
           "eprice_exp_base": 2.1,
           "eprice_pprice_diff": 0.032365935637052264,
           "grid_span": 0.31544584455900393,
           "initial_eprice_ema_dist": -0.005352895187162516,
           "initial_qty_pct": 0.023680176651524817,
           "markup_range": 0.059649057018948834,
           "max_n_entry_orders": 10,
           "min_markup": 0.04531748959555966,
           "n_close_orders": 17,
           "secondary_allocation": 0.031828776426513564,
           "secondary_pprice_diff": 0.26251912840271385,
           "wallet_exposure_limit": 0.1}}