{"config_name": "static_grid_UNIUSDT_109days",
 "logging_level": 0,
 "long": {"auto_unstuck_ema_dist": 0.04950495943958134,
          "auto_unstuck_wallet_exposure_threshold": 0.5789766488080076,
          "backwards_tp": true,
          "ema_span_0": 1250.8380674063483,
          "ema_span_1": 6994.628096331786,
          "enabled": true,
          "eprice_exp_base": 1.455222825143895,
          "eprice_pprice_diff": 0.007225031930021237,
          "grid_span": 0.19785655943934738,
          "initial_eprice_ema_dist": -0.08734566986065682,
          "initial_qty_pct": 0.04495371985878445,
          "markup_range": 0.01711871658156,
          "max_n_entry_orders": 10,
          "min_markup": 0.007870429517682737,
          "n_close_orders": 24,
          "secondary_allocation": 0.18545502429671382,
          "secondary_pprice_diff": 0.3523594914507097,
          "wallet_exposure_limit": 0.1},
 "short": {"auto_unstuck_ema_dist": 0.08027101970912233,
           "auto_unstuck_wallet_exposure_threshold": 0.7586700070364187,
           "backwards_tp": true,
           "ema_span_0": 3106.704270430818,
           "ema_span_1": 5680.717566187902,
           "enabled": true,
           "eprice_exp_base": 1.2139219638143952,
           "eprice_pprice_diff": 0.02220563154790868,
           "grid_span": 0.4702503127861988,
           "initial_eprice_ema_dist": -0.058822695637708276,
           "initial_qty_pct": 0.041079955733463305,
           "markup_range": 0.04126530914230363,
           "max_n_entry_orders": 10,
           "min_markup": 0.05627216904732374,
           "n_close_orders": 27,
           "secondary_allocation": 0.6035136232483391,
           "secondary_pprice_diff": 0.4610680284366342,
           "wallet_exposure_limit": 0.1}}