{"config_name": "static_grid_XLMUSDT_228days",
 "logging_level": 0,
 "long": {"auto_unstuck_ema_dist": 0.031086933288853397,
          "auto_unstuck_wallet_exposure_threshold": 0.4621897808278423,
          "backwards_tp": true,
          "ema_span_0": 3533.0455948994745,
          "ema_span_1": 5959.842770286877,
          "enabled": true,
          "eprice_exp_base": 1.1298457076682442,
          "eprice_pprice_diff": 0.016062722093495914,
          "grid_span": 0.18366475602144938,
          "initial_eprice_ema_dist": 0,
          "initial_qty_pct": 0.007234295520068141,
          "markup_range": 0.006869577736783328,
          "max_n_entry_orders": 11,
          "min_markup": 0.016499403925651638,
          "n_close_orders": 9,
          "secondary_allocation": 0.10711405356666127,
          "secondary_pprice_diff": 0.4275925890897045,
          "wallet_exposure_limit": 0.1},
 "short": {"auto_unstuck_ema_dist": 0.02706295351282109,
           "auto_unstuck_wallet_exposure_threshold": 0.3699062714277478,
           "backwards_tp": true,
           "ema_span_0": 1794.1503725091761,
           "ema_span_1": 1818.58446091238,
           "enabled": true,
           "eprice_exp_base": 1.1886417460050616,
           "eprice_pprice_diff": 0.011175564068095615,
           "grid_span": 0.17230771952279123,
           "initial_eprice_ema_dist": -0.045998846858250314,
           "initial_qty_pct": 0.008849049542652738,
           "markup_range": 0.016854569473362377,
           "max_n_entry_orders": 11,
           "min_markup": 0.018781290100833337,
           "n_close_orders": 6,
           "secondary_allocation": 0.11664692108631558,
           "secondary_pprice_diff": 0.30521511897958953,
           "wallet_exposure_limit": 0.1}}