{"config_name": "static_grid_XLMUSDT_154days",
 "logging_level": 0,
 "long": {"auto_unstuck_ema_dist": 0.028740789208951675,
          "auto_unstuck_wallet_exposure_threshold": 0.5896940916524932,
          "backwards_tp": true,
          "ema_span_0": 1291.3955795446918,
          "ema_span_1": 8935.736462255461,
          "enabled": true,
          "eprice_exp_base": 1.9028602289332395,
          "eprice_pprice_diff": 0.029960453647135024,
          "grid_span": 0.18129417780081292,
          "initial_eprice_ema_dist": -0.01400101184344674,
          "initial_qty_pct": 0.0431688941919129,
          "markup_range": 0.036104908892781055,
          "max_n_entry_orders": 10,
          "min_markup": 0.04488313901027443,
          "n_close_orders": 13,
          "secondary_allocation": 0.3512476953741208,
          "secondary_pprice_diff": 0.24554478281052305,
          "wallet_exposure_limit": 0.1},
 "short": {"auto_unstuck_ema_dist": 0.055795135914405554,
           "auto_unstuck_wallet_exposure_threshold": 0.7872758536251111,
           "backwards_tp": true,
           "ema_span_0": 2308.261164962428,
           "ema_span_1": 4111.393374352157,
           "enabled": true,
           "eprice_exp_base": 1.4767838618124904,
           "eprice_pprice_diff": 0.019200324004281295,
           "grid_span": 0.16295736242493158,
           "initial_eprice_ema_dist": -0.059785587748659934,
           "initial_qty_pct": 0.03022206210188354,
           "markup_range": 0.04024046357362972,
           "max_n_entry_orders": 10,
           "min_markup": 0.06,
           "n_close_orders": 29,
           "secondary_allocation": 0.2685223559531601,
           "secondary_pprice_diff": 0.08188445854194791,
           "wallet_exposure_limit": 0.1}}