{"config_name": "static_grid_XLMUSDT_183days",
 "logging_level": 0,
 "long": {"auto_unstuck_ema_dist": 0.02259708976495396,
          "auto_unstuck_wallet_exposure_threshold": 0.8121955422368986,
          "backwards_tp": true,
          "ema_span_0": 1754.494505257603,
          "ema_span_1": 9888.084677654284,
          "enabled": true,
          "eprice_exp_base": 1.410416876285177,
          "eprice_pprice_diff": 0.016974959164846294,
          "grid_span": 0.2408080995521014,
          "initial_eprice_ema_dist": -0.0868854729477298,
          "initial_qty_pct": 0.014082490946097419,
          "markup_range": 0.00903996715062056,
          "max_n_entry_orders": 10,
          "min_markup": 0.05997323368026922,
          "n_close_orders": 15,
          "secondary_allocation": 0.43943823353246353,
          "secondary_pprice_diff": 0.31385930045448135,
          "wallet_exposure_limit": 0.1},
 "short": {"auto_unstuck_ema_dist": 0.07791804782931157,
           "auto_unstuck_wallet_exposure_threshold": 0.29980038894514943,
           "backwards_tp": true,
           "ema_span_0": 1230.2616297759835,
           "ema_span_1": 4606.026303406144,
           "enabled": true,
           "eprice_exp_base": 1.2976071284086657,
           "eprice_pprice_diff": 0.019473490443731006,
           "grid_span": 0.1,
           "initial_eprice_ema_dist": -0.08233536534359301,
           "initial_qty_pct": 0.026139013885522252,
           "markup_range": 0.018621918455789557,
           "max_n_entry_orders": 10,
           "min_markup": 0.056043048791819546,
           "n_close_orders": 13,
           "secondary_allocation": 0.03507378501968684,
           "secondary_pprice_diff": 0.37753890983784694,
           "wallet_exposure_limit": 0.1}}