{"config_name": "static_grid_XLMUSDT_187days",
 "logging_level": 0,
 "long": {"auto_unstuck_ema_dist": 0.04578006583154204,
          "auto_unstuck_wallet_exposure_threshold": 0.433544763926446,
          "backwards_tp": true,
          "ema_span_0": 1312.1138359875656,
          "ema_span_1": 7857.745624287529,
          "enabled": true,
          "eprice_exp_base": 1.112610323312211,
          "eprice_pprice_diff": 0.03906066743116199,
          "grid_span": 0.19144550633002705,
          "initial_eprice_ema_dist": -0.020394532023261552,
          "initial_qty_pct": 0.023334944656301135,
          "markup_range": 0.003180392430996075,
          "max_n_entry_orders": 10,
          "min_markup": 0.05551071701309219,
          "n_close_orders": 16,
          "secondary_allocation": 0.3553615333003915,
          "secondary_pprice_diff": 0.4182546149600624,
          "wallet_exposure_limit": 0.1},
 "short": {"auto_unstuck_ema_dist": 0.07501486494931371,
           "auto_unstuck_wallet_exposure_threshold": 0.14211509375932257,
           "backwards_tp": true,
           "ema_span_0": 2896.8849802657064,
           "ema_span_1": 2051.220674016078,
           "enabled": true,
           "eprice_exp_base": 1.9711324555419445,
           "eprice_pprice_diff": 0.008200507669089634,
           "grid_span": 0.1,
           "initial_eprice_ema_dist": -0.08405220485009307,
           "initial_qty_pct": 0.02148632953623959,
           "markup_range": 0.019098479711164032,
           "max_n_entry_orders": 10,
           "min_markup": 0.054286956263642765,
           "n_close_orders": 8,
           "secondary_allocation": 0.008216118409738734,
           "secondary_pprice_diff": 0.2277787762183895,
           "wallet_exposure_limit": 0.1}}