{"config_name": "static_grid_XLMUSDT_238days",
 "logging_level": 0,
 "long": {"auto_unstuck_ema_dist": 0.003624732967076794,
          "auto_unstuck_wallet_exposure_threshold": 0.4934383377426506,
          "backwards_tp": true,
          "ema_span_0": 2376.5184353799546,
          "ema_span_1": 6511.444822714493,
          "enabled": true,
          "eprice_exp_base": 1.0743649901322632,
          "eprice_pprice_diff": 0.014303261335615767,
          "grid_span": 0.19256227947411111,
          "initial_eprice_ema_dist": -0.06074505724791644,
          "initial_qty_pct": 0.007122283784835219,
          "markup_range": 0.00427706365885157,
          "max_n_entry_orders": 13,
          "min_markup": 0.010366984860950645,
          "n_close_orders": 13,
          "secondary_allocation": 0.01231851766714737,
          "secondary_pprice_diff": 0.2133799884522853,
          "wallet_exposure_limit": 0.1},
 "short": {"auto_unstuck_ema_dist": 0.008798758839638375,
           "auto_unstuck_wallet_exposure_threshold": 0.4808593500630763,
           "backwards_tp": true,
           "ema_span_0": 2562.8162582860436,
           "ema_span_1": 2265.326964811382,
           "enabled": true,
           "eprice_exp_base": 1.1909117910434788,
           "eprice_pprice_diff": 0.018861334194322923,
           "grid_span": 0.13825830988825608,
           "initial_eprice_ema_dist": -0.061151491759457166,
           "initial_qty_pct": 0.007908513772554228,
           "markup_range": 0.0283808283835421,
           "max_n_entry_orders": 12,
           "min_markup": 0.008829243464295065,
           "n_close_orders": 5,
           "secondary_allocation": 0.11162463934578237,
           "secondary_pprice_diff": 0.3342175821500326,
           "wallet_exposure_limit": 0.1}}