{"config_name": "static_grid_XLMUSDT_327days",
 "logging_level": 0,
 "long": {"auto_unstuck_ema_dist": 0.01596620641106885,
          "auto_unstuck_wallet_exposure_threshold": 0.6,
          "backwards_tp": true,
          "ema_span_0": 2523.6685324692403,
          "ema_span_1": 1849.9452196172222,
          "enabled": true,
          "eprice_exp_base": 1.0479022850345114,
          "eprice_pprice_diff": 0.008152643585486575,
          "grid_span": 0.19106222015686808,
          "initial_eprice_ema_dist": -0.0020012758765963834,
          "initial_qty_pct": 0.007,
          "markup_range": 0.009525457463134688,
          "max_n_entry_orders": 12,
          "min_markup": 0.0037209001381242565,
          "n_close_orders": 19,
          "secondary_allocation": 0.08397168165275506,
          "secondary_pprice_diff": 0.07430774794508446,
          "wallet_exposure_limit": 0.1},
 "short": {"auto_unstuck_ema_dist": 0.019050161462637542,
           "auto_unstuck_wallet_exposure_threshold": 0.581802794730752,
           "backwards_tp": true,
           "ema_span_0": 2837.077649845028,
           "ema_span_1": 2055.184994772508,
           "enabled": true,
           "eprice_exp_base": 1.1123783386344053,
           "eprice_pprice_diff": 0.021818208655745658,
           "grid_span": 0.1443231413039582,
           "initial_eprice_ema_dist": -0.010847256259993627,
           "initial_qty_pct": 0.01463213622680294,
           "markup_range": 0.018537700184894295,
           "max_n_entry_orders": 12,
           "min_markup": 0.00694186063370229,
           "n_close_orders": 17,
           "secondary_allocation": 0.16419754131795108,
           "secondary_pprice_diff": 0.10214794260645865,
           "wallet_exposure_limit": 0.1}}