{"config_name": "static_grid_XLMUSDT_144days",
 "logging_level": 0,
 "long": {"auto_unstuck_ema_dist": 0.03890518343915352,
          "auto_unstuck_wallet_exposure_threshold": 0.4735826929707421,
          "backwards_tp": true,
          "ema_span_0": 4188.970334976108,
          "ema_span_1": 7969.629639911707,
          "enabled": true,
          "eprice_exp_base": 2.0137722916745697,
          "eprice_pprice_diff": 0.044982512018572895,
          "grid_span": 0.18821432360892018,
          "initial_eprice_ema_dist": -0.005523005455145336,
          "initial_qty_pct": 0.03959247648693684,
          "markup_range": 0.03208002506298288,
          "max_n_entry_orders": 10,
          "min_markup": 0.05417642468975186,
          "n_close_orders": 25,
          "secondary_allocation": 0.05013345849335695,
          "secondary_pprice_diff": 0.2907642191394997,
          "wallet_exposure_limit": 0.1},
 "short": {"auto_unstuck_ema_dist": 0.08215993555083358,
           "auto_unstuck_wallet_exposure_threshold": 0.08693958217951879,
           "backwards_tp": true,
           "ema_span_0": 2973.4685698121048,
           "ema_span_1": 4064.310142882395,
           "enabled": true,
           "eprice_exp_base": 1.3001967349234087,
           "eprice_pprice_diff": 0.008865656335796744,
           "grid_span": 0.1,
           "initial_eprice_ema_dist": -0.051155982698187774,
           "initial_qty_pct": 0.033399494010885836,
           "markup_range": 0.02195837594085168,
           "max_n_entry_orders": 10,
           "min_markup": 0.055010536941833096,
           "n_close_orders": 19,
           "secondary_allocation": 0.046981058873168405,
           "secondary_pprice_diff": 0.06146172067478569,
           "wallet_exposure_limit": 0.1}}