{"config_name": "static_grid_XLMUSDT_316days",
 "logging_level": 0,
 "long": {"auto_unstuck_ema_dist": 0.009223480945219608,
          "auto_unstuck_wallet_exposure_threshold": 0.41070620324010754,
          "backwards_tp": true,
          "ema_span_0": 1870.5467447276778,
          "ema_span_1": 8076.098228907949,
          "enabled": true,
          "eprice_exp_base": 1.0509761977900671,
          "eprice_pprice_diff": 0.0226097531307375,
          "grid_span": 0.1822602046254045,
          "initial_eprice_ema_dist": 0,
          "initial_qty_pct": 0.007,
          "markup_range": 0.012589929871631145,
          "max_n_entry_orders": 12,
          "min_markup": 0.015129091806474704,
          "n_close_orders": 10,
          "secondary_allocation": 0.05925214577303821,
          "secondary_pprice_diff": 0.09562439241358746,
          "wallet_exposure_limit": 0.1},
 "short": {"auto_unstuck_ema_dist": 0.009726219407019421,
           "auto_unstuck_wallet_exposure_threshold": 0.5156683539708281,
           "backwards_tp": true,
           "ema_span_0": 2885.443689374278,
           "ema_span_1": 4183.6928983182825,
           "enabled": true,
           "eprice_exp_base": 1.1466791497927256,
           "eprice_pprice_diff": 0.011845446873322129,
           "grid_span": 0.19483512322893443,
           "initial_eprice_ema_dist": -0.08603501411680221,
           "initial_qty_pct": 0.011878124039278768,
           "markup_range": 0.007095571235152901,
           "max_n_entry_orders": 13,
           "min_markup": 0.011160842199994189,
           "n_close_orders": 16,
           "secondary_allocation": 0.16481286346365964,
           "secondary_pprice_diff": 0.10651608969138641,
           "wallet_exposure_limit": 0.1}}