{"config_name": "static_grid_XLMUSDT_175days",
 "logging_level": 0,
 "long": {"auto_unstuck_ema_dist": 0.024356145716970153,
          "auto_unstuck_wallet_exposure_threshold": 0.4601921213379838,
          "backwards_tp": true,
          "ema_span_0": 684.8819823355485,
          "ema_span_1": 9292.392334085578,
          "enabled": true,
          "eprice_exp_base": 2.040756647617567,
          "eprice_pprice_diff": 0.04749799589194165,
          "grid_span": 0.1574841927076896,
          "initial_eprice_ema_dist": -0.03550673774367886,
          "initial_qty_pct": 0.03653276322327873,
          "markup_range": 0.004339374394770777,
          "max_n_entry_orders": 10,
          "min_markup": 0.05352280558103543,
          "n_close_orders": 10,
          "secondary_allocation": 0.38071523192782625,
          "secondary_pprice_diff": 0.4420921702867228,
          "wallet_exposure_limit": 0.1},
 "short": {"auto_unstuck_ema_dist": 0.08580947083588891,
           "auto_unstuck_wallet_exposure_threshold": 0.22067116254291505,
           "backwards_tp": true,
           "ema_span_0": 2228.4349832547055,
           "ema_span_1": 2522.208931700512,
           "enabled": true,
           "eprice_exp_base": 1.84212065258657,
           "eprice_pprice_diff": 0.002027783965531595,
           "grid_span": 0.11285049989533766,
           "initial_eprice_ema_dist": -0.0821635159193176,
           "initial_qty_pct": 0.03141961880283,
           "markup_range": 0.02936701140028809,
           "max_n_entry_orders": 10,
           "min_markup": 0.05175310726778609,
           "n_close_orders": 14,
           "secondary_allocation": 0.188210023996812,
           "secondary_pprice_diff": 0.2973961024934749,
           "wallet_exposure_limit": 0.1}}