{"config_name": "static_grid_XLMUSDT_273days",
 "logging_level": 0,
 "long": {"auto_unstuck_ema_dist": 0.012617674248731737,
          "auto_unstuck_wallet_exposure_threshold": 0.5229025514240534,
          "backwards_tp": true,
          "ema_span_0": 2419.6485730887107,
          "ema_span_1": 3261.7500206662594,
          "enabled": true,
          "eprice_exp_base": 1.143372282403805,
          "eprice_pprice_diff": 0.01800925736538228,
          "grid_span": 0.16363424211648253,
          "initial_eprice_ema_dist": -0.07839337603610767,
          "initial_qty_pct": 0.008619852441315147,
          "markup_range": 0.010369432363276953,
          "max_n_entry_orders": 12,
          "min_markup": 0.00830924022827848,
          "n_close_orders": 8,
          "secondary_allocation": 0.008603910061423043,
          "secondary_pprice_diff": 0.3352837426086524,
          "wallet_exposure_limit": 0.1},
 "short": {"auto_unstuck_ema_dist": 0.008883774468144557,
           "auto_unstuck_wallet_exposure_threshold": 0.5827844662987574,
           "backwards_tp": true,
           "ema_span_0": 3489.495156775601,
           "ema_span_1": 2843.6751199420314,
           "enabled": true,
           "eprice_exp_base": 1.0553076873400113,
           "eprice_pprice_diff": 0.016010643596048313,
           "grid_span": 0.17860683772671632,
           "initial_eprice_ema_dist": -0.08928116993068343,
           "initial_qty_pct": 0.007,
           "markup_range": 0.029181255870620523,
           "max_n_entry_orders": 11,
           "min_markup": 0.007160327836049735,
           "n_close_orders": 19,
           "secondary_allocation": 0.011894211371630757,
           "secondary_pprice_diff": 0.24691311799738158,
           "wallet_exposure_limit": 0.1}}