{"config_name": "static_grid_XLMUSDT_299days",
 "logging_level": 0,
 "long": {"auto_unstuck_ema_dist": 0.05808551139552699,
          "auto_unstuck_wallet_exposure_threshold": 0.43555122503508437,
          "backwards_tp": true,
          "ema_span_0": 3472.0934012001,
          "ema_span_1": 4546.515119801144,
          "enabled": true,
          "eprice_exp_base": 1.2587776136353592,
          "eprice_pprice_diff": 0.01117706805017427,
          "grid_span": 0.1364590418445772,
          "initial_eprice_ema_dist": -0.07218097589436602,
          "initial_qty_pct": 0.00780157703513411,
          "markup_range": 0.011224333483600711,
          "max_n_entry_orders": 10,
          "min_markup": 0.003964554261662254,
          "n_close_orders": 19,
          "secondary_allocation": 0.0930301089144958,
          "secondary_pprice_diff": 0.1258457935586174,
          "wallet_exposure_limit": 0.1},
 "short": {"auto_unstuck_ema_dist": 0.006863089114858731,
           "auto_unstuck_wallet_exposure_threshold": 0.6,
           "backwards_tp": true,
           "ema_span_0": 2230.929121757444,
           "ema_span_1": 2804.363296180733,
           "enabled": true,
           "eprice_exp_base": 1.134223035590654,
           "eprice_pprice_diff": 0.016681613550128715,
           "grid_span": 0.1951498272889112,
           "initial_eprice_ema_dist": -0.0620360643127438,
           "initial_qty_pct": 0.008436432858421668,
           "markup_range": 0.02607319039963309,
           "max_n_entry_orders": 12,
           "min_markup": 0.011003929351855514,
           "n_close_orders": 18,
           "secondary_allocation": 0.13703467656482413,
           "secondary_pprice_diff": 0.196837435482208,
           "wallet_exposure_limit": 0.1}}