{"config_name": "static_grid_XLMUSDT_190days",
 "logging_level": 0,
 "long": {"auto_unstuck_ema_dist": 0.028018784258930028,
          "auto_unstuck_wallet_exposure_threshold": 0.8407750712475267,
          "backwards_tp": true,
          "ema_span_0": 376.3969272699729,
          "ema_span_1": 8901.43816425262,
          "enabled": true,
          "eprice_exp_base": 1.55847651874553,
          "eprice_pprice_diff": 0.043219644504754406,
          "grid_span": 0.2603358009590575,
          "initial_eprice_ema_dist": -0.0512225590285906,
          "initial_qty_pct": 0.037370685794679365,
          "markup_range": 0.019675812547398117,
          "max_n_entry_orders": 10,
          "min_markup": 0.05933983592252531,
          "n_close_orders": 9,
          "secondary_allocation": 0.5875143793354175,
          "secondary_pprice_diff": 0.28629618964033865,
          "wallet_exposure_limit": 0.1},
 "short": {"auto_unstuck_ema_dist": 0.08207825406329675,
           "auto_unstuck_wallet_exposure_threshold": 0.2166429421134145,
           "backwards_tp": true,
           "ema_span_0": 2625.304029317711,
           "ema_span_1": 4643.015698706598,
           "enabled": true,
           "eprice_exp_base": 1.4335499393308389,
           "eprice_pprice_diff": 0.015835614425029055,
           "grid_span": 0.1,
           "initial_eprice_ema_dist": -0.09969825781643099,
           "initial_qty_pct": 0.03629191742683001,
           "markup_range": 0.005819722501455064,
           "max_n_entry_orders": 10,
           "min_markup": 0.054561697301882685,
           "n_close_orders": 10,
           "secondary_allocation": 0.022229724046242186,
           "secondary_pprice_diff": 0.13339046410689487,
           "wallet_exposure_limit": 0.1}}