{"config_name": "static_grid_XLMUSDT_248days",
 "logging_level": 0,
 "long": {"auto_unstuck_ema_dist": 0.047061415962584424,
          "auto_unstuck_wallet_exposure_threshold": 0.48855287552823234,
          "backwards_tp": true,
          "ema_span_0": 3398.790175733017,
          "ema_span_1": 9049.53099192895,
          "enabled": true,
          "eprice_exp_base": 1.0839494193041181,
          "eprice_pprice_diff": 0.009387933001330302,
          "grid_span": 0.19624255087605502,
          "initial_eprice_ema_dist": -0.07487982205194615,
          "initial_qty_pct": 0.009832393841314055,
          "markup_range": 0.006051647912429905,
          "max_n_entry_orders": 9,
          "min_markup": 0.006885126382799252,
          "n_close_orders": 8,
          "secondary_allocation": 0.048565260155973886,
          "secondary_pprice_diff": 0.15649604380270515,
          "wallet_exposure_limit": 0.1},
 "short": {"auto_unstuck_ema_dist": 0.006336287573472046,
           "auto_unstuck_wallet_exposure_threshold": 0.5865958992329939,
           "backwards_tp": true,
           "ema_span_0": 3883.3486589373606,
           "ema_span_1": 3848.2458240477276,
           "enabled": true,
           "eprice_exp_base": 1.2268562096815756,
           "eprice_pprice_diff": 0.018917413687364142,
           "grid_span": 0.13626138357919862,
           "initial_eprice_ema_dist": -0.09503035482030098,
           "initial_qty_pct": 0.00931299329566422,
           "markup_range": 0.016915919297337437,
           "max_n_entry_orders": 9,
           "min_markup": 0.014852744443934224,
           "n_close_orders": 15,
           "secondary_allocation": 0.05805248258629039,
           "secondary_pprice_diff": 0.4018989384565913,
           "wallet_exposure_limit": 0.1}}