{"config_name": "static_grid_XLMUSDT_167days",
 "logging_level": 0,
 "long": {"auto_unstuck_ema_dist": 0.027346851731986452,
          "auto_unstuck_wallet_exposure_threshold": 0.5595384978378913,
          "backwards_tp": true,
          "ema_span_0": 796.6319688415667,
          "ema_span_1": 8950.227109052914,
          "enabled": true,
          "eprice_exp_base": 1.017913325603236,
          "eprice_pprice_diff": 0.025255869678682846,
          "grid_span": 0.23185385752576146,
          "initial_eprice_ema_dist": -0.021148197762720488,
          "initial_qty_pct": 0.026915644184863297,
          "markup_range": 0.03845922106394945,
          "max_n_entry_orders": 10,
          "min_markup": 0.034249930256539746,
          "n_close_orders": 7,
          "secondary_allocation": 0.1534303885337295,
          "secondary_pprice_diff": 0.16730958114652733,
          "wallet_exposure_limit": 0.1},
 "short": {"auto_unstuck_ema_dist": 0.07067859051583732,
           "auto_unstuck_wallet_exposure_threshold": 0.05921731178573042,
           "backwards_tp": true,
           "ema_span_0": 2488.004275670509,
           "ema_span_1": 1452.3585398133673,
           "enabled": true,
           "eprice_exp_base": 1.2770403382450837,
           "eprice_pprice_diff": 0.013672480958971257,
           "grid_span": 0.1,
           "initial_eprice_ema_dist": -0.0723254426389303,
           "initial_qty_pct": 0.013654000454797515,
           "markup_range": 0.03572417092020924,
           "max_n_entry_orders": 10,
           "min_markup": 0.0482771484011487,
           "n_close_orders": 15,
           "secondary_allocation": 0.044042737179338085,
           "secondary_pprice_diff": 0.4233312019845222,
           "wallet_exposure_limit": 0.1}}