{"config_name": "static_grid_XLMUSDT_210days",
 "logging_level": 0,
 "long": {"auto_unstuck_ema_dist": 0.03445525095404269,
          "auto_unstuck_wallet_exposure_threshold": 0.3034909620021258,
          "backwards_tp": true,
          "ema_span_0": 3225.9227913007912,
          "ema_span_1": 3592.5435031515008,
          "enabled": true,
          "eprice_exp_base": 1.052990576455608,
          "eprice_pprice_diff": 0.018594832120122376,
          "grid_span": 0.17145399161930686,
          "initial_eprice_ema_dist": -0.037088637336305394,
          "initial_qty_pct": 0.00796713368486895,
          "markup_range": 0.007930894207932198,
          "max_n_entry_orders": 12,
          "min_markup": 0.011831939522351847,
          "n_close_orders": 18,
          "secondary_allocation": 0.045257093987412365,
          "secondary_pprice_diff": 0.16009763218999096,
          "wallet_exposure_limit": 0.1},
 "short": {"auto_unstuck_ema_dist": 0.008154018030540855,
           "auto_unstuck_wallet_exposure_threshold": 0.24680900030528302,
           "backwards_tp": true,
           "ema_span_0": 2502.2547370142265,
           "ema_span_1": 2695.3778559296666,
           "enabled": true,
           "eprice_exp_base": 1.275905640142906,
           "eprice_pprice_diff": 0.013095208523894761,
           "grid_span": 0.11786889355857921,
           "initial_eprice_ema_dist": -0.09512203789421345,
           "initial_qty_pct": 0.013470140316889218,
           "markup_range": 0.02964018448505842,
           "max_n_entry_orders": 13,
           "min_markup": 0.006170199364624276,
           "n_close_orders": 10,
           "secondary_allocation": 0.21127482792404612,
           "secondary_pprice_diff": 0.3262432562684961,
           "wallet_exposure_limit": 0.1}}