{"config_name": "static_grid_XLMUSDT_133days",
 "logging_level": 0,
 "long": {"auto_unstuck_ema_dist": 0.03142392298028498,
          "auto_unstuck_wallet_exposure_threshold": 0.8370088157847302,
          "backwards_tp": true,
          "ema_span_0": 477.4063292660368,
          "ema_span_1": 9295.136083418958,
          "enabled": true,
          "eprice_exp_base": 1.4451087675494916,
          "eprice_pprice_diff": 0.03490767910358103,
          "grid_span": 0.2589840224921915,
          "initial_eprice_ema_dist": 0,
          "initial_qty_pct": 0.01008830085139869,
          "markup_range": 0.020773411774831226,
          "max_n_entry_orders": 10,
          "min_markup": 0.05618829070071639,
          "n_close_orders": 12,
          "secondary_allocation": 0.3775076369299257,
          "secondary_pprice_diff": 0.10299193928095275,
          "wallet_exposure_limit": 0.1},
 "short": {"auto_unstuck_ema_dist": 0.061191949694274446,
           "auto_unstuck_wallet_exposure_threshold": 0.9289314701771095,
           "backwards_tp": true,
           "ema_span_0": 2935.5237371390567,
           "ema_span_1": 3970.8291267884765,
           "enabled": true,
           "eprice_exp_base": 1.6806216014289164,
           "eprice_pprice_diff": 0.0179611663746827,
           "grid_span": 0.3953580267042816,
           "initial_eprice_ema_dist": -0.01875121904709283,
           "initial_qty_pct": 0.027687201776205095,
           "markup_range": 0.05708156302645875,
           "max_n_entry_orders": 10,
           "min_markup": 0.0579214621627891,
           "n_close_orders": 21,
           "secondary_allocation": 0.10986584694162481,
           "secondary_pprice_diff": 0.4920796012965842,
           "wallet_exposure_limit": 0.1}}