{"config_name": "static_grid_XLMUSDT_204days",
 "logging_level": 0,
 "long": {"auto_unstuck_ema_dist": 0.03133849421900389,
          "auto_unstuck_wallet_exposure_threshold": 0.6402474619310372,
          "backwards_tp": true,
          "ema_span_0": 490.10409674442576,
          "ema_span_1": 9150.173343868224,
          "enabled": true,
          "eprice_exp_base": 1.6156318158131242,
          "eprice_pprice_diff": 0.020590141693744783,
          "grid_span": 0.2535083689273134,
          "initial_eprice_ema_dist": -0.03666272330989455,
          "initial_qty_pct": 0.03215344355969499,
          "markup_range": 0.02410339850812537,
          "max_n_entry_orders": 10,
          "min_markup": 0.037455467321072106,
          "n_close_orders": 21,
          "secondary_allocation": 0.1871861142335602,
          "secondary_pprice_diff": 0.21331071882426605,
          "wallet_exposure_limit": 0.1},
 "short": {"auto_unstuck_ema_dist": 0.09633159613432439,
           "auto_unstuck_wallet_exposure_threshold": 0.061979401641996335,
           "backwards_tp": true,
           "ema_span_0": 1377.4778413247582,
           "ema_span_1": 2455.029576386743,
           "enabled": true,
           "eprice_exp_base": 1.2970735712093473,
           "eprice_pprice_diff": 0.0075004162993040704,
           "grid_span": 0.10678753918160545,
           "initial_eprice_ema_dist": -0.09798534324051335,
           "initial_qty_pct": 0.03442528466659944,
           "markup_range": 0.0022719908850634277,
           "max_n_entry_orders": 10,
           "min_markup": 0.040003627553299864,
           "n_close_orders": 24,
           "secondary_allocation": 0.008157186797681622,
           "secondary_pprice_diff": 0.05,
           "wallet_exposure_limit": 0.1}}