{"config_name": "static_grid_XLMUSDT_228days",
 "logging_level": 0,
 "long": {"auto_unstuck_ema_dist": 0.012586614330739532,
          "auto_unstuck_wallet_exposure_threshold": 0.5149970007690873,
          "backwards_tp": true,
          "ema_span_0": 2730.143479002663,
          "ema_span_1": 7440.74320966594,
          "enabled": true,
          "eprice_exp_base": 1.0317008727539452,
          "eprice_pprice_diff": 0.014820527750715422,
          "grid_span": 0.1887229746383873,
          "initial_eprice_ema_dist": -0.04875390295231362,
          "initial_qty_pct": 0.007,
          "markup_range": 0.005642145583852,
          "max_n_entry_orders": 12,
          "min_markup": 0.011369843716739813,
          "n_close_orders": 11,
          "secondary_allocation": 0.021580881082226642,
          "secondary_pprice_diff": 0.4173919122671006,
          "wallet_exposure_limit": 0.1},
 "short": {"auto_unstuck_ema_dist": 0.004640956258507236,
           "auto_unstuck_wallet_exposure_threshold": 0.5177851179449785,
           "backwards_tp": true,
           "ema_span_0": 4006.7454936297754,
           "ema_span_1": 3674.4951907578375,
           "enabled": true,
           "eprice_exp_base": 1.1433293101318314,
           "eprice_pprice_diff": 0.014962029907884084,
           "grid_span": 0.15329724242676063,
           "initial_eprice_ema_dist": -0.09073204208506683,
           "initial_qty_pct": 0.007239321695913992,
           "markup_range": 0.021519217409173324,
           "max_n_entry_orders": 11,
           "min_markup": 0.01323508422597004,
           "n_close_orders": 10,
           "secondary_allocation": 0.11877108060567476,
           "secondary_pprice_diff": 0.2585531651022406,
           "wallet_exposure_limit": 0.1}}