{"config_name": "static_grid_XLMUSDT_260days",
 "logging_level": 0,
 "long": {"auto_unstuck_ema_dist": 0.0049623855493522995,
          "auto_unstuck_wallet_exposure_threshold": 0.4505351121529423,
          "backwards_tp": true,
          "ema_span_0": 3772.03986136915,
          "ema_span_1": 4726.563920992166,
          "enabled": true,
          "eprice_exp_base": 1.068882678470261,
          "eprice_pprice_diff": 0.012078879386516693,
          "grid_span": 0.1549918276605214,
          "initial_eprice_ema_dist": -0.09404185587845611,
          "initial_qty_pct": 0.009235562484823483,
          "markup_range": 0.006117091425007102,
          "max_n_entry_orders": 11,
          "min_markup": 0.004918776499426475,
          "n_close_orders": 11,
          "secondary_allocation": 0.21961131453402669,
          "secondary_pprice_diff": 0.34777957960827915,
          "wallet_exposure_limit": 0.1},
 "short": {"auto_unstuck_ema_dist": 0.005589630507737545,
           "auto_unstuck_wallet_exposure_threshold": 0.5733605865929631,
           "backwards_tp": true,
           "ema_span_0": 1609.185907369312,
           "ema_span_1": 1174.800231342224,
           "enabled": true,
           "eprice_exp_base": 1.2772219579168407,
           "eprice_pprice_diff": 0.017300117879855442,
           "grid_span": 0.17427569783810484,
           "initial_eprice_ema_dist": -0.047695167320063084,
           "initial_qty_pct": 0.011440521227858415,
           "markup_range": 0.028594770892117333,
           "max_n_entry_orders": 10,
           "min_markup": 0.009482141584405504,
           "n_close_orders": 10,
           "secondary_allocation": 0.1533724725927603,
           "secondary_pprice_diff": 0.2729035165902998,
           "wallet_exposure_limit": 0.1}}