{"config_name": "static_grid_XTZUSDT_208days",
 "logging_level": 0,
 "long": {"auto_unstuck_ema_dist": 0.06203435692783717,
          "auto_unstuck_wallet_exposure_threshold": 0.6118957196437932,
          "backwards_tp": true,
          "ema_span_0": 2499.701004072479,
          "ema_span_1": 6172.733567168694,
          "enabled": true,
          "eprice_exp_base": 1.0911221130573068,
          "eprice_pprice_diff": 0.03657335566315917,
          "grid_span": 0.24566501124527132,
          "initial_eprice_ema_dist": -0.02188070602694138,
          "initial_qty_pct": 0.018353902932075342,
          "markup_range": 0.011363610889271441,
          "max_n_entry_orders": 10,
          "min_markup": 0.020227768071826673,
          "n_close_orders": 25,
          "secondary_allocation": 0.39929286814037007,
          "secondary_pprice_diff": 0.07922989895933101,
          "wallet_exposure_limit": 0.1},
 "short": {"auto_unstuck_ema_dist": 0.03382797699039091,
           "auto_unstuck_wallet_exposure_threshold": 0.7934833804018575,
           "backwards_tp": true,
           "ema_span_0": 1991.9784781711865,
           "ema_span_1": 3281.6004946323446,
           "enabled": true,
           "eprice_exp_base": 1.6264076505254406,
           "eprice_pprice_diff": 0.007290529272705302,
           "grid_span": 0.16378991556208866,
           "initial_eprice_ema_dist": -0.0844412814125546,
           "initial_qty_pct": 0.037757301728109996,
           "markup_range": 0.05920903722585723,
           "max_n_entry_orders": 10,
           "min_markup": 0.05881001860398809,
           "n_close_orders": 29,
           "secondary_allocation": 0.04626559316619764,
           "secondary_pprice_diff": 0.2882306883017747,
           "wallet_exposure_limit": 0.1}}