{"config_name": "static_grid_XTZUSDT_338days",
 "logging_level": 0,
 "long": {"auto_unstuck_ema_dist": 0.08614882839134753,
          "auto_unstuck_wallet_exposure_threshold": 0.5862408681900487,
          "backwards_tp": true,
          "ema_span_0": 3169.766585849053,
          "ema_span_1": 4339.976890795453,
          "enabled": true,
          "eprice_exp_base": 1.1517529223370968,
          "eprice_pprice_diff": 0.011147615279527064,
          "grid_span": 0.2423025047014502,
          "initial_eprice_ema_dist": -0.011402357632588372,
          "initial_qty_pct": 0.007,
          "markup_range": 0.0033184022404202968,
          "max_n_entry_orders": 11,
          "min_markup": 0.009887538897237442,
          "n_close_orders": 19,
          "secondary_allocation": 0.1807669384555805,
          "secondary_pprice_diff": 0.25131751560635307,
          "wallet_exposure_limit": 0.1},
 "short": {"auto_unstuck_ema_dist": 0.015171406801233979,
           "auto_unstuck_wallet_exposure_threshold": 0.43290796639195483,
           "backwards_tp": true,
           "ema_span_0": 3644.9968076228315,
           "ema_span_1": 2294.4251332537033,
           "enabled": true,
           "eprice_exp_base": 1.1334965081589388,
           "eprice_pprice_diff": 0.0190727611221413,
           "grid_span": 0.10306729076289804,
           "initial_eprice_ema_dist": -0.020607060730326542,
           "initial_qty_pct": 0.007,
           "markup_range": 0.01144429698885712,
           "max_n_entry_orders": 13,
           "min_markup": 0.01070265705360785,
           "n_close_orders": 14,
           "secondary_allocation": 0.3061393332984811,
           "secondary_pprice_diff": 0.09144080150306894,
           "wallet_exposure_limit": 0.1}}