{"config_name": "static_grid_XTZUSDT_191days",
 "logging_level": 0,
 "long": {"auto_unstuck_ema_dist": 0.05608151934529275,
          "auto_unstuck_wallet_exposure_threshold": 0.7518376535904661,
          "backwards_tp": true,
          "ema_span_0": 2504.8029022226287,
          "ema_span_1": 9572.197541944986,
          "enabled": true,
          "eprice_exp_base": 1.8784262330587396,
          "eprice_pprice_diff": 0.004109554758954335,
          "grid_span": 0.41326699392889826,
          "initial_eprice_ema_dist": -0.006197331736269004,
          "initial_qty_pct": 0.047964702619414254,
          "markup_range": 0.025548517765054207,
          "max_n_entry_orders": 10,
          "min_markup": 0.03744555568746266,
          "n_close_orders": 27,
          "secondary_allocation": 0.04031787210178642,
          "secondary_pprice_diff": 0.49679684844812844,
          "wallet_exposure_limit": 0.1},
 "short": {"auto_unstuck_ema_dist": 0.035037248767927215,
           "auto_unstuck_wallet_exposure_threshold": 0.7980805492788282,
           "backwards_tp": true,
           "ema_span_0": 2520.550107144833,
           "ema_span_1": 2665.554449686698,
           "enabled": true,
           "eprice_exp_base": 1.2254941639940327,
           "eprice_pprice_diff": 0.018876909759165898,
           "grid_span": 0.1670591620859938,
           "initial_eprice_ema_dist": -0.07757662394040674,
           "initial_qty_pct": 0.03720379418146095,
           "markup_range": 0.05611013289789545,
           "max_n_entry_orders": 10,
           "min_markup": 0.05924075238970118,
           "n_close_orders": 21,
           "secondary_allocation": 0.008225437816538922,
           "secondary_pprice_diff": 0.2315441896247855,
           "wallet_exposure_limit": 0.1}}