{"config_name": "static_grid_XTZUSDT_231days",
 "logging_level": 0,
 "long": {"auto_unstuck_ema_dist": 0.08129712488346251,
          "auto_unstuck_wallet_exposure_threshold": 0.49405016478431674,
          "backwards_tp": true,
          "ema_span_0": 1997.661114252793,
          "ema_span_1": 9690.330420998183,
          "enabled": true,
          "eprice_exp_base": 1.2024818793337704,
          "eprice_pprice_diff": 0.015098734386186627,
          "grid_span": 0.19367849651108057,
          "initial_eprice_ema_dist": -0.0169916025983185,
          "initial_qty_pct": 0.009611138880546438,
          "markup_range": 0.004868828354386983,
          "max_n_entry_orders": 13,
          "min_markup": 0.015561842145287589,
          "n_close_orders": 15,
          "secondary_allocation": 0.19726135493447,
          "secondary_pprice_diff": 0.3175203277848514,
          "wallet_exposure_limit": 0.1},
 "short": {"auto_unstuck_ema_dist": 0.01814382025148646,
           "auto_unstuck_wallet_exposure_threshold": 0.4571627407389313,
           "backwards_tp": true,
           "ema_span_0": 1985.519624607951,
           "ema_span_1": 9229.336235221052,
           "enabled": true,
           "eprice_exp_base": 1.0891652727997427,
           "eprice_pprice_diff": 0.006249550268829056,
           "grid_span": 0.111343521088409,
           "initial_eprice_ema_dist": -0.006561326310649028,
           "initial_qty_pct": 0.009075019284799821,
           "markup_range": 0.010540836958510859,
           "max_n_entry_orders": 11,
           "min_markup": 0.014012219151800287,
           "n_close_orders": 14,
           "secondary_allocation": 0.012059043663541408,
           "secondary_pprice_diff": 0.05,
           "wallet_exposure_limit": 0.1}}