{"config_name": "static_grid_XTZUSDT_161days",
 "logging_level": 0,
 "long": {"auto_unstuck_ema_dist": 0.021030248547054074,
          "auto_unstuck_wallet_exposure_threshold": 0.8762555363640021,
          "backwards_tp": true,
          "ema_span_0": 746.4102976987621,
          "ema_span_1": 9849.593891558685,
          "enabled": true,
          "eprice_exp_base": 1.9002254628225037,
          "eprice_pprice_diff": 0.042621434844845804,
          "grid_span": 0.4186496500628717,
          "initial_eprice_ema_dist": -0.006528293659785744,
          "initial_qty_pct": 0.02361295861657813,
          "markup_range": 0.02311537646195072,
          "max_n_entry_orders": 10,
          "min_markup": 0.04435552126809486,
          "n_close_orders": 21,
          "secondary_allocation": 0.0988935149011548,
          "secondary_pprice_diff": 0.10482527402265798,
          "wallet_exposure_limit": 0.1},
 "short": {"auto_unstuck_ema_dist": 0.0338190197698829,
           "auto_unstuck_wallet_exposure_threshold": 0.8655777329459041,
           "backwards_tp": true,
           "ema_span_0": 1242.7927375324375,
           "ema_span_1": 9960.387376234097,
           "enabled": true,
           "eprice_exp_base": 1.0235781301136413,
           "eprice_pprice_diff": 0.026776621366536565,
           "grid_span": 0.2518016597378861,
           "initial_eprice_ema_dist": -0.025937397769796335,
           "initial_qty_pct": 0.020627646720720094,
           "markup_range": 0.04007952436554402,
           "max_n_entry_orders": 10,
           "min_markup": 0.04717430890658801,
           "n_close_orders": 20,
           "secondary_allocation": 0.10982139648954492,
           "secondary_pprice_diff": 0.3964362442214907,
           "wallet_exposure_limit": 0.1}}