{"config_name": "static_grid_XTZUSDT_324days",
 "logging_level": 0,
 "long": {"auto_unstuck_ema_dist": 0.03660813875565042,
          "auto_unstuck_wallet_exposure_threshold": 0.47115883540961423,
          "backwards_tp": true,
          "ema_span_0": 1021.7165089541686,
          "ema_span_1": 9956.404894136138,
          "enabled": true,
          "eprice_exp_base": 1.1824597854114731,
          "eprice_pprice_diff": 0.02108774542485676,
          "grid_span": 0.1640643747392438,
          "initial_eprice_ema_dist": -0.009102099576833403,
          "initial_qty_pct": 0.008601396813241794,
          "markup_range": 0.005507126154931364,
          "max_n_entry_orders": 13,
          "min_markup": 0.014699736771684362,
          "n_close_orders": 5,
          "secondary_allocation": 0.16175965444646231,
          "secondary_pprice_diff": 0.4548655859872377,
          "wallet_exposure_limit": 0.1},
 "short": {"auto_unstuck_ema_dist": 0.05978249146942735,
           "auto_unstuck_wallet_exposure_threshold": 0.5717489399822611,
           "backwards_tp": true,
           "ema_span_0": 150.87868981379305,
           "ema_span_1": 185.22036305321149,
           "enabled": true,
           "eprice_exp_base": 1.450417403620587,
           "eprice_pprice_diff": 0.01977909273051092,
           "grid_span": 0.19564260005717363,
           "initial_eprice_ema_dist": -0.07645037009587341,
           "initial_qty_pct": 0.007154895002009697,
           "markup_range": 0.03966507385543185,
           "max_n_entry_orders": 11,
           "min_markup": 0.004819939840726905,
           "n_close_orders": 14,
           "secondary_allocation": 0.018462734095092543,
           "secondary_pprice_diff": 0.1505069899856142,
           "wallet_exposure_limit": 0.1}}