{"config_name": "static_grid_XTZUSDT_144days",
 "logging_level": 0,
 "long": {"auto_unstuck_ema_dist": 0.09351067699934534,
          "auto_unstuck_wallet_exposure_threshold": 0.77346832393479,
          "backwards_tp": true,
          "ema_span_0": 3891.7283075972045,
          "ema_span_1": 6024.084885312037,
          "enabled": true,
          "eprice_exp_base": 1.197408914455549,
          "eprice_pprice_diff": 0.04171892836789148,
          "grid_span": 0.36763682802567477,
          "initial_eprice_ema_dist": 0,
          "initial_qty_pct": 0.017789726537884177,
          "markup_range": 0.027784702478813397,
          "max_n_entry_orders": 10,
          "min_markup": 0.0574468330433811,
          "n_close_orders": 28,
          "secondary_allocation": 0.3256858048402514,
          "secondary_pprice_diff": 0.1677163652619444,
          "wallet_exposure_limit": 0.1},
 "short": {"auto_unstuck_ema_dist": 0.03295467739683415,
           "auto_unstuck_wallet_exposure_threshold": 0.8259796104791572,
           "backwards_tp": true,
           "ema_span_0": 1943.6429370299632,
           "ema_span_1": 2613.431751429119,
           "enabled": true,
           "eprice_exp_base": 1.7275901472297521,
           "eprice_pprice_diff": 0.03346558787379197,
           "grid_span": 0.12910720134429174,
           "initial_eprice_ema_dist": -0.07369217126767291,
           "initial_qty_pct": 0.034083890477898844,
           "markup_range": 0.022037976614782476,
           "max_n_entry_orders": 10,
           "min_markup": 0.059124550395149425,
           "n_close_orders": 15,
           "secondary_allocation": 0.32734231314271545,
           "secondary_pprice_diff": 0.2593468210329482,
           "wallet_exposure_limit": 0.1}}