{"config_name": "static_grid_XTZUSDT_266days",
 "logging_level": 0,
 "long": {"auto_unstuck_ema_dist": 0.07075536333408888,
          "auto_unstuck_wallet_exposure_threshold": 0.5274418939679671,
          "backwards_tp": true,
          "ema_span_0": 1336.1178466688118,
          "ema_span_1": 4031.7912123524984,
          "enabled": true,
          "eprice_exp_base": 1.105480534125312,
          "eprice_pprice_diff": 0.01546562531351581,
          "grid_span": 0.18681881863270933,
          "initial_eprice_ema_dist": -0.000978559323552153,
          "initial_qty_pct": 0.007778700507142357,
          "markup_range": 0.0014381000307501222,
          "max_n_entry_orders": 11,
          "min_markup": 0.017708327597705503,
          "n_close_orders": 18,
          "secondary_allocation": 0.1900522104310676,
          "secondary_pprice_diff": 0.34690917740063937,
          "wallet_exposure_limit": 0.1},
 "short": {"auto_unstuck_ema_dist": 0.05697995432475965,
           "auto_unstuck_wallet_exposure_threshold": 0.07796717158963115,
           "backwards_tp": true,
           "ema_span_0": 187.72162752869005,
           "ema_span_1": 1951.1633386969247,
           "enabled": true,
           "eprice_exp_base": 1.1264726979846311,
           "eprice_pprice_diff": 0.01000006583803272,
           "grid_span": 0.19915533895290138,
           "initial_eprice_ema_dist": -0.04596741709111906,
           "initial_qty_pct": 0.007,
           "markup_range": 0.0039243785717534025,
           "max_n_entry_orders": 12,
           "min_markup": 0.009931961385043127,
           "n_close_orders": 18,
           "secondary_allocation": 0.17346046793013054,
           "secondary_pprice_diff": 0.05,
           "wallet_exposure_limit": 0.1}}