{"config_name": "static_grid_XTZUSDT_280days",
 "logging_level": 0,
 "long": {"auto_unstuck_ema_dist": 0.09471172267454743,
          "auto_unstuck_wallet_exposure_threshold": 0.3399942839793549,
          "backwards_tp": true,
          "ema_span_0": 974.6241600197302,
          "ema_span_1": 4158.070755995115,
          "enabled": true,
          "eprice_exp_base": 1.1832879659488655,
          "eprice_pprice_diff": 0.03148005835094202,
          "grid_span": 0.25841968665523857,
          "initial_eprice_ema_dist": -0.05298428986643864,
          "initial_qty_pct": 0.007994025946909998,
          "markup_range": 0.024611579167602704,
          "max_n_entry_orders": 11,
          "min_markup": 0.01699565123341708,
          "n_close_orders": 11,
          "secondary_allocation": 0.5074315409544755,
          "secondary_pprice_diff": 0.06455475635690211,
          "wallet_exposure_limit": 0.1},
 "short": {"auto_unstuck_ema_dist": 0.046702224696843285,
           "auto_unstuck_wallet_exposure_threshold": 0.5354752028930437,
           "backwards_tp": true,
           "ema_span_0": 338.13180541470786,
           "ema_span_1": 308.51294428172207,
           "enabled": true,
           "eprice_exp_base": 1.1292940420842974,
           "eprice_pprice_diff": 0.019723240998750412,
           "grid_span": 0.21178670815460077,
           "initial_eprice_ema_dist": -0.07841024822523439,
           "initial_qty_pct": 0.007,
           "markup_range": 0.03004942351227794,
           "max_n_entry_orders": 12,
           "min_markup": 0.013217929742910884,
           "n_close_orders": 13,
           "secondary_allocation": 0.001583222273565099,
           "secondary_pprice_diff": 0.18095555091128296,
           "wallet_exposure_limit": 0.1}}