{"config_name": "static_grid_XTZUSDT_234days",
 "logging_level": 0,
 "long": {"auto_unstuck_ema_dist": 0.09144626977646499,
          "auto_unstuck_wallet_exposure_threshold": 0.4468163569576019,
          "backwards_tp": true,
          "ema_span_0": 3734.6639690256984,
          "ema_span_1": 3650.071211238294,
          "enabled": true,
          "eprice_exp_base": 1.0334913255389164,
          "eprice_pprice_diff": 0.015910053459198763,
          "grid_span": 0.21256489474206408,
          "initial_eprice_ema_dist": 0,
          "initial_qty_pct": 0.010959380770581973,
          "markup_range": 0.0043777589722429535,
          "max_n_entry_orders": 13,
          "min_markup": 0.018754080878440688,
          "n_close_orders": 15,
          "secondary_allocation": 0.14445101136215394,
          "secondary_pprice_diff": 0.4277982214239874,
          "wallet_exposure_limit": 0.1},
 "short": {"auto_unstuck_ema_dist": 0.046925743679019034,
           "auto_unstuck_wallet_exposure_threshold": 0.5009854308194037,
           "backwards_tp": true,
           "ema_span_0": 4286.980761412041,
           "ema_span_1": 5554.302375000312,
           "enabled": true,
           "eprice_exp_base": 1.01077941162299,
           "eprice_pprice_diff": 0.00850415893779069,
           "grid_span": 0.10475702207554734,
           "initial_eprice_ema_dist": -0.007762885177676978,
           "initial_qty_pct": 0.01704770231468255,
           "markup_range": 0.014582172146955235,
           "max_n_entry_orders": 11,
           "min_markup": 0.005411694059965837,
           "n_close_orders": 14,
           "secondary_allocation": 0.017307860389283444,
           "secondary_pprice_diff": 0.2068831290750422,
           "wallet_exposure_limit": 0.1}}