{"config_name": "static_grid_XTZUSDT_150days",
 "logging_level": 0,
 "long": {"auto_unstuck_ema_dist": 0.08600129865665371,
          "auto_unstuck_wallet_exposure_threshold": 0.8013380194590255,
          "backwards_tp": true,
          "ema_span_0": 3314.044613136984,
          "ema_span_1": 5156.521393864243,
          "enabled": true,
          "eprice_exp_base": 2.069451340407727,
          "eprice_pprice_diff": 0.04084835339044147,
          "grid_span": 0.23588839471436523,
          "initial_eprice_ema_dist": -0.003218966890530356,
          "initial_qty_pct": 0.048776317360382924,
          "markup_range": 0.02556332478642183,
          "max_n_entry_orders": 10,
          "min_markup": 0.05075077133659698,
          "n_close_orders": 27,
          "secondary_allocation": 0.7,
          "secondary_pprice_diff": 0.20657841618496442,
          "wallet_exposure_limit": 0.1},
 "short": {"auto_unstuck_ema_dist": 0.030414172228302262,
           "auto_unstuck_wallet_exposure_threshold": 0.9545838968604491,
           "backwards_tp": true,
           "ema_span_0": 3064.4067082795837,
           "ema_span_1": 1867.0181286245406,
           "enabled": true,
           "eprice_exp_base": 1.7518304692065527,
           "eprice_pprice_diff": 0.017304358615106995,
           "grid_span": 0.3513957434166026,
           "initial_eprice_ema_dist": -0.04622020993279668,
           "initial_qty_pct": 0.0188648146751035,
           "markup_range": 0.058263314463766015,
           "max_n_entry_orders": 10,
           "min_markup": 0.05740401536404711,
           "n_close_orders": 7,
           "secondary_allocation": 0.7,
           "secondary_pprice_diff": 0.21544006256005704,
           "wallet_exposure_limit": 0.1}}