{"config_name": "static_grid_XTZUSDT_243days",
 "logging_level": 0,
 "long": {"auto_unstuck_ema_dist": 0.0757411688432721,
          "auto_unstuck_wallet_exposure_threshold": 0.36852399740918834,
          "backwards_tp": true,
          "ema_span_0": 3689.4292653508796,
          "ema_span_1": 449.9261803640564,
          "enabled": true,
          "eprice_exp_base": 1.155436333622189,
          "eprice_pprice_diff": 0.02873926533914324,
          "grid_span": 0.24451317681118578,
          "initial_eprice_ema_dist": -0.014337016094703581,
          "initial_qty_pct": 0.007678157834378245,
          "markup_range": 0.022693455052336914,
          "max_n_entry_orders": 13,
          "min_markup": 0.0184199748528185,
          "n_close_orders": 13,
          "secondary_allocation": 0.5006676415815635,
          "secondary_pprice_diff": 0.06030660573265805,
          "wallet_exposure_limit": 0.1},
 "short": {"auto_unstuck_ema_dist": 0.006547800335551099,
           "auto_unstuck_wallet_exposure_threshold": 0.6,
           "backwards_tp": true,
           "ema_span_0": 1570.7986602194574,
           "ema_span_1": 1252.9459809957907,
           "enabled": true,
           "eprice_exp_base": 1.8408055427092838,
           "eprice_pprice_diff": 0.007893452381877625,
           "grid_span": 0.18412639490476188,
           "initial_eprice_ema_dist": 0,
           "initial_qty_pct": 0.00869427555016048,
           "markup_range": 0.008200165328974622,
           "max_n_entry_orders": 13,
           "min_markup": 0.01903023843237995,
           "n_close_orders": 10,
           "secondary_allocation": 0.1762385150366915,
           "secondary_pprice_diff": 0.1713445688575753,
           "wallet_exposure_limit": 0.1}}