{"config_name": "static_grid_XTZUSDT_213days",
 "logging_level": 0,
 "long": {"auto_unstuck_ema_dist": 0.03547767816525739,
          "auto_unstuck_wallet_exposure_threshold": 0.48175868016328915,
          "backwards_tp": true,
          "ema_span_0": 2311.4028153874615,
          "ema_span_1": 9738.336749855987,
          "enabled": true,
          "eprice_exp_base": 1.0060871783544236,
          "eprice_pprice_diff": 0.03813074146891489,
          "grid_span": 0.2664645326011733,
          "initial_eprice_ema_dist": -0.012996562240207551,
          "initial_qty_pct": 0.04743988752161768,
          "markup_range": 0.024561215119790692,
          "max_n_entry_orders": 10,
          "min_markup": 0.014615521655692677,
          "n_close_orders": 11,
          "secondary_allocation": 0.23887746916929478,
          "secondary_pprice_diff": 0.11206064497512011,
          "wallet_exposure_limit": 0.1},
 "short": {"auto_unstuck_ema_dist": 0.026874153796965786,
           "auto_unstuck_wallet_exposure_threshold": 0.6737300010888667,
           "backwards_tp": true,
           "ema_span_0": 4063.417061042812,
           "ema_span_1": 2057.9110923029907,
           "enabled": true,
           "eprice_exp_base": 1.6589488966432522,
           "eprice_pprice_diff": 0.049518590037808265,
           "grid_span": 0.12492408106399024,
           "initial_eprice_ema_dist": -0.0942906964733825,
           "initial_qty_pct": 0.049719623152248246,
           "markup_range": 0.03981179202056721,
           "max_n_entry_orders": 10,
           "min_markup": 0.043600192457178395,
           "n_close_orders": 21,
           "secondary_allocation": 0.22940465778881222,
           "secondary_pprice_diff": 0.2597679847254344,
           "wallet_exposure_limit": 0.1}}