{"config_name": "static_grid_XTZUSDT_169days",
 "logging_level": 0,
 "long": {"auto_unstuck_ema_dist": 0.043400927008423774,
          "auto_unstuck_wallet_exposure_threshold": 0.4329910553020522,
          "backwards_tp": true,
          "ema_span_0": 2286.382254684645,
          "ema_span_1": 6442.348525155162,
          "enabled": true,
          "eprice_exp_base": 1.7677402372143314,
          "eprice_pprice_diff": 0.0444508298964486,
          "grid_span": 0.233575963647079,
          "initial_eprice_ema_dist": -0.006765087388707574,
          "initial_qty_pct": 0.04318199580911263,
          "markup_range": 0.02992317940959917,
          "max_n_entry_orders": 10,
          "min_markup": 0.028433675048147686,
          "n_close_orders": 22,
          "secondary_allocation": 0.40158569934194427,
          "secondary_pprice_diff": 0.06422162167604953,
          "wallet_exposure_limit": 0.1},
 "short": {"auto_unstuck_ema_dist": 0.02763875896125353,
           "auto_unstuck_wallet_exposure_threshold": 0.7427979082206712,
           "backwards_tp": true,
           "ema_span_0": 3792.614516938758,
           "ema_span_1": 2350.7031746492776,
           "enabled": true,
           "eprice_exp_base": 1.631200246915785,
           "eprice_pprice_diff": 0.019930300964618806,
           "grid_span": 0.10026263818522575,
           "initial_eprice_ema_dist": -0.06458637132611218,
           "initial_qty_pct": 0.030689503082372824,
           "markup_range": 0.0570215862569939,
           "max_n_entry_orders": 10,
           "min_markup": 0.05419319620503222,
           "n_close_orders": 24,
           "secondary_allocation": 0.48450325796748395,
           "secondary_pprice_diff": 0.05014970898884216,
           "wallet_exposure_limit": 0.1}}