{"config_name": "static_grid_XTZUSDT_163days",
 "logging_level": 0,
 "long": {"auto_unstuck_ema_dist": 0.07295603430158784,
          "auto_unstuck_wallet_exposure_threshold": 0.7349903835704987,
          "backwards_tp": true,
          "ema_span_0": 3322.0151182837535,
          "ema_span_1": 5119.492812238267,
          "enabled": true,
          "eprice_exp_base": 1.2457309656360191,
          "eprice_pprice_diff": 0.04363304475650887,
          "grid_span": 0.30697566532400383,
          "initial_eprice_ema_dist": -0.005312519280937715,
          "initial_qty_pct": 0.010922716231456967,
          "markup_range": 0.02019003418640121,
          "max_n_entry_orders": 10,
          "min_markup": 0.050925699524803865,
          "n_close_orders": 22,
          "secondary_allocation": 0.08802112783280967,
          "secondary_pprice_diff": 0.12111154427983542,
          "wallet_exposure_limit": 0.1},
 "short": {"auto_unstuck_ema_dist": 0.045923288301083796,
           "auto_unstuck_wallet_exposure_threshold": 0.976659931237846,
           "backwards_tp": true,
           "ema_span_0": 941.6375255184685,
           "ema_span_1": 1464.19182653233,
           "enabled": true,
           "eprice_exp_base": 1.168159849151308,
           "eprice_pprice_diff": 0.0033376431064389574,
           "grid_span": 0.10931259094992805,
           "initial_eprice_ema_dist": -0.025586545329096724,
           "initial_qty_pct": 0.01746192745291274,
           "markup_range": 0.00033945631314900247,
           "max_n_entry_orders": 10,
           "min_markup": 0.0328331172890911,
           "n_close_orders": 12,
           "secondary_allocation": 0.4150625172469176,
           "secondary_pprice_diff": 0.26551066772095144,
           "wallet_exposure_limit": 0.1}}