{"config_name": "static_grid_XTZUSDT_189days",
 "logging_level": 0,
 "long": {"auto_unstuck_ema_dist": 0.047527405292893725,
          "auto_unstuck_wallet_exposure_threshold": 0.607797770819411,
          "backwards_tp": true,
          "ema_span_0": 2623.7017771254336,
          "ema_span_1": 10027.547743503423,
          "enabled": true,
          "eprice_exp_base": 1.2773974657409255,
          "eprice_pprice_diff": 0.04521443659137654,
          "grid_span": 0.22110915416932334,
          "initial_eprice_ema_dist": -0.007896428609065611,
          "initial_qty_pct": 0.044157082141981205,
          "markup_range": 0.01688037350951229,
          "max_n_entry_orders": 10,
          "min_markup": 0.027122100740292747,
          "n_close_orders": 17,
          "secondary_allocation": 0.22178919358640892,
          "secondary_pprice_diff": 0.43655421337415723,
          "wallet_exposure_limit": 0.1},
 "short": {"auto_unstuck_ema_dist": 0.02739389338499875,
           "auto_unstuck_wallet_exposure_threshold": 0.7967369915353303,
           "backwards_tp": true,
           "ema_span_0": 2485.3305545158164,
           "ema_span_1": 3788.256160632182,
           "enabled": true,
           "eprice_exp_base": 1.4567810173939562,
           "eprice_pprice_diff": 0.01823281323796938,
           "grid_span": 0.2384042323120331,
           "initial_eprice_ema_dist": -0.06530135805601678,
           "initial_qty_pct": 0.04733441499546107,
           "markup_range": 0.028107222748352985,
           "max_n_entry_orders": 10,
           "min_markup": 0.029065255129771126,
           "n_close_orders": 5,
           "secondary_allocation": 0.3787136623424893,
           "secondary_pprice_diff": 0.1841418389209014,
           "wallet_exposure_limit": 0.1}}