{"config_name": "static_grid_XTZUSDT_254days",
 "logging_level": 0,
 "long": {"auto_unstuck_ema_dist": 0.07367386791274597,
          "auto_unstuck_wallet_exposure_threshold": 0.09287682289706055,
          "backwards_tp": true,
          "ema_span_0": 3285.677356742584,
          "ema_span_1": 5685.992656376703,
          "enabled": true,
          "eprice_exp_base": 1.354856376027042,
          "eprice_pprice_diff": 0.023709282905478895,
          "grid_span": 0.22407218310605256,
          "initial_eprice_ema_dist": -0.005006398757473654,
          "initial_qty_pct": 0.007172260464243042,
          "markup_range": 0.03423975787701424,
          "max_n_entry_orders": 10,
          "min_markup": 0.009502942146852303,
          "n_close_orders": 17,
          "secondary_allocation": 0.3822070438667246,
          "secondary_pprice_diff": 0.05827969668970068,
          "wallet_exposure_limit": 0.1},
 "short": {"auto_unstuck_ema_dist": 0.03763262969668117,
           "auto_unstuck_wallet_exposure_threshold": 0.33416367562930727,
           "backwards_tp": true,
           "ema_span_0": 1460.4533360283242,
           "ema_span_1": 1237.7928379123239,
           "enabled": true,
           "eprice_exp_base": 1.1164988456308,
           "eprice_pprice_diff": 0.01684303832451129,
           "grid_span": 0.1086453772938871,
           "initial_eprice_ema_dist": -0.064131117867628,
           "initial_qty_pct": 0.01257713920247433,
           "markup_range": 0.004422138127312528,
           "max_n_entry_orders": 13,
           "min_markup": 0.006888387028199149,
           "n_close_orders": 17,
           "secondary_allocation": 0.02528110217500794,
           "secondary_pprice_diff": 0.3103491066258884,
           "wallet_exposure_limit": 0.1}}