{"config_name": "static_grid_XTZUSDT_217days",
 "logging_level": 0,
 "long": {"auto_unstuck_ema_dist": 0.02871639910739955,
          "auto_unstuck_wallet_exposure_threshold": 0.39788144561889005,
          "backwards_tp": true,
          "ema_span_0": 595.2529437539515,
          "ema_span_1": 9980.789597908419,
          "enabled": true,
          "eprice_exp_base": 1.7615675390420702,
          "eprice_pprice_diff": 0.035314780306710265,
          "grid_span": 0.22431402387471172,
          "initial_eprice_ema_dist": -0.010837944876850551,
          "initial_qty_pct": 0.01493157122348365,
          "markup_range": 0.056582603524762985,
          "max_n_entry_orders": 10,
          "min_markup": 0.006369216230729892,
          "n_close_orders": 15,
          "secondary_allocation": 0.34153143474300257,
          "secondary_pprice_diff": 0.0625563294517583,
          "wallet_exposure_limit": 0.1},
 "short": {"auto_unstuck_ema_dist": 0.0361222052178151,
           "auto_unstuck_wallet_exposure_threshold": 0.5982264522521477,
           "backwards_tp": true,
           "ema_span_0": 1615.0723369094023,
           "ema_span_1": 1664.385155274401,
           "enabled": true,
           "eprice_exp_base": 1.3041127074943448,
           "eprice_pprice_diff": 0.008570337847955965,
           "grid_span": 0.15755008882896354,
           "initial_eprice_ema_dist": -0.034906300624579445,
           "initial_qty_pct": 0.04666579606000269,
           "markup_range": 0.04545773484935655,
           "max_n_entry_orders": 10,
           "min_markup": 0.05947121864025213,
           "n_close_orders": 21,
           "secondary_allocation": 0.20096965229905134,
           "secondary_pprice_diff": 0.3836091400168029,
           "wallet_exposure_limit": 0.1}}