{"config_name": "static_grid_XTZUSDT_307days",
 "logging_level": 0,
 "long": {"auto_unstuck_ema_dist": 0.08821349874954353,
          "auto_unstuck_wallet_exposure_threshold": 0.1680050833675866,
          "backwards_tp": true,
          "ema_span_0": 4227.392806360418,
          "ema_span_1": 6183.050241617155,
          "enabled": true,
          "eprice_exp_base": 1.2958233234466414,
          "eprice_pprice_diff": 0.02279711757638978,
          "grid_span": 0.24454446596703808,
          "initial_eprice_ema_dist": -0.023105542127497252,
          "initial_qty_pct": 0.007,
          "markup_range": 0.024285696374789098,
          "max_n_entry_orders": 10,
          "min_markup": 0.019461665288124277,
          "n_close_orders": 6,
          "secondary_allocation": 0.44072213279259687,
          "secondary_pprice_diff": 0.05048262506987225,
          "wallet_exposure_limit": 0.1},
 "short": {"auto_unstuck_ema_dist": 0.005061832759403051,
           "auto_unstuck_wallet_exposure_threshold": 0.5769941000988728,
           "backwards_tp": true,
           "ema_span_0": 2654.7503055010693,
           "ema_span_1": 6085.920124036281,
           "enabled": true,
           "eprice_exp_base": 1.214031865769163,
           "eprice_pprice_diff": 0.015078503444034603,
           "grid_span": 0.19929914293678858,
           "initial_eprice_ema_dist": -0.05938924841271602,
           "initial_qty_pct": 0.008067651630731724,
           "markup_range": 0.0071317625695905855,
           "max_n_entry_orders": 13,
           "min_markup": 0.009439412391869566,
           "n_close_orders": 7,
           "secondary_allocation": 0.43707381178131643,
           "secondary_pprice_diff": 0.30935693633762146,
           "wallet_exposure_limit": 0.1}}