{"config_name": "static_grid_ZILUSDT_191days",
 "logging_level": 0,
 "long": {"auto_unstuck_ema_dist": 0.07731178944992696,
          "auto_unstuck_wallet_exposure_threshold": 0.038531407478772164,
          "backwards_tp": true,
          "ema_span_0": 1736.316755285693,
          "ema_span_1": 3379.3728976153016,
          "enabled": true,
          "eprice_exp_base": 2.016526570194746,
          "eprice_pprice_diff": 0.043128531780629385,
          "grid_span": 0.21715161798888197,
          "initial_eprice_ema_dist": -0.013742993658430513,
          "initial_qty_pct": 0.019063592484921947,
          "markup_range": 0.022528308225801427,
          "max_n_entry_orders": 10,
          "min_markup": 0.029277105140114057,
          "n_close_orders": 15,
          "secondary_allocation": 0.052052848248306666,
          "secondary_pprice_diff": 0.37153969107588825,
          "wallet_exposure_limit": 0.1},
 "short": {"auto_unstuck_ema_dist": 0.0845462143553025,
           "auto_unstuck_wallet_exposure_threshold": 0.7744595046876932,
           "backwards_tp": true,
           "ema_span_0": 1080.15817027373,
           "ema_span_1": 1819.888745846004,
           "enabled": true,
           "eprice_exp_base": 1.201075285296984,
           "eprice_pprice_diff": 0.008781472914123867,
           "grid_span": 0.21386515792006247,
           "initial_eprice_ema_dist": -0.033503640525191995,
           "initial_qty_pct": 0.032548813595100944,
           "markup_range": 0.047484753238463476,
           "max_n_entry_orders": 10,
           "min_markup": 0.051881903405753375,
           "n_close_orders": 17,
           "secondary_allocation": 0.028747067289758062,
           "secondary_pprice_diff": 0.0815413819294151,
           "wallet_exposure_limit": 0.1}}