{"config_name": "static_grid_ZILUSDT_192days",
 "logging_level": 0,
 "long": {"auto_unstuck_ema_dist": 0.06545088003810515,
          "auto_unstuck_wallet_exposure_threshold": 0.6822799300309287,
          "backwards_tp": true,
          "ema_span_0": 959.6050757279208,
          "ema_span_1": 2690.353916449377,
          "enabled": true,
          "eprice_exp_base": 1.9446264398576891,
          "eprice_pprice_diff": 0.01955896955439171,
          "grid_span": 0.1847723305621223,
          "initial_eprice_ema_dist": -0.011648407020332902,
          "initial_qty_pct": 0.025650747602239107,
          "markup_range": 0.009616202285776188,
          "max_n_entry_orders": 10,
          "min_markup": 0.03857097004766736,
          "n_close_orders": 8,
          "secondary_allocation": 0.37847954650386667,
          "secondary_pprice_diff": 0.20552308315322118,
          "wallet_exposure_limit": 0.1},
 "short": {"auto_unstuck_ema_dist": 0.09187387114143399,
           "auto_unstuck_wallet_exposure_threshold": 0.7138324817484869,
           "backwards_tp": true,
           "ema_span_0": 2189.979412096243,
           "ema_span_1": 2246.621491204327,
           "enabled": true,
           "eprice_exp_base": 1.4743914471076338,
           "eprice_pprice_diff": 0.010899250894170005,
           "grid_span": 0.132484564484624,
           "initial_eprice_ema_dist": -0.09138542647999534,
           "initial_qty_pct": 0.044496627193613206,
           "markup_range": 0.028869436698855604,
           "max_n_entry_orders": 10,
           "min_markup": 0.0595121613003021,
           "n_close_orders": 8,
           "secondary_allocation": 0.08174280197684573,
           "secondary_pprice_diff": 0.34629375757494896,
           "wallet_exposure_limit": 0.1}}