{"config_name": "static_grid_ZILUSDT_263days",
 "logging_level": 0,
 "long": {"auto_unstuck_ema_dist": 0.04687667056179055,
          "auto_unstuck_wallet_exposure_threshold": 0.5054448410976424,
          "backwards_tp": true,
          "ema_span_0": 2321.454106462598,
          "ema_span_1": 9093.704836404984,
          "enabled": true,
          "eprice_exp_base": 1.1167348923031721,
          "eprice_pprice_diff": 0.03684695868594035,
          "grid_span": 0.24917783886616676,
          "initial_eprice_ema_dist": -0.09880079247973708,
          "initial_qty_pct": 0.008065572043309443,
          "markup_range": 0.017967568899188824,
          "max_n_entry_orders": 13,
          "min_markup": 0.012790221403702775,
          "n_close_orders": 16,
          "secondary_allocation": 0.49182309553683196,
          "secondary_pprice_diff": 0.28912948657663456,
          "wallet_exposure_limit": 0.1},
 "short": {"auto_unstuck_ema_dist": 0.02540734495035902,
           "auto_unstuck_wallet_exposure_threshold": 0.3062298331672615,
           "backwards_tp": true,
           "ema_span_0": 1205.4525578148373,
           "ema_span_1": 10036.07679385717,
           "enabled": true,
           "eprice_exp_base": 1.244263771808888,
           "eprice_pprice_diff": 0.012884426513140524,
           "grid_span": 0.644930236902026,
           "initial_eprice_ema_dist": -0.019158473144103155,
           "initial_qty_pct": 0.008049425786087326,
           "markup_range": 0.027594940476017252,
           "max_n_entry_orders": 12,
           "min_markup": 0.01825760494393582,
           "n_close_orders": 8,
           "secondary_allocation": 0.3931465198729187,
           "secondary_pprice_diff": 0.2542613140524908,
           "wallet_exposure_limit": 0.1}}