{"config_name": "static_grid_ZILUSDT_231days",
 "logging_level": 0,
 "long": {"auto_unstuck_ema_dist": 0.05670061200465555,
          "auto_unstuck_wallet_exposure_threshold": 0.5908876912919502,
          "backwards_tp": true,
          "ema_span_0": 2775.352111789162,
          "ema_span_1": 9648.468383138923,
          "enabled": true,
          "eprice_exp_base": 1.0795252882332407,
          "eprice_pprice_diff": 0.031021569186526977,
          "grid_span": 0.25177086994421005,
          "initial_eprice_ema_dist": -0.08599955183182448,
          "initial_qty_pct": 0.007,
          "markup_range": 0.013277265420412389,
          "max_n_entry_orders": 13,
          "min_markup": 0.0165120885417868,
          "n_close_orders": 9,
          "secondary_allocation": 0.5829207891117534,
          "secondary_pprice_diff": 0.06471550509521315,
          "wallet_exposure_limit": 0.1},
 "short": {"auto_unstuck_ema_dist": 0.020067305403706454,
           "auto_unstuck_wallet_exposure_threshold": 0.2537463493519474,
           "backwards_tp": true,
           "ema_span_0": 2086.3987520416654,
           "ema_span_1": 10080,
           "enabled": true,
           "eprice_exp_base": 1.5399426369960654,
           "eprice_pprice_diff": 0.013186386077962077,
           "grid_span": 0.6622559986564088,
           "initial_eprice_ema_dist": -0.007212348966203624,
           "initial_qty_pct": 0.007248254338925238,
           "markup_range": 0.025461394561756643,
           "max_n_entry_orders": 11,
           "min_markup": 0.019980913879956357,
           "n_close_orders": 17,
           "secondary_allocation": 0.2629989382275005,
           "secondary_pprice_diff": 0.11595938995481969,
           "wallet_exposure_limit": 0.1}}