{"config_name": "static_grid_ZILUSDT_137days",
 "logging_level": 0,
 "long": {"auto_unstuck_ema_dist": 0.09885993836196583,
          "auto_unstuck_wallet_exposure_threshold": 0.16996792445670078,
          "backwards_tp": true,
          "ema_span_0": 3775.7362056965408,
          "ema_span_1": 5679.584181468584,
          "enabled": true,
          "eprice_exp_base": 1.5785085536981671,
          "eprice_pprice_diff": 0.033902266462736405,
          "grid_span": 0.2241797079799692,
          "initial_eprice_ema_dist": -0.019413829048892942,
          "initial_qty_pct": 0.027654500559589113,
          "markup_range": 0.0578655212110469,
          "max_n_entry_orders": 10,
          "min_markup": 0.05132890974497093,
          "n_close_orders": 18,
          "secondary_allocation": 0.13099164187326315,
          "secondary_pprice_diff": 0.2012538191275654,
          "wallet_exposure_limit": 0.1},
 "short": {"auto_unstuck_ema_dist": 0.012197194866871009,
           "auto_unstuck_wallet_exposure_threshold": 0.7996134440333408,
           "backwards_tp": true,
           "ema_span_0": 1451.5643030138697,
           "ema_span_1": 2274.981297754027,
           "enabled": true,
           "eprice_exp_base": 2.0420749500976245,
           "eprice_pprice_diff": 0.01725309108406435,
           "grid_span": 0.27471076295333174,
           "initial_eprice_ema_dist": -0.061819618869807726,
           "initial_qty_pct": 0.014607134511864147,
           "markup_range": 0.028384379970992833,
           "max_n_entry_orders": 10,
           "min_markup": 0.0552125220767521,
           "n_close_orders": 10,
           "secondary_allocation": 0.0463708217220654,
           "secondary_pprice_diff": 0.43668310834017604,
           "wallet_exposure_limit": 0.1}}