{"config_name": "static_grid_ZILUSDT_219days",
 "logging_level": 0,
 "long": {"auto_unstuck_ema_dist": 0.07548683838720056,
          "auto_unstuck_wallet_exposure_threshold": 0.19634576868677053,
          "backwards_tp": true,
          "ema_span_0": 794.1829186517531,
          "ema_span_1": 2054.7961404284374,
          "enabled": true,
          "eprice_exp_base": 2.034220224330226,
          "eprice_pprice_diff": 0.012616344826227407,
          "grid_span": 0.2261167480434061,
          "initial_eprice_ema_dist": -0.012627864095400535,
          "initial_qty_pct": 0.027019778595051835,
          "markup_range": 0.0033351341322238066,
          "max_n_entry_orders": 10,
          "min_markup": 0.026111026738467023,
          "n_close_orders": 23,
          "secondary_allocation": 0.03498081273530251,
          "secondary_pprice_diff": 0.15612261448376627,
          "wallet_exposure_limit": 0.1},
 "short": {"auto_unstuck_ema_dist": 0.08351299054678891,
           "auto_unstuck_wallet_exposure_threshold": 0.17563105444653263,
           "backwards_tp": true,
           "ema_span_0": 2642.6869064952652,
           "ema_span_1": 5298.178130116243,
           "enabled": true,
           "eprice_exp_base": 1.680417425368454,
           "eprice_pprice_diff": 0.0034950132212379264,
           "grid_span": 0.11653562180931884,
           "initial_eprice_ema_dist": -0.09997616276331496,
           "initial_qty_pct": 0.039385042485074476,
           "markup_range": 0.02963544758071681,
           "max_n_entry_orders": 10,
           "min_markup": 0.046047166516084745,
           "n_close_orders": 16,
           "secondary_allocation": 0.007379741798589258,
           "secondary_pprice_diff": 0.4056868434407599,
           "wallet_exposure_limit": 0.1}}