{"config_name": "static_grid_ZILUSDT_173days",
 "logging_level": 0,
 "long": {"auto_unstuck_ema_dist": 0.0796806101456039,
          "auto_unstuck_wallet_exposure_threshold": 0.21890854231517481,
          "backwards_tp": true,
          "ema_span_0": 2931.8617330079537,
          "ema_span_1": 3793.5197914263167,
          "enabled": true,
          "eprice_exp_base": 1.5068028063769103,
          "eprice_pprice_diff": 0.014753296969096288,
          "grid_span": 0.22068483380361015,
          "initial_eprice_ema_dist": -0.00909533197657026,
          "initial_qty_pct": 0.019029114092967155,
          "markup_range": 0.014882144455874179,
          "max_n_entry_orders": 10,
          "min_markup": 0.039210603390185624,
          "n_close_orders": 11,
          "secondary_allocation": 0.29285334679829866,
          "secondary_pprice_diff": 0.06358527999678709,
          "wallet_exposure_limit": 0.1},
 "short": {"auto_unstuck_ema_dist": 0.08582738510286102,
           "auto_unstuck_wallet_exposure_threshold": 0.7321982868203173,
           "backwards_tp": true,
           "ema_span_0": 1172.8143311678334,
           "ema_span_1": 1928.684581681318,
           "enabled": true,
           "eprice_exp_base": 1.6149132442004148,
           "eprice_pprice_diff": 0.026828248297624403,
           "grid_span": 0.15063668387579762,
           "initial_eprice_ema_dist": -0.02881747675327565,
           "initial_qty_pct": 0.04662308237232002,
           "markup_range": 0.0345696677797873,
           "max_n_entry_orders": 10,
           "min_markup": 0.06,
           "n_close_orders": 29,
           "secondary_allocation": 0.4687346614967332,
           "secondary_pprice_diff": 0.44622251950193687,
           "wallet_exposure_limit": 0.1}}