{"config_name": "static_grid_ZILUSDT_320days",
 "logging_level": 0,
 "long": {"auto_unstuck_ema_dist": 0.06084525292361847,
          "auto_unstuck_wallet_exposure_threshold": 0.1032162514145575,
          "backwards_tp": true,
          "ema_span_0": 648.7515193848986,
          "ema_span_1": 5799.258083172937,
          "enabled": true,
          "eprice_exp_base": 1.414412697640673,
          "eprice_pprice_diff": 0.027532830509761207,
          "grid_span": 0.25506926613962455,
          "initial_eprice_ema_dist": -0.039290167344062536,
          "initial_qty_pct": 0.01024060960265988,
          "markup_range": 0.009753131625882384,
          "max_n_entry_orders": 9,
          "min_markup": 0.0045736315865724355,
          "n_close_orders": 13,
          "secondary_allocation": 0.005337685115352145,
          "secondary_pprice_diff": 0.10559530074086432,
          "wallet_exposure_limit": 0.1},
 "short": {"auto_unstuck_ema_dist": 0.020550751877626464,
           "auto_unstuck_wallet_exposure_threshold": 0.36824703608383386,
           "backwards_tp": true,
           "ema_span_0": 2384.172262834431,
           "ema_span_1": 9908.899740912671,
           "enabled": true,
           "eprice_exp_base": 1.4744467500365703,
           "eprice_pprice_diff": 0.019391833530746874,
           "grid_span": 0.2573807591989387,
           "initial_eprice_ema_dist": -0.02115691664975432,
           "initial_qty_pct": 0.010758550581190844,
           "markup_range": 0.01110703149073401,
           "max_n_entry_orders": 11,
           "min_markup": 0.012481868445479154,
           "n_close_orders": 19,
           "secondary_allocation": 0.3592653725409383,
           "secondary_pprice_diff": 0.16763068633531444,
           "wallet_exposure_limit": 0.1}}