{"config_name": "static_grid_ZILUSDT_241days",
 "logging_level": 0,
 "long": {"auto_unstuck_ema_dist": 0.09155734798325031,
          "auto_unstuck_wallet_exposure_threshold": 0.45547448242385347,
          "backwards_tp": true,
          "ema_span_0": 4002.689869371485,
          "ema_span_1": 9246.537326618609,
          "enabled": true,
          "eprice_exp_base": 1.1692093189757151,
          "eprice_pprice_diff": 0.03284020870561588,
          "grid_span": 0.24073693226283577,
          "initial_eprice_ema_dist": -0.0028282162132607794,
          "initial_qty_pct": 0.007,
          "markup_range": 0.017807555392606585,
          "max_n_entry_orders": 11,
          "min_markup": 0.0135330860689181,
          "n_close_orders": 18,
          "secondary_allocation": 0.40323844118161417,
          "secondary_pprice_diff": 0.06431492265022788,
          "wallet_exposure_limit": 0.1},
 "short": {"auto_unstuck_ema_dist": 0.08740354017646461,
           "auto_unstuck_wallet_exposure_threshold": 0.3737218611336564,
           "backwards_tp": true,
           "ema_span_0": 1459.1193782739842,
           "ema_span_1": 10080,
           "enabled": true,
           "eprice_exp_base": 1.517099203173945,
           "eprice_pprice_diff": 0.01390812908830438,
           "grid_span": 0.205123100135444,
           "initial_eprice_ema_dist": -0.03711533140205536,
           "initial_qty_pct": 0.007433284462280145,
           "markup_range": 0.005566530363663533,
           "max_n_entry_orders": 12,
           "min_markup": 0.011482195761599975,
           "n_close_orders": 15,
           "secondary_allocation": 0.3515810125153725,
           "secondary_pprice_diff": 0.0507558165807088,
           "wallet_exposure_limit": 0.1}}