{"config_name": "static_grid_ZILUSDT_215days",
 "logging_level": 0,
 "long": {"auto_unstuck_ema_dist": 0.06694152964449654,
          "auto_unstuck_wallet_exposure_threshold": 0.5414381941851668,
          "backwards_tp": true,
          "ema_span_0": 2683.1159073621616,
          "ema_span_1": 2483.406062138261,
          "enabled": true,
          "eprice_exp_base": 2.0533204174051627,
          "eprice_pprice_diff": 0.019546463267467375,
          "grid_span": 0.24805486830530185,
          "initial_eprice_ema_dist": -0.03389851461495399,
          "initial_qty_pct": 0.04469847666736759,
          "markup_range": 0.009953410835160686,
          "max_n_entry_orders": 10,
          "min_markup": 0.015426652040385534,
          "n_close_orders": 22,
          "secondary_allocation": 0.047491046497589354,
          "secondary_pprice_diff": 0.3160601118789875,
          "wallet_exposure_limit": 0.1},
 "short": {"auto_unstuck_ema_dist": 0.08805704728407009,
           "auto_unstuck_wallet_exposure_threshold": 0.6967952276504024,
           "backwards_tp": true,
           "ema_span_0": 1759.0477028935813,
           "ema_span_1": 2236.6011260784985,
           "enabled": true,
           "eprice_exp_base": 1.9714860442619304,
           "eprice_pprice_diff": 0.0029771362129162333,
           "grid_span": 0.11526342069936808,
           "initial_eprice_ema_dist": -0.09310367584260947,
           "initial_qty_pct": 0.020605554870445863,
           "markup_range": 0.0322563424471289,
           "max_n_entry_orders": 10,
           "min_markup": 0.05627113127146509,
           "n_close_orders": 12,
           "secondary_allocation": 0.20629910211538466,
           "secondary_pprice_diff": 0.3328642108549341,
           "wallet_exposure_limit": 0.1}}