{"config_name": "static_grid_ZILUSDT_179days",
 "logging_level": 0,
 "long": {"auto_unstuck_ema_dist": 0.08194676589841668,
          "auto_unstuck_wallet_exposure_threshold": 0.01787132609213167,
          "backwards_tp": true,
          "ema_span_0": 767.0860669807038,
          "ema_span_1": 3422.2207579921505,
          "enabled": true,
          "eprice_exp_base": 1.2402223539757526,
          "eprice_pprice_diff": 0.012232633232228353,
          "grid_span": 0.22185688202486983,
          "initial_eprice_ema_dist": -0.029531337307929974,
          "initial_qty_pct": 0.012394522195136214,
          "markup_range": 0.018928831428602525,
          "max_n_entry_orders": 10,
          "min_markup": 0.06,
          "n_close_orders": 9,
          "secondary_allocation": 0.3794578883145223,
          "secondary_pprice_diff": 0.06375310859757304,
          "wallet_exposure_limit": 0.1},
 "short": {"auto_unstuck_ema_dist": 0.004147622575973906,
           "auto_unstuck_wallet_exposure_threshold": 0.9380826534583107,
           "backwards_tp": true,
           "ema_span_0": 754.9149374392371,
           "ema_span_1": 1915.6321073020513,
           "enabled": true,
           "eprice_exp_base": 1.2855903754620426,
           "eprice_pprice_diff": 0.03668391678166954,
           "grid_span": 0.46225351715392304,
           "initial_eprice_ema_dist": -0.0788825010160185,
           "initial_qty_pct": 0.015507584408413617,
           "markup_range": 0.054359333476440924,
           "max_n_entry_orders": 10,
           "min_markup": 0.06,
           "n_close_orders": 27,
           "secondary_allocation": 0.47377858468305883,
           "secondary_pprice_diff": 0.3619272304246757,
           "wallet_exposure_limit": 0.1}}