{"config_name": "static_grid_ZILUSDT_286days",
 "logging_level": 0,
 "long": {"auto_unstuck_ema_dist": 0.08998028290706443,
          "auto_unstuck_wallet_exposure_threshold": 0.5080586268434182,
          "backwards_tp": true,
          "ema_span_0": 3733.748592453728,
          "ema_span_1": 9709.814460323872,
          "enabled": true,
          "eprice_exp_base": 1.2526930158575724,
          "eprice_pprice_diff": 0.03395614952477643,
          "grid_span": 0.24425537461425773,
          "initial_eprice_ema_dist": -0.051096615956689344,
          "initial_qty_pct": 0.00831865647451044,
          "markup_range": 0.017774541961122676,
          "max_n_entry_orders": 13,
          "min_markup": 0.013846994010117011,
          "n_close_orders": 15,
          "secondary_allocation": 0.6777677876608068,
          "secondary_pprice_diff": 0.053971432748254444,
          "wallet_exposure_limit": 0.1},
 "short": {"auto_unstuck_ema_dist": 0.06325676973210631,
           "auto_unstuck_wallet_exposure_threshold": 0.06358554835342568,
           "backwards_tp": true,
           "ema_span_0": 4320,
           "ema_span_1": 10080,
           "enabled": true,
           "eprice_exp_base": 1.2666294904403221,
           "eprice_pprice_diff": 0.0062895687874735375,
           "grid_span": 0.6572599638960644,
           "initial_eprice_ema_dist": -0.009884271044210819,
           "initial_qty_pct": 0.007248792167352062,
           "markup_range": 0.018476037300043765,
           "max_n_entry_orders": 12,
           "min_markup": 0.015993612714046184,
           "n_close_orders": 8,
           "secondary_allocation": 0.3728329502730861,
           "secondary_pprice_diff": 0.22871139280560487,
           "wallet_exposure_limit": 0.1}}