{"config_name": "static_grid_ZILUSDT_232days",
 "logging_level": 0,
 "long": {"auto_unstuck_ema_dist": 0.09294158921140734,
          "auto_unstuck_wallet_exposure_threshold": 0.3461864940614837,
          "backwards_tp": true,
          "ema_span_0": 2013.9463024228298,
          "ema_span_1": 1471.469257358062,
          "enabled": true,
          "eprice_exp_base": 1.2294172650250004,
          "eprice_pprice_diff": 0.020397175945648785,
          "grid_span": 0.25826033071006166,
          "initial_eprice_ema_dist": -0.006545929552455077,
          "initial_qty_pct": 0.0073495460669113855,
          "markup_range": 0.0016697930887666114,
          "max_n_entry_orders": 9,
          "min_markup": 0.018239440266892722,
          "n_close_orders": 15,
          "secondary_allocation": 0.1495673097529558,
          "secondary_pprice_diff": 0.18391502055267733,
          "wallet_exposure_limit": 0.1},
 "short": {"auto_unstuck_ema_dist": 0.04225273358875696,
           "auto_unstuck_wallet_exposure_threshold": 0.2907947382331463,
           "backwards_tp": true,
           "ema_span_0": 615.2995236995266,
           "ema_span_1": 5432.878371631448,
           "enabled": true,
           "eprice_exp_base": 1.2510487381787385,
           "eprice_pprice_diff": 0.009488739789629,
           "grid_span": 0.22873835928970632,
           "initial_eprice_ema_dist": -0.09789709130792786,
           "initial_qty_pct": 0.007,
           "markup_range": 0.005761294751391499,
           "max_n_entry_orders": 13,
           "min_markup": 0.015586884157397016,
           "n_close_orders": 10,
           "secondary_allocation": 0.07406957754516286,
           "secondary_pprice_diff": 0.4281344447941608,
           "wallet_exposure_limit": 0.1}}