{"config_name": "static_grid_ZILUSDT_148days",
 "logging_level": 0,
 "long": {"auto_unstuck_ema_dist": 0.0795862863863921,
          "auto_unstuck_wallet_exposure_threshold": 0.2009633764025357,
          "backwards_tp": true,
          "ema_span_0": 3400.6908601697264,
          "ema_span_1": 2874.7736088206602,
          "enabled": true,
          "eprice_exp_base": 1.470653368441586,
          "eprice_pprice_diff": 0.02335527022733334,
          "grid_span": 0.22068524999397784,
          "initial_eprice_ema_dist": -0.005927726321334797,
          "initial_qty_pct": 0.040314005118419004,
          "markup_range": 0.02597680125008846,
          "max_n_entry_orders": 10,
          "min_markup": 0.029665829244458618,
          "n_close_orders": 18,
          "secondary_allocation": 0.08771750566560503,
          "secondary_pprice_diff": 0.3579358927960803,
          "wallet_exposure_limit": 0.1},
 "short": {"auto_unstuck_ema_dist": 0.08077421926091542,
           "auto_unstuck_wallet_exposure_threshold": 0.8320630138474174,
           "backwards_tp": true,
           "ema_span_0": 1103.4806664965554,
           "ema_span_1": 2761.1718432162065,
           "enabled": true,
           "eprice_exp_base": 1.0486325970983288,
           "eprice_pprice_diff": 0.01690707595605443,
           "grid_span": 0.16091893205805552,
           "initial_eprice_ema_dist": -0.08116852573478098,
           "initial_qty_pct": 0.014213209397055091,
           "markup_range": 0.030066645449432442,
           "max_n_entry_orders": 10,
           "min_markup": 0.05806415727569967,
           "n_close_orders": 17,
           "secondary_allocation": 0.19868194039591586,
           "secondary_pprice_diff": 0.14828953789592322,
           "wallet_exposure_limit": 0.1}}