{"config_name": "static_grid_ZILUSDT_171days",
 "logging_level": 0,
 "long": {"auto_unstuck_ema_dist": 0.07615746066450972,
          "auto_unstuck_wallet_exposure_threshold": 0.02562415202394887,
          "backwards_tp": true,
          "ema_span_0": 1888.055359115247,
          "ema_span_1": 3450.226238085089,
          "enabled": true,
          "eprice_exp_base": 1.0854461934193802,
          "eprice_pprice_diff": 0.025219935195600365,
          "grid_span": 0.22413430415567578,
          "initial_eprice_ema_dist": 0,
          "initial_qty_pct": 0.01262189426944517,
          "markup_range": 0.037134171387740195,
          "max_n_entry_orders": 10,
          "min_markup": 0.05219038671723585,
          "n_close_orders": 9,
          "secondary_allocation": 0.5941527010941671,
          "secondary_pprice_diff": 0.11376172106788573,
          "wallet_exposure_limit": 0.1},
 "short": {"auto_unstuck_ema_dist": 0.1,
           "auto_unstuck_wallet_exposure_threshold": 0.712355714364683,
           "backwards_tp": true,
           "ema_span_0": 1858.8323051587056,
           "ema_span_1": 1697.1049615531222,
           "enabled": true,
           "eprice_exp_base": 1.1261059033870513,
           "eprice_pprice_diff": 0.03132599143308016,
           "grid_span": 0.1915949462548622,
           "initial_eprice_ema_dist": -0.035515565167074256,
           "initial_qty_pct": 0.031929009983061356,
           "markup_range": 0.0447766301706074,
           "max_n_entry_orders": 10,
           "min_markup": 0.05461692781161662,
           "n_close_orders": 25,
           "secondary_allocation": 0.16591341736563192,
           "secondary_pprice_diff": 0.2949959276949852,
           "wallet_exposure_limit": 0.1}}