{"config_name": "static_grid_ZILUSDT_210days",
 "logging_level": 0,
 "long": {"auto_unstuck_ema_dist": 0.06798026656200098,
          "auto_unstuck_wallet_exposure_threshold": 0.7325537211706353,
          "backwards_tp": true,
          "ema_span_0": 766.2541974906052,
          "ema_span_1": 3466.2373729713754,
          "enabled": true,
          "eprice_exp_base": 2.0042412714505016,
          "eprice_pprice_diff": 0.004538400123593349,
          "grid_span": 0.23967556656853506,
          "initial_eprice_ema_dist": -0.007634058668794963,
          "initial_qty_pct": 0.041299932216957144,
          "markup_range": 0.02387654464407041,
          "max_n_entry_orders": 10,
          "min_markup": 0.051408557494866794,
          "n_close_orders": 6,
          "secondary_allocation": 0.29955856870476727,
          "secondary_pprice_diff": 0.06998734807326126,
          "wallet_exposure_limit": 0.1},
 "short": {"auto_unstuck_ema_dist": 0.06259054874398415,
           "auto_unstuck_wallet_exposure_threshold": 0.22878612430497514,
           "backwards_tp": true,
           "ema_span_0": 529.3149430519942,
           "ema_span_1": 1702.7891276331607,
           "enabled": true,
           "eprice_exp_base": 1.787095141277397,
           "eprice_pprice_diff": 0.040438870016737134,
           "grid_span": 0.1485414795526822,
           "initial_eprice_ema_dist": -0.041788015760085964,
           "initial_qty_pct": 0.014079826426574403,
           "markup_range": 0.04532735264269382,
           "max_n_entry_orders": 10,
           "min_markup": 0.057735356004722495,
           "n_close_orders": 5,
           "secondary_allocation": 0.1170114535181071,
           "secondary_pprice_diff": 0.10854670528016247,
           "wallet_exposure_limit": 0.1}}