{"config_name": "static_grid_ZILUSDT_213days",
 "logging_level": 0,
 "long": {"auto_unstuck_ema_dist": 0.04694847302903513,
          "auto_unstuck_wallet_exposure_threshold": 0.41549803437076543,
          "backwards_tp": true,
          "ema_span_0": 2761.941844063245,
          "ema_span_1": 9827.031903346659,
          "enabled": true,
          "eprice_exp_base": 1.1093102602318414,
          "eprice_pprice_diff": 0.030178079400495786,
          "grid_span": 0.2585589769720968,
          "initial_eprice_ema_dist": -0.05445115934091545,
          "initial_qty_pct": 0.007,
          "markup_range": 0.0016290311009259234,
          "max_n_entry_orders": 11,
          "min_markup": 0.019315372859146293,
          "n_close_orders": 7,
          "secondary_allocation": 0.005288915013867249,
          "secondary_pprice_diff": 0.20894559917218247,
          "wallet_exposure_limit": 0.1},
 "short": {"auto_unstuck_ema_dist": 0.05101539434691238,
           "auto_unstuck_wallet_exposure_threshold": 0.36109797026852997,
           "backwards_tp": true,
           "ema_span_0": 2158.5169830974787,
           "ema_span_1": 1608.2019133691276,
           "enabled": true,
           "eprice_exp_base": 1.149885464340509,
           "eprice_pprice_diff": 0.00935518105162528,
           "grid_span": 0.24823079006213095,
           "initial_eprice_ema_dist": -0.0980276675600019,
           "initial_qty_pct": 0.007249639407024409,
           "markup_range": 0.009783020152161053,
           "max_n_entry_orders": 13,
           "min_markup": 0.015085328213002328,
           "n_close_orders": 17,
           "secondary_allocation": 0.18322388789268745,
           "secondary_pprice_diff": 0.11288413432098306,
           "wallet_exposure_limit": 0.1}}