{"config_name": "static_grid_ZILUSDT_305days",
 "logging_level": 0,
 "long": {"auto_unstuck_ema_dist": 0.0823701818213101,
          "auto_unstuck_wallet_exposure_threshold": 0.542610731346749,
          "backwards_tp": true,
          "ema_span_0": 3453.5416955283927,
          "ema_span_1": 9306.019144594635,
          "enabled": true,
          "eprice_exp_base": 1.422081408484883,
          "eprice_pprice_diff": 0.02900427603057593,
          "grid_span": 0.24124004798219498,
          "initial_eprice_ema_dist": -0.05223719155978296,
          "initial_qty_pct": 0.007,
          "markup_range": 0.011536974835902136,
          "max_n_entry_orders": 12,
          "min_markup": 0.018358944060432023,
          "n_close_orders": 12,
          "secondary_allocation": 0.31065010868967174,
          "secondary_pprice_diff": 0.2326415109823059,
          "wallet_exposure_limit": 0.1},
 "short": {"auto_unstuck_ema_dist": 0.0006341171760634997,
           "auto_unstuck_wallet_exposure_threshold": 0.18757627852804654,
           "backwards_tp": true,
           "ema_span_0": 645.3408315991395,
           "ema_span_1": 10080,
           "enabled": true,
           "eprice_exp_base": 1.2195887777603076,
           "eprice_pprice_diff": 0.013335345404323077,
           "grid_span": 0.6456152710342248,
           "initial_eprice_ema_dist": -0.032323007545181845,
           "initial_qty_pct": 0.007207279969703635,
           "markup_range": 0.026964418317320073,
           "max_n_entry_orders": 12,
           "min_markup": 0.015687014762183652,
           "n_close_orders": 13,
           "secondary_allocation": 0.3816377878248295,
           "secondary_pprice_diff": 0.25746833425290355,
           "wallet_exposure_limit": 0.1}}