{"config_name": "static_grid_ZILUSDT_278days",
 "logging_level": 0,
 "long": {"auto_unstuck_ema_dist": 0.09442882164445808,
          "auto_unstuck_wallet_exposure_threshold": 0.4119069565622249,
          "backwards_tp": true,
          "ema_span_0": 4069.1563029931845,
          "ema_span_1": 8902.865117459025,
          "enabled": true,
          "eprice_exp_base": 1.432851765213171,
          "eprice_pprice_diff": 0.028172124285781284,
          "grid_span": 0.2392388791099422,
          "initial_eprice_ema_dist": -0.05094300348694892,
          "initial_qty_pct": 0.007125171300429881,
          "markup_range": 0.01607390385494941,
          "max_n_entry_orders": 11,
          "min_markup": 0.011767619180437576,
          "n_close_orders": 15,
          "secondary_allocation": 0.2441935183797603,
          "secondary_pprice_diff": 0.33484497845790806,
          "wallet_exposure_limit": 0.1},
 "short": {"auto_unstuck_ema_dist": 0.04862562124538902,
           "auto_unstuck_wallet_exposure_threshold": 0.3118526868925792,
           "backwards_tp": true,
           "ema_span_0": 3257.2681090960527,
           "ema_span_1": 9403.304432882162,
           "enabled": true,
           "eprice_exp_base": 1.2717608649047993,
           "eprice_pprice_diff": 0.011269916519060171,
           "grid_span": 0.49863038424970063,
           "initial_eprice_ema_dist": -0.0011820712598236264,
           "initial_qty_pct": 0.007,
           "markup_range": 0.01814810426071317,
           "max_n_entry_orders": 12,
           "min_markup": 0.019603030635236135,
           "n_close_orders": 16,
           "secondary_allocation": 0.47547638401682846,
           "secondary_pprice_diff": 0.287783525740792,
           "wallet_exposure_limit": 0.1}}