{"config_name": "static_grid_ZILUSDT_156days",
 "logging_level": 0,
 "long": {"auto_unstuck_ema_dist": 0.08064446888646748,
          "auto_unstuck_wallet_exposure_threshold": 0.021977886806436954,
          "backwards_tp": true,
          "ema_span_0": 1525.0456158662798,
          "ema_span_1": 4340.357674659075,
          "enabled": true,
          "eprice_exp_base": 1.049001642227569,
          "eprice_pprice_diff": 0.03935560775960056,
          "grid_span": 0.17364568794381124,
          "initial_eprice_ema_dist": -0.025105018461831673,
          "initial_qty_pct": 0.013640467390881813,
          "markup_range": 0.05099908698129552,
          "max_n_entry_orders": 10,
          "min_markup": 0.058951163739103425,
          "n_close_orders": 11,
          "secondary_allocation": 0.2991346642959178,
          "secondary_pprice_diff": 0.0838228596276583,
          "wallet_exposure_limit": 0.1},
 "short": {"auto_unstuck_ema_dist": 0.09312158403482458,
           "auto_unstuck_wallet_exposure_threshold": 0.8035677633733836,
           "backwards_tp": true,
           "ema_span_0": 1371.17243697099,
           "ema_span_1": 2279.2465786500356,
           "enabled": true,
           "eprice_exp_base": 1.5866451211313586,
           "eprice_pprice_diff": 0.010392809000612539,
           "grid_span": 0.26521694935242146,
           "initial_eprice_ema_dist": -0.0947611095250284,
           "initial_qty_pct": 0.04377181253351059,
           "markup_range": 0.04072900934400264,
           "max_n_entry_orders": 10,
           "min_markup": 0.06,
           "n_close_orders": 5,
           "secondary_allocation": 0.07943099180327257,
           "secondary_pprice_diff": 0.23867905454487728,
           "wallet_exposure_limit": 0.1}}