{"config_name": "static_grid_ZILUSDT_251days",
 "logging_level": 0,
 "long": {"auto_unstuck_ema_dist": 0.04892792810697662,
          "auto_unstuck_wallet_exposure_threshold": 0.553362045932687,
          "backwards_tp": true,
          "ema_span_0": 2384.3719225072305,
          "ema_span_1": 9056.506184824477,
          "enabled": true,
          "eprice_exp_base": 1.1310627938612758,
          "eprice_pprice_diff": 0.028968697442787836,
          "grid_span": 0.24398514390711346,
          "initial_eprice_ema_dist": -0.05561977578930247,
          "initial_qty_pct": 0.007,
          "markup_range": 0.01281977044831978,
          "max_n_entry_orders": 12,
          "min_markup": 0.009461483814753896,
          "n_close_orders": 12,
          "secondary_allocation": 0.2564644727033694,
          "secondary_pprice_diff": 0.14186236554053597,
          "wallet_exposure_limit": 0.1},
 "short": {"auto_unstuck_ema_dist": 0.06533658962312197,
           "auto_unstuck_wallet_exposure_threshold": 0.41186789905898147,
           "backwards_tp": true,
           "ema_span_0": 1218.1867756747417,
           "ema_span_1": 3686.429680919724,
           "enabled": true,
           "eprice_exp_base": 1.8767577357776501,
           "eprice_pprice_diff": 0.009543301372134444,
           "grid_span": 0.7,
           "initial_eprice_ema_dist": -0.008859083267737796,
           "initial_qty_pct": 0.007170119704246565,
           "markup_range": 0.031876770447533696,
           "max_n_entry_orders": 11,
           "min_markup": 0.012761792153753823,
           "n_close_orders": 12,
           "secondary_allocation": 0.2954627976145743,
           "secondary_pprice_diff": 0.07535206334163935,
           "wallet_exposure_limit": 0.1}}