{"config_name": "static_grid_ZILUSDT_334days",
 "logging_level": 0,
 "long": {"auto_unstuck_ema_dist": 0.026462587780115253,
          "auto_unstuck_wallet_exposure_threshold": 0.12439069157792888,
          "backwards_tp": true,
          "ema_span_0": 3651.19985553203,
          "ema_span_1": 10080,
          "enabled": true,
          "eprice_exp_base": 1.0300505955630024,
          "eprice_pprice_diff": 0.03737108052223527,
          "grid_span": 0.2535816610114068,
          "initial_eprice_ema_dist": -0.0403270254068413,
          "initial_qty_pct": 0.012046811799783796,
          "markup_range": 0.0045154445840632955,
          "max_n_entry_orders": 13,
          "min_markup": 0.01963617785788866,
          "n_close_orders": 9,
          "secondary_allocation": 0.0775819606152969,
          "secondary_pprice_diff": 0.23260745498299218,
          "wallet_exposure_limit": 0.1},
 "short": {"auto_unstuck_ema_dist": 0.09271354549356725,
           "auto_unstuck_wallet_exposure_threshold": 0.5306199087962715,
           "backwards_tp": true,
           "ema_span_0": 2896.5014642898286,
           "ema_span_1": 9820.064442686604,
           "enabled": true,
           "eprice_exp_base": 1.220875649328762,
           "eprice_pprice_diff": 0.01908476742751139,
           "grid_span": 0.642817052870229,
           "initial_eprice_ema_dist": -0.042032964256734875,
           "initial_qty_pct": 0.009925005250009885,
           "markup_range": 0.02171572830461548,
           "max_n_entry_orders": 13,
           "min_markup": 0.014406651319677206,
           "n_close_orders": 16,
           "secondary_allocation": 0.4708214453828031,
           "secondary_pprice_diff": 0.0754174008450915,
           "wallet_exposure_limit": 0.1}}