{"config_name": "static_grid_ZILUSDT_150days",
 "logging_level": 0,
 "long": {"auto_unstuck_ema_dist": 0.0853829984970892,
          "auto_unstuck_wallet_exposure_threshold": 0.016308720221537953,
          "backwards_tp": true,
          "ema_span_0": 1598.7365294242004,
          "ema_span_1": 3153.2755901328474,
          "enabled": true,
          "eprice_exp_base": 1.4259980972636135,
          "eprice_pprice_diff": 0.01752895550828244,
          "grid_span": 0.21521638422157605,
          "initial_eprice_ema_dist": -0.006415145633745414,
          "initial_qty_pct": 0.03041948604806901,
          "markup_range": 0.010468894143050047,
          "max_n_entry_orders": 10,
          "min_markup": 0.048094900869683134,
          "n_close_orders": 11,
          "secondary_allocation": 0.3726126266499437,
          "secondary_pprice_diff": 0.06026390620950823,
          "wallet_exposure_limit": 0.1},
 "short": {"auto_unstuck_ema_dist": 0.09968133152664713,
           "auto_unstuck_wallet_exposure_threshold": 0.7565459397046702,
           "backwards_tp": true,
           "ema_span_0": 1721.9406222819368,
           "ema_span_1": 1634.1957889058485,
           "enabled": true,
           "eprice_exp_base": 2.0665630678897395,
           "eprice_pprice_diff": 0.0030648253590900973,
           "grid_span": 0.29217020852950654,
           "initial_eprice_ema_dist": -0.03584876636824121,
           "initial_qty_pct": 0.03885078722852416,
           "markup_range": 0.038170343810675016,
           "max_n_entry_orders": 10,
           "min_markup": 0.05968536832554205,
           "n_close_orders": 17,
           "secondary_allocation": 0.2277417832411369,
           "secondary_pprice_diff": 0.2480743483748597,
           "wallet_exposure_limit": 0.1}}