{"config_name": "static_grid_1000XECUSDT_229days",
 "logging_level": 0,
 "long": {"auto_unstuck_ema_dist": 0.06456922567300319,
          "auto_unstuck_wallet_exposure_threshold": 0.538303014008269,
          "backwards_tp": true,
          "ema_span_0": 1675.5319422984683,
          "ema_span_1": 9464.89983375717,
          "enabled": true,
          "eprice_exp_base": 1.208776605779037,
          "eprice_pprice_diff": 0.03311479495589551,
          "grid_span": 0.21997752728305228,
          "initial_eprice_ema_dist": -0.0019414113334302514,
          "initial_qty_pct": 0.009785731512477337,
          "markup_range": 0.018496872140779014,
          "max_n_entry_orders": 12,
          "min_markup": 0.014329126784786992,
          "n_close_orders": 14,
          "secondary_allocation": 0,
          "secondary_pprice_diff": 0.16347838359833272,
          "wallet_exposure_limit": 0.1},
 "short": {"auto_unstuck_ema_dist": 0.016950553163390794,
           "auto_unstuck_wallet_exposure_threshold": 0.36884980078468776,
           "backwards_tp": true,
           "ema_span_0": 1285.290686742188,
           "ema_span_1": 3789.2375645757534,
           "enabled": true,
           "eprice_exp_base": 1.3780084795834886,
           "eprice_pprice_diff": 0.011289741270328906,
           "grid_span": 0.18962010036163035,
           "initial_eprice_ema_dist": -0.04795390862024453,
           "initial_qty_pct": 0.009762704239951635,
           "markup_range": 0.008082624829065053,
           "max_n_entry_orders": 12,
           "min_markup": 0.01766278707586118,
           "n_close_orders": 12,
           "secondary_allocation": 0.23531098355684094,
           "secondary_pprice_diff": 0.3107985868372424,
           "wallet_exposure_limit": 0.1}}