{"config_name": "static_grid_1000XECUSDT_318days",
 "logging_level": 0,
 "long": {"auto_unstuck_ema_dist": 0.055685923631036,
          "auto_unstuck_wallet_exposure_threshold": 0.5673814490654973,
          "backwards_tp": true,
          "ema_span_0": 1129.6198680419284,
          "ema_span_1": 8226.66436847119,
          "enabled": true,
          "eprice_exp_base": 1.1074652498087192,
          "eprice_pprice_diff": 0.028889283021920144,
          "grid_span": 0.2164288427788198,
          "initial_eprice_ema_dist": -0.00791732511042646,
          "initial_qty_pct": 0.007978785885085484,
          "markup_range": 0.013319564595434874,
          "max_n_entry_orders": 12,
          "min_markup": 0.015451084600004343,
          "n_close_orders": 8,
          "secondary_allocation": 0,
          "secondary_pprice_diff": 0.16215291380830552,
          "wallet_exposure_limit": 0.1},
 "short": {"auto_unstuck_ema_dist": 0.04201067220615015,
           "auto_unstuck_wallet_exposure_threshold": 0.4017973400792497,
           "backwards_tp": true,
           "ema_span_0": 3474.092335094029,
           "ema_span_1": 7289.190048721158,
           "enabled": true,
           "eprice_exp_base": 1.082899669732947,
           "eprice_pprice_diff": 0.007278093510254007,
           "grid_span": 0.18562043389973393,
           "initial_eprice_ema_dist": -0.006316748863313362,
           "initial_qty_pct": 0.007,
           "markup_range": 0.009836878338290651,
           "max_n_entry_orders": 11,
           "min_markup": 0.010323430387233264,
           "n_close_orders": 8,
           "secondary_allocation": 0.17816045457058388,
           "secondary_pprice_diff": 0.06668797843738265,
           "wallet_exposure_limit": 0.1}}