{"config_name": "static_grid_1000XECUSDT_208days",
 "logging_level": 0,
 "long": {"auto_unstuck_ema_dist": 0.0998166908490104,
          "auto_unstuck_wallet_exposure_threshold": 0.02872566743045487,
          "backwards_tp": true,
          "ema_span_0": 600.7255200034344,
          "ema_span_1": 9961.279526420252,
          "enabled": true,
          "eprice_exp_base": 1.9487772848340383,
          "eprice_pprice_diff": 0.038949017595414206,
          "grid_span": 0.2091507441132029,
          "initial_eprice_ema_dist": -0.037237919081862185,
          "initial_qty_pct": 0.01697543435827009,
          "markup_range": 0.009705596995360046,
          "max_n_entry_orders": 10,
          "min_markup": 0.048189929746481376,
          "n_close_orders": 12,
          "secondary_allocation": 0.015114526302360366,
          "secondary_pprice_diff": 0.27108750345207105,
          "wallet_exposure_limit": 0.1},
 "short": {"auto_unstuck_ema_dist": 0.06456709595480858,
           "auto_unstuck_wallet_exposure_threshold": 0.8327918494127942,
           "backwards_tp": true,
           "ema_span_0": 2449.782552590012,
           "ema_span_1": 3876.408376198214,
           "enabled": true,
           "eprice_exp_base": 1.700611929469417,
           "eprice_pprice_diff": 0.04440498107935428,
           "grid_span": 0.2944864313614722,
           "initial_eprice_ema_dist": -0.05268883488363865,
           "initial_qty_pct": 0.029289215400138152,
           "markup_range": 0.046779949647450636,
           "max_n_entry_orders": 10,
           "min_markup": 0.06,
           "n_close_orders": 11,
           "secondary_allocation": 0.08846020973900304,
           "secondary_pprice_diff": 0.20876950357185495,
           "wallet_exposure_limit": 0.1}}