{"config_name": "static_grid_1000XECUSDT_103days",
 "logging_level": 0,
 "long": {"auto_unstuck_ema_dist": 0.048048576079856756,
          "auto_unstuck_wallet_exposure_threshold": 0.3089295040594645,
          "backwards_tp": true,
          "ema_span_0": 3411.4301258269584,
          "ema_span_1": 9338.361771133272,
          "enabled": true,
          "eprice_exp_base": 1.2636800186972508,
          "eprice_pprice_diff": 0.005416351574893728,
          "grid_span": 0.2680084426989612,
          "initial_eprice_ema_dist": 0,
          "initial_qty_pct": 0.04084094901209327,
          "markup_range": 0.008054915852867196,
          "max_n_entry_orders": 10,
          "min_markup": 0.05428317099854483,
          "n_close_orders": 29,
          "secondary_allocation": 0.3505129526155693,
          "secondary_pprice_diff": 0.09102228973858094,
          "wallet_exposure_limit": 0.1},
 "short": {"auto_unstuck_ema_dist": 0.06197305742412919,
           "auto_unstuck_wallet_exposure_threshold": 0.831450936059806,
           "backwards_tp": true,
           "ema_span_0": 3462.5291385737237,
           "ema_span_1": 4199.321467824339,
           "enabled": true,
           "eprice_exp_base": 2.0236776173488726,
           "eprice_pprice_diff": 0.04059918000216207,
           "grid_span": 0.3590366877427681,
           "initial_eprice_ema_dist": -0.059903302990772476,
           "initial_qty_pct": 0.03348653558851677,
           "markup_range": 0.06,
           "max_n_entry_orders": 10,
           "min_markup": 0.058982404790439286,
           "n_close_orders": 20,
           "secondary_allocation": 0.19674964358855127,
           "secondary_pprice_diff": 0.4249868311447572,
           "wallet_exposure_limit": 0.1}}