{"config_name": "static_grid_1000XECUSDT_169days",
 "logging_level": 0,
 "long": {"auto_unstuck_ema_dist": 0.09613916857029634,
          "auto_unstuck_wallet_exposure_threshold": 0.2932640357849271,
          "backwards_tp": true,
          "ema_span_0": 527.5716319908811,
          "ema_span_1": 7921.303605510123,
          "enabled": true,
          "eprice_exp_base": 1.933705481753269,
          "eprice_pprice_diff": 0.006851836461021005,
          "grid_span": 0.12120940502816804,
          "initial_eprice_ema_dist": -0.0172978511410224,
          "initial_qty_pct": 0.03586245817999893,
          "markup_range": 0.03858268611546264,
          "max_n_entry_orders": 10,
          "min_markup": 0.05869681317688996,
          "n_close_orders": 19,
          "secondary_allocation": 0.5348200791156202,
          "secondary_pprice_diff": 0.1835232448791598,
          "wallet_exposure_limit": 0.1},
 "short": {"auto_unstuck_ema_dist": 0.06218433535473624,
           "auto_unstuck_wallet_exposure_threshold": 0.8330444390586637,
           "backwards_tp": true,
           "ema_span_0": 2101.764903223805,
           "ema_span_1": 4016.9643726845743,
           "enabled": true,
           "eprice_exp_base": 2.012928619838452,
           "eprice_pprice_diff": 0.045514978220105425,
           "grid_span": 0.16992864801942503,
           "initial_eprice_ema_dist": -0.05120159687407419,
           "initial_qty_pct": 0.0359441462985019,
           "markup_range": 0.04914068091230647,
           "max_n_entry_orders": 10,
           "min_markup": 0.05141383361149505,
           "n_close_orders": 10,
           "secondary_allocation": 0.5633102532901065,
           "secondary_pprice_diff": 0.09816195987811331,
           "wallet_exposure_limit": 0.1}}