{"config_name": "static_grid_1000XECUSDT_261days",
 "logging_level": 0,
 "long": {"auto_unstuck_ema_dist": 0.06534745889762947,
          "auto_unstuck_wallet_exposure_threshold": 0.3767320912349847,
          "backwards_tp": true,
          "ema_span_0": 3155.066691210491,
          "ema_span_1": 8387.979411892966,
          "enabled": true,
          "eprice_exp_base": 1.0787974738595254,
          "eprice_pprice_diff": 0.03253470790311528,
          "grid_span": 0.21686102896634923,
          "initial_eprice_ema_dist": -0.008015121569195136,
          "initial_qty_pct": 0.008085956067693134,
          "markup_range": 0.03341947887492479,
          "max_n_entry_orders": 12,
          "min_markup": 0.008388309686630803,
          "n_close_orders": 18,
          "secondary_allocation": 0.0960024849949685,
          "secondary_pprice_diff": 0.05931103768655396,
          "wallet_exposure_limit": 0.1},
 "short": {"auto_unstuck_ema_dist": 0.00797737288249603,
           "auto_unstuck_wallet_exposure_threshold": 0.5501036660256329,
           "backwards_tp": true,
           "ema_span_0": 1041.7057137221752,
           "ema_span_1": 2282.383324672853,
           "enabled": true,
           "eprice_exp_base": 1.4122439589516573,
           "eprice_pprice_diff": 0.011453110825628512,
           "grid_span": 0.278050187989129,
           "initial_eprice_ema_dist": -0.02146164958304343,
           "initial_qty_pct": 0.008761578778411657,
           "markup_range": 0.00760713502787308,
           "max_n_entry_orders": 11,
           "min_markup": 0.01765706300596844,
           "n_close_orders": 17,
           "secondary_allocation": 0,
           "secondary_pprice_diff": 0.399220651092035,
           "wallet_exposure_limit": 0.1}}