{"config_name": "static_grid_1000XECUSDT_208days",
 "logging_level": 0,
 "long": {"auto_unstuck_ema_dist": 0.08764145418279089,
          "auto_unstuck_wallet_exposure_threshold": 0.18263159428301576,
          "backwards_tp": true,
          "ema_span_0": 3965.6386998424414,
          "ema_span_1": 8539.501646442755,
          "enabled": true,
          "eprice_exp_base": 2.0559328969409796,
          "eprice_pprice_diff": 0.0411362124094394,
          "grid_span": 0.2239830225067648,
          "initial_eprice_ema_dist": -0.07621151663234432,
          "initial_qty_pct": 0.0258038856968357,
          "markup_range": 0.028659873834869537,
          "max_n_entry_orders": 10,
          "min_markup": 0.04413789796286856,
          "n_close_orders": 7,
          "secondary_allocation": 0.028949245483236023,
          "secondary_pprice_diff": 0.08347269401236063,
          "wallet_exposure_limit": 0.1},
 "short": {"auto_unstuck_ema_dist": 0.049980731928434385,
           "auto_unstuck_wallet_exposure_threshold": 0.7565634498572678,
           "backwards_tp": true,
           "ema_span_0": 3957.761085780097,
           "ema_span_1": 1560.9081464148553,
           "enabled": true,
           "eprice_exp_base": 1.5719709552190266,
           "eprice_pprice_diff": 0.04284056078719065,
           "grid_span": 0.41816044503825156,
           "initial_eprice_ema_dist": -0.05604831207208615,
           "initial_qty_pct": 0.03182119604476284,
           "markup_range": 0.053831149137742756,
           "max_n_entry_orders": 10,
           "min_markup": 0.058496589232712386,
           "n_close_orders": 22,
           "secondary_allocation": 0.21983004137121276,
           "secondary_pprice_diff": 0.19888800778045496,
           "wallet_exposure_limit": 0.1}}