{"config_name": "static_grid_1000XECUSDT_211days",
 "logging_level": 0,
 "long": {"auto_unstuck_ema_dist": 0.03781039299594103,
          "auto_unstuck_wallet_exposure_threshold": 0.5139518896760124,
          "backwards_tp": true,
          "ema_span_0": 999.6929888476313,
          "ema_span_1": 9232.805740931308,
          "enabled": true,
          "eprice_exp_base": 1.037354847465354,
          "eprice_pprice_diff": 0.027155049397736653,
          "grid_span": 0.21541941285595306,
          "initial_eprice_ema_dist": -0.0494846408807235,
          "initial_qty_pct": 0.007,
          "markup_range": 0.019112151677669928,
          "max_n_entry_orders": 12,
          "min_markup": 0.013821978756354911,
          "n_close_orders": 19,
          "secondary_allocation": 0.022606976084137684,
          "secondary_pprice_diff": 0.3426590993621201,
          "wallet_exposure_limit": 0.1},
 "short": {"auto_unstuck_ema_dist": 0.048048339175096634,
           "auto_unstuck_wallet_exposure_threshold": 0.06608070257727519,
           "backwards_tp": true,
           "ema_span_0": 458.0766246396235,
           "ema_span_1": 5662.978110621494,
           "enabled": true,
           "eprice_exp_base": 1.1236991947510186,
           "eprice_pprice_diff": 0.003817678328044591,
           "grid_span": 0.18334405349264918,
           "initial_eprice_ema_dist": -0.004025247148135,
           "initial_qty_pct": 0.010771184271475102,
           "markup_range": 0.010284406282833877,
           "max_n_entry_orders": 11,
           "min_markup": 0.018402207547147262,
           "n_close_orders": 16,
           "secondary_allocation": 0.005721291998775109,
           "secondary_pprice_diff": 0.4033773097331624,
           "wallet_exposure_limit": 0.1}}