{"config_name": "static_grid_1000XECUSDT_148days",
 "logging_level": 0,
 "long": {"auto_unstuck_ema_dist": 0.08378607228666292,
          "auto_unstuck_wallet_exposure_threshold": 0.05942779932166775,
          "backwards_tp": true,
          "ema_span_0": 3785.3614315725777,
          "ema_span_1": 7844.015370710808,
          "enabled": true,
          "eprice_exp_base": 1.1371877228988763,
          "eprice_pprice_diff": 0.012616194856872175,
          "grid_span": 0.2436042286413222,
          "initial_eprice_ema_dist": -0.08464784123738872,
          "initial_qty_pct": 0.011484940346397621,
          "markup_range": 0.032021340776947474,
          "max_n_entry_orders": 10,
          "min_markup": 0.05529794131299934,
          "n_close_orders": 15,
          "secondary_allocation": 0.43434731354226147,
          "secondary_pprice_diff": 0.0629912602648297,
          "wallet_exposure_limit": 0.1},
 "short": {"auto_unstuck_ema_dist": 0.055798936372583895,
           "auto_unstuck_wallet_exposure_threshold": 0.9063391674931404,
           "backwards_tp": true,
           "ema_span_0": 2569.209663096495,
           "ema_span_1": 3343.1881234629395,
           "enabled": true,
           "eprice_exp_base": 2.1,
           "eprice_pprice_diff": 0.018071936638994174,
           "grid_span": 0.16159852557594329,
           "initial_eprice_ema_dist": -0.01307208310149523,
           "initial_qty_pct": 0.011463950780169275,
           "markup_range": 0.031520349328399755,
           "max_n_entry_orders": 10,
           "min_markup": 0.05885981349619876,
           "n_close_orders": 15,
           "secondary_allocation": 0.3994571175324612,
           "secondary_pprice_diff": 0.1914565037833915,
           "wallet_exposure_limit": 0.1}}