{"config_name": "static_grid_1000XECUSDT_331days",
 "logging_level": 0,
 "long": {"auto_unstuck_ema_dist": 0.09757416948583432,
          "auto_unstuck_wallet_exposure_threshold": 0.42918767364367477,
          "backwards_tp": true,
          "ema_span_0": 3300.7805649762226,
          "ema_span_1": 6022.709435814401,
          "enabled": true,
          "eprice_exp_base": 1.1937050496770607,
          "eprice_pprice_diff": 0.03200158888115665,
          "grid_span": 0.23203825680474732,
          "initial_eprice_ema_dist": 0,
          "initial_qty_pct": 0.007,
          "markup_range": 0.03241907434689285,
          "max_n_entry_orders": 10,
          "min_markup": 0.019246759459714737,
          "n_close_orders": 18,
          "secondary_allocation": 0.10159202302042025,
          "secondary_pprice_diff": 0.3826490360727296,
          "wallet_exposure_limit": 0.1},
 "short": {"auto_unstuck_ema_dist": 0.006797038696292158,
           "auto_unstuck_wallet_exposure_threshold": 0.31306394799592596,
           "backwards_tp": true,
           "ema_span_0": 4320,
           "ema_span_1": 7473.371336088625,
           "enabled": true,
           "eprice_exp_base": 1.0332929348166624,
           "eprice_pprice_diff": 0.01456812948171962,
           "grid_span": 0.1,
           "initial_eprice_ema_dist": -0.011602875902316923,
           "initial_qty_pct": 0.009582850434374613,
           "markup_range": 0.00886883550418984,
           "max_n_entry_orders": 12,
           "min_markup": 0.015598715444650635,
           "n_close_orders": 20,
           "secondary_allocation": 0.40362956562632246,
           "secondary_pprice_diff": 0.07977340598855084,
           "wallet_exposure_limit": 0.1}}