{"config_name": "static_grid_1000XECUSDT_217days",
 "logging_level": 0,
 "long": {"auto_unstuck_ema_dist": 0.09568432526716401,
          "auto_unstuck_wallet_exposure_threshold": 0.12260913029853103,
          "backwards_tp": true,
          "ema_span_0": 1598.5361550324462,
          "ema_span_1": 10080,
          "enabled": true,
          "eprice_exp_base": 1.9205341342611335,
          "eprice_pprice_diff": 0.011888103531336666,
          "grid_span": 0.18201629551510423,
          "initial_eprice_ema_dist": -0.005373947751475072,
          "initial_qty_pct": 0.03495841432157097,
          "markup_range": 0.005472418124440621,
          "max_n_entry_orders": 10,
          "min_markup": 0.05359680290922865,
          "n_close_orders": 9,
          "secondary_allocation": 0.4029968921342376,
          "secondary_pprice_diff": 0.09967189487334804,
          "wallet_exposure_limit": 0.1},
 "short": {"auto_unstuck_ema_dist": 0.06305646553618978,
           "auto_unstuck_wallet_exposure_threshold": 0.8325185886055498,
           "backwards_tp": true,
           "ema_span_0": 2734.4129148203247,
           "ema_span_1": 3904.8540927303197,
           "enabled": true,
           "eprice_exp_base": 2.0498419004075727,
           "eprice_pprice_diff": 0.04871308550782093,
           "grid_span": 0.3618232711310245,
           "initial_eprice_ema_dist": -0.05996137604830811,
           "initial_qty_pct": 0.03953303191508256,
           "markup_range": 0.04813482570179066,
           "max_n_entry_orders": 10,
           "min_markup": 0.057603970509384185,
           "n_close_orders": 30,
           "secondary_allocation": 0.31872259080739496,
           "secondary_pprice_diff": 0.39126709443958324,
           "wallet_exposure_limit": 0.1}}