{"config_name": "static_grid_1000XECUSDT_81days",
 "logging_level": 0,
 "long": {"auto_unstuck_ema_dist": 0.04498878525422429,
          "auto_unstuck_wallet_exposure_threshold": 1,
          "backwards_tp": true,
          "ema_span_0": 1709.5628466157427,
          "ema_span_1": 8445.749531860685,
          "enabled": true,
          "eprice_exp_base": 1.857716587041336,
          "eprice_pprice_diff": 0.010077515769832342,
          "grid_span": 0.5553415351167023,
          "initial_eprice_ema_dist": -0.03406897010835536,
          "initial_qty_pct": 0.011773959762464585,
          "markup_range": 0.06,
          "max_n_entry_orders": 10,
          "min_markup": 0.06,
          "n_close_orders": 4,
          "secondary_allocation": 0.07524152698958138,
          "secondary_pprice_diff": 0.23551992414118791,
          "wallet_exposure_limit": 0.1},
 "short": {"auto_unstuck_ema_dist": 0.05272389083799749,
           "auto_unstuck_wallet_exposure_threshold": 0.9604613218902771,
           "backwards_tp": true,
           "ema_span_0": 3152.109539905051,
           "ema_span_1": 5243.765971211958,
           "enabled": true,
           "eprice_exp_base": 1.968815598046462,
           "eprice_pprice_diff": 0.04937511857577661,
           "grid_span": 0.31221668881401815,
           "initial_eprice_ema_dist": -0.05230272506441525,
           "initial_qty_pct": 0.025362203203058844,
           "markup_range": 0.06,
           "max_n_entry_orders": 10,
           "min_markup": 0.06,
           "n_close_orders": 22,
           "secondary_allocation": 0.0031036817886854417,
           "secondary_pprice_diff": 0.4035866344304875,
           "wallet_exposure_limit": 0.1}}