{"config_name": "static_grid_1000XECUSDT_301days",
 "logging_level": 0,
 "long": {"auto_unstuck_ema_dist": 0.07408142967013459,
          "auto_unstuck_wallet_exposure_threshold": 0.2582764535119725,
          "backwards_tp": true,
          "ema_span_0": 1291.8161233567016,
          "ema_span_1": 6801.761516530588,
          "enabled": true,
          "eprice_exp_base": 1.0834748681387898,
          "eprice_pprice_diff": 0.02803055391127982,
          "grid_span": 0.21228345364215195,
          "initial_eprice_ema_dist": -0.014641499745642245,
          "initial_qty_pct": 0.0074764707361468325,
          "markup_range": 0.00203033706099534,
          "max_n_entry_orders": 13,
          "min_markup": 0.016399376747308753,
          "n_close_orders": 14,
          "secondary_allocation": 0.0608230738184677,
          "secondary_pprice_diff": 0.29113590878532275,
          "wallet_exposure_limit": 0.1},
 "short": {"auto_unstuck_ema_dist": 0.05062220528035133,
           "auto_unstuck_wallet_exposure_threshold": 0.5126585673628486,
           "backwards_tp": true,
           "ema_span_0": 4081.018293149157,
           "ema_span_1": 4314.034844552629,
           "enabled": true,
           "eprice_exp_base": 1.1404209037029607,
           "eprice_pprice_diff": 0.013759978770988892,
           "grid_span": 0.20172312558648275,
           "initial_eprice_ema_dist": -0.007884377816976212,
           "initial_qty_pct": 0.009240385024298064,
           "markup_range": 0.007608824204245124,
           "max_n_entry_orders": 9,
           "min_markup": 0.018704970548094585,
           "n_close_orders": 8,
           "secondary_allocation": 0.12268305286285548,
           "secondary_pprice_diff": 0.15830803650856734,
           "wallet_exposure_limit": 0.1}}