{"config_name": "static_grid_1000XECUSDT_230days",
 "logging_level": 0,
 "long": {"auto_unstuck_ema_dist": 0,
          "auto_unstuck_wallet_exposure_threshold": 0.47507185970308663,
          "backwards_tp": true,
          "ema_span_0": 1116.8448431356887,
          "ema_span_1": 8967.637879475691,
          "enabled": true,
          "eprice_exp_base": 1.2614676211466889,
          "eprice_pprice_diff": 0.012726952681941926,
          "grid_span": 0.23131679881665443,
          "initial_eprice_ema_dist": -0.022976655440085175,
          "initial_qty_pct": 0.007,
          "markup_range": 0.0014260715148596901,
          "max_n_entry_orders": 12,
          "min_markup": 0.01691306987632219,
          "n_close_orders": 16,
          "secondary_allocation": 0.08814931589738728,
          "secondary_pprice_diff": 0.10507110827831934,
          "wallet_exposure_limit": 0.1},
 "short": {"auto_unstuck_ema_dist": 0.020061487348095697,
           "auto_unstuck_wallet_exposure_threshold": 0.5457694465770294,
           "backwards_tp": true,
           "ema_span_0": 1310.9401406426325,
           "ema_span_1": 3106.9820711204547,
           "enabled": true,
           "eprice_exp_base": 1.1644848227347304,
           "eprice_pprice_diff": 0.011572186727647583,
           "grid_span": 0.18162712776847506,
           "initial_eprice_ema_dist": -0.03399583680294939,
           "initial_qty_pct": 0.01145961125472314,
           "markup_range": 0.01184544024577896,
           "max_n_entry_orders": 12,
           "min_markup": 0.013643402728598241,
           "n_close_orders": 16,
           "secondary_allocation": 0.2705710651862181,
           "secondary_pprice_diff": 0.14965511035859336,
           "wallet_exposure_limit": 0.1}}