{"config_name": "static_grid_1000XECUSDT_249days",
 "logging_level": 0,
 "long": {"auto_unstuck_ema_dist": 0.058546522286571014,
          "auto_unstuck_wallet_exposure_threshold": 0.520058548020299,
          "backwards_tp": true,
          "ema_span_0": 1670.1151599186207,
          "ema_span_1": 7536.4726053662,
          "enabled": true,
          "eprice_exp_base": 1.0613711947943034,
          "eprice_pprice_diff": 0.025027399233521073,
          "grid_span": 0.23283976608933438,
          "initial_eprice_ema_dist": -0.006169374280205763,
          "initial_qty_pct": 0.007605894482336055,
          "markup_range": 0.022206613509611627,
          "max_n_entry_orders": 13,
          "min_markup": 0.007793454108263952,
          "n_close_orders": 19,
          "secondary_allocation": 0.024047873293605755,
          "secondary_pprice_diff": 0.23241693461570262,
          "wallet_exposure_limit": 0.1},
 "short": {"auto_unstuck_ema_dist": 0.04652666216670244,
           "auto_unstuck_wallet_exposure_threshold": 0.38826462582799076,
           "backwards_tp": true,
           "ema_span_0": 3502.402955207765,
           "ema_span_1": 3445.6639377351476,
           "enabled": true,
           "eprice_exp_base": 1.1580501937874874,
           "eprice_pprice_diff": 0.011186885039014193,
           "grid_span": 0.21733011594461324,
           "initial_eprice_ema_dist": -0.08946186709233621,
           "initial_qty_pct": 0.0073539127480017384,
           "markup_range": 0.00661794528582897,
           "max_n_entry_orders": 12,
           "min_markup": 0.01636061873357943,
           "n_close_orders": 17,
           "secondary_allocation": 0.0881165794747442,
           "secondary_pprice_diff": 0.10006099468169219,
           "wallet_exposure_limit": 0.1}}