{"config_name": "static_grid_1000XECUSDT_166days",
 "logging_level": 0,
 "long": {"auto_unstuck_ema_dist": 0.06845160411396102,
          "auto_unstuck_wallet_exposure_threshold": 0.41436919689321516,
          "backwards_tp": true,
          "ema_span_0": 1025.4198605520944,
          "ema_span_1": 6493.535456733939,
          "enabled": true,
          "eprice_exp_base": 1.5420020115143174,
          "eprice_pprice_diff": 0.02837059771739007,
          "grid_span": 0.3058948721869918,
          "initial_eprice_ema_dist": -0.004432448989713501,
          "initial_qty_pct": 0.03621724727025379,
          "markup_range": 0.04023093072888217,
          "max_n_entry_orders": 10,
          "min_markup": 0.05546723276788141,
          "n_close_orders": 14,
          "secondary_allocation": 0.04053794169866693,
          "secondary_pprice_diff": 0.36955062785686676,
          "wallet_exposure_limit": 0.1},
 "short": {"auto_unstuck_ema_dist": 0.051801506874767075,
           "auto_unstuck_wallet_exposure_threshold": 0.8328394336257808,
           "backwards_tp": true,
           "ema_span_0": 1223.8579004668209,
           "ema_span_1": 4274.4974501893275,
           "enabled": true,
           "eprice_exp_base": 1.8709405782058242,
           "eprice_pprice_diff": 0.042903618533525346,
           "grid_span": 0.3494961624908797,
           "initial_eprice_ema_dist": -0.08008387643818363,
           "initial_qty_pct": 0.03478868547916113,
           "markup_range": 0.04719805393690428,
           "max_n_entry_orders": 10,
           "min_markup": 0.056950131950790406,
           "n_close_orders": 22,
           "secondary_allocation": 0.17361192999401645,
           "secondary_pprice_diff": 0.34551625622423804,
           "wallet_exposure_limit": 0.1}}