{"config_name": "static_grid_1000XECUSDT_189days",
 "logging_level": 0,
 "long": {"auto_unstuck_ema_dist": 0.05585859711763269,
          "auto_unstuck_wallet_exposure_threshold": 0.04699663891045673,
          "backwards_tp": true,
          "ema_span_0": 768.0377535549713,
          "ema_span_1": 10017.342009428161,
          "enabled": true,
          "eprice_exp_base": 1.7325241348858271,
          "eprice_pprice_diff": 0.008242539571714332,
          "grid_span": 0.1995308145938026,
          "initial_eprice_ema_dist": -0.04412161793724327,
          "initial_qty_pct": 0.01621795541816027,
          "markup_range": 0.04791539378192979,
          "max_n_entry_orders": 10,
          "min_markup": 0.0532268945829793,
          "n_close_orders": 27,
          "secondary_allocation": 0.40376951345853035,
          "secondary_pprice_diff": 0.07955442073122518,
          "wallet_exposure_limit": 0.1},
 "short": {"auto_unstuck_ema_dist": 0.0493372231416123,
           "auto_unstuck_wallet_exposure_threshold": 0.8319523718568436,
           "backwards_tp": true,
           "ema_span_0": 1263.899841031564,
           "ema_span_1": 3993.564043142431,
           "enabled": true,
           "eprice_exp_base": 1.6504231475989222,
           "eprice_pprice_diff": 0.04290582178260737,
           "grid_span": 0.2626622225008919,
           "initial_eprice_ema_dist": -0.04857828800898563,
           "initial_qty_pct": 0.03846051720910101,
           "markup_range": 0.05154644555432922,
           "max_n_entry_orders": 10,
           "min_markup": 0.0576955932493719,
           "n_close_orders": 23,
           "secondary_allocation": 0.11298912594903705,
           "secondary_pprice_diff": 0.2408449863396465,
           "wallet_exposure_limit": 0.1}}