{"config_name": "static_grid_1000XECUSDT_239days",
 "logging_level": 0,
 "long": {"auto_unstuck_ema_dist": 0.09248664229874605,
          "auto_unstuck_wallet_exposure_threshold": 0.4465561947471613,
          "backwards_tp": true,
          "ema_span_0": 3279.9552462273537,
          "ema_span_1": 8671.269135063665,
          "enabled": true,
          "eprice_exp_base": 1.0291275235336388,
          "eprice_pprice_diff": 0.03499195302346853,
          "grid_span": 0.1876872242613305,
          "initial_eprice_ema_dist": -0.0064186728266606465,
          "initial_qty_pct": 0.00835532748946484,
          "markup_range": 0.029121938750548203,
          "max_n_entry_orders": 12,
          "min_markup": 0.017024362134678936,
          "n_close_orders": 17,
          "secondary_allocation": 0.6227773941789526,
          "secondary_pprice_diff": 0.07427055969202143,
          "wallet_exposure_limit": 0.1},
 "short": {"auto_unstuck_ema_dist": 0.0329997388319611,
           "auto_unstuck_wallet_exposure_threshold": 0.3714540920203303,
           "backwards_tp": true,
           "ema_span_0": 840.9829212574735,
           "ema_span_1": 3929.6260178242037,
           "enabled": true,
           "eprice_exp_base": 1.0480595496873275,
           "eprice_pprice_diff": 0.01014035249569975,
           "grid_span": 0.1897846695348539,
           "initial_eprice_ema_dist": -0.010304882881123332,
           "initial_qty_pct": 0.024127193671945005,
           "markup_range": 0.008722517001411733,
           "max_n_entry_orders": 11,
           "min_markup": 0.012555829121324616,
           "n_close_orders": 20,
           "secondary_allocation": 0.05422404052003463,
           "secondary_pprice_diff": 0.08709607081902442,
           "wallet_exposure_limit": 0.1}}