{"config_name": "static_grid_1000XECUSDT_139days",
 "logging_level": 0,
 "long": {"auto_unstuck_ema_dist": 0.031459703092040714,
          "auto_unstuck_wallet_exposure_threshold": 0.14579783513794414,
          "backwards_tp": true,
          "ema_span_0": 2669.0650917854978,
          "ema_span_1": 8924.051807883694,
          "enabled": true,
          "eprice_exp_base": 1.5196152204029612,
          "eprice_pprice_diff": 0.015244023425262921,
          "grid_span": 0.26484035151670277,
          "initial_eprice_ema_dist": -0.082013482519488,
          "initial_qty_pct": 0.04193524386075748,
          "markup_range": 0.056603339091635084,
          "max_n_entry_orders": 10,
          "min_markup": 0.05754491282156378,
          "n_close_orders": 12,
          "secondary_allocation": 0.035653367002204596,
          "secondary_pprice_diff": 0.4170172263422176,
          "wallet_exposure_limit": 0.1},
 "short": {"auto_unstuck_ema_dist": 0.05980078943997454,
           "auto_unstuck_wallet_exposure_threshold": 0.8321838158564985,
           "backwards_tp": true,
           "ema_span_0": 2213.563709137154,
           "ema_span_1": 4112.651892323919,
           "enabled": true,
           "eprice_exp_base": 1.8467665161425706,
           "eprice_pprice_diff": 0.03741813110600562,
           "grid_span": 0.34534941832693233,
           "initial_eprice_ema_dist": -0.07809659095610676,
           "initial_qty_pct": 0.03331956773232427,
           "markup_range": 0.05257327310812435,
           "max_n_entry_orders": 10,
           "min_markup": 0.0505362373631821,
           "n_close_orders": 13,
           "secondary_allocation": 0.25694505947411234,
           "secondary_pprice_diff": 0.2780421127115714,
           "wallet_exposure_limit": 0.1}}