{"config_name": "static_grid_1_symbols_276days",
 "logging_level": 0,
 "long": {"auto_unstuck_ema_dist": 0.04218950172130681,
          "auto_unstuck_wallet_exposure_threshold": 0.5770098998901274,
          "backwards_tp": true,
          "ema_span_0": 1041.7077961381544,
          "ema_span_1": 5291.993115029243,
          "enabled": true,
          "eprice_exp_base": 1.2153949303377731,
          "eprice_pprice_diff": 0.02837802169372608,
          "grid_span": 0.21440329220122595,
          "initial_eprice_ema_dist": -0.00401977050502212,
          "initial_qty_pct": 0.007,
          "markup_range": 0.01603020097165276,
          "max_n_entry_orders": 12,
          "min_markup": 0.01859286932938733,
          "n_close_orders": 14,
          "secondary_allocation": 0.05974249905750403,
          "secondary_pprice_diff": 0.07495453029435395,
          "wallet_exposure_limit": 0.1},
 "short": {"auto_unstuck_ema_dist": 0.03973201564980929,
           "auto_unstuck_wallet_exposure_threshold": 0.3231365850119389,
           "backwards_tp": true,
           "ema_span_0": 2725.4552851652556,
           "ema_span_1": 4090.6169259929493,
           "enabled": true,
           "eprice_exp_base": 1.23710491089166,
           "eprice_pprice_diff": 0.011415665753149982,
           "grid_span": 0.18970711301881873,
           "initial_eprice_ema_dist": -0.05486836840153787,
           "initial_qty_pct": 0.009300155010120726,
           "markup_range": 0.005512293442474228,
           "max_n_entry_orders": 12,
           "min_markup": 0.01784247751994868,
           "n_close_orders": 14,
           "secondary_allocation": 0.11670321598393643,
           "secondary_pprice_diff": 0.17706848484940108,
           "wallet_exposure_limit": 0.1}}