{"config_name": "static_grid_1000XECUSDT_285days",
 "logging_level": 0,
 "long": {"auto_unstuck_ema_dist": 0.08987023500799023,
          "auto_unstuck_wallet_exposure_threshold": 0.5557699018766356,
          "backwards_tp": true,
          "ema_span_0": 2845.534207072007,
          "ema_span_1": 6757.007259836529,
          "enabled": true,
          "eprice_exp_base": 1.1210198023329936,
          "eprice_pprice_diff": 0.03147527151988375,
          "grid_span": 0.23018329071837498,
          "initial_eprice_ema_dist": -0.01756501842450071,
          "initial_qty_pct": 0.009663335933154384,
          "markup_range": 0.025337804224567585,
          "max_n_entry_orders": 8,
          "min_markup": 0.02,
          "n_close_orders": 14,
          "secondary_allocation": 0.1462342131751377,
          "secondary_pprice_diff": 0.20354039369419247,
          "wallet_exposure_limit": 0.1},
 "short": {"auto_unstuck_ema_dist": 0.02872727808594562,
           "auto_unstuck_wallet_exposure_threshold": 0.3640462096366921,
           "backwards_tp": true,
           "ema_span_0": 2481.645440578197,
           "ema_span_1": 2537.615578351429,
           "enabled": true,
           "eprice_exp_base": 1.0624973080588382,
           "eprice_pprice_diff": 0.007842138635602366,
           "grid_span": 0.24074231983065916,
           "initial_eprice_ema_dist": -0.023151636108673337,
           "initial_qty_pct": 0.00824250379327324,
           "markup_range": 0.007301842334061526,
           "max_n_entry_orders": 12,
           "min_markup": 0.016537986242067714,
           "n_close_orders": 17,
           "secondary_allocation": 0.041174676683891416,
           "secondary_pprice_diff": 0.25944847578660424,
           "wallet_exposure_limit": 0.1}}