{"config_name": "static_grid_1000XECUSDT_129days",
 "logging_level": 0,
 "long": {"auto_unstuck_ema_dist": 0.06440399363018894,
          "auto_unstuck_wallet_exposure_threshold": 0,
          "backwards_tp": true,
          "ema_span_0": 4038.5609194721646,
          "ema_span_1": 7709.624316970605,
          "enabled": true,
          "eprice_exp_base": 1.2303890786898024,
          "eprice_pprice_diff": 0.017901797233082082,
          "grid_span": 0.23723445651527927,
          "initial_eprice_ema_dist": -0.08534179722395879,
          "initial_qty_pct": 0.012333306335137536,
          "markup_range": 0.054571196960784885,
          "max_n_entry_orders": 10,
          "min_markup": 0.06,
          "n_close_orders": 17,
          "secondary_allocation": 0.508780073328208,
          "secondary_pprice_diff": 0.10412821349580687,
          "wallet_exposure_limit": 0.1},
 "short": {"auto_unstuck_ema_dist": 0.055261926249774156,
           "auto_unstuck_wallet_exposure_threshold": 0.9316420672838206,
           "backwards_tp": true,
           "ema_span_0": 3012.7020248796143,
           "ema_span_1": 3937.7247061570324,
           "enabled": true,
           "eprice_exp_base": 1.7955687080717462,
           "eprice_pprice_diff": 0.03583964927504142,
           "grid_span": 0.15868441295831076,
           "initial_eprice_ema_dist": -0.02736014719712668,
           "initial_qty_pct": 0.01189079800203101,
           "markup_range": 0.02876596350859507,
           "max_n_entry_orders": 10,
           "min_markup": 0.06,
           "n_close_orders": 17,
           "secondary_allocation": 0.7,
           "secondary_pprice_diff": 0.13397542271135232,
           "wallet_exposure_limit": 0.1}}