{"config_name": "static_grid_BATUSDT_209days",
 "logging_level": 0,
 "long": {"auto_unstuck_ema_dist": 0.028527692453135745,
          "auto_unstuck_wallet_exposure_threshold": 0.6,
          "backwards_tp": true,
          "ema_span_0": 528.1214734231536,
          "ema_span_1": 6489.562784067701,
          "enabled": true,
          "eprice_exp_base": 1.1822610156188813,
          "eprice_pprice_diff": 0.037498362172685346,
          "grid_span": 0.21351925548296222,
          "initial_eprice_ema_dist": -0.02350580683257756,
          "initial_qty_pct": 0.013069324774900231,
          "markup_range": 0.02260729620396362,
          "max_n_entry_orders": 13,
          "min_markup": 0.016561713528620504,
          "n_close_orders": 15,
          "secondary_allocation": 0.1321652701589234,
          "secondary_pprice_diff": 0.35810321252845057,
          "wallet_exposure_limit": 0.1},
 "short": {"auto_unstuck_ema_dist": 0.04662577436202337,
           "auto_unstuck_wallet_exposure_threshold": 0.48944669753090647,
           "backwards_tp": true,
           "ema_span_0": 4317.916138087272,
           "ema_span_1": 4306.347246734015,
           "enabled": true,
           "eprice_exp_base": 1.3828450568879616,
           "eprice_pprice_diff": 0.012483062308010242,
           "grid_span": 0.1142714124265388,
           "initial_eprice_ema_dist": -0.039703066973989516,
           "initial_qty_pct": 0.010480437823330907,
           "markup_range": 0.017441898520247225,
           "max_n_entry_orders": 12,
           "min_markup": 0.009628399835074422,
           "n_close_orders": 9,
           "secondary_allocation": 0.044431858724981496,
           "secondary_pprice_diff": 0.3967581625143162,
           "wallet_exposure_limit": 0.1}}