{"config_name": "static_grid_BATUSDT_237days",
 "logging_level": 0,
 "long": {"auto_unstuck_ema_dist": 0.00432040777933608,
          "auto_unstuck_wallet_exposure_threshold": 0.39206406540642974,
          "backwards_tp": true,
          "ema_span_0": 172.89753047889775,
          "ema_span_1": 6776.040723721312,
          "enabled": true,
          "eprice_exp_base": 1,
          "eprice_pprice_diff": 0.04123234714378776,
          "grid_span": 0.2269917081956792,
          "initial_eprice_ema_dist": -0.023965993548047872,
          "initial_qty_pct": 0.01475946876919122,
          "markup_range": 0.03522438287513733,
          "max_n_entry_orders": 12,
          "min_markup": 0.01538034315901879,
          "n_close_orders": 16,
          "secondary_allocation": 0.33252621069341787,
          "secondary_pprice_diff": 0.056501740697945696,
          "wallet_exposure_limit": 0.1},
 "short": {"auto_unstuck_ema_dist": 0.006007279590118476,
           "auto_unstuck_wallet_exposure_threshold": 0.36335761103817293,
           "backwards_tp": true,
           "ema_span_0": 1316.5620316173756,
           "ema_span_1": 1981.0588749801266,
           "enabled": true,
           "eprice_exp_base": 1.445865664572031,
           "eprice_pprice_diff": 0.014476114003920001,
           "grid_span": 0.12468889788862556,
           "initial_eprice_ema_dist": -0.037547303711441035,
           "initial_qty_pct": 0.00930360345707267,
           "markup_range": 0.008228289445416443,
           "max_n_entry_orders": 12,
           "min_markup": 0.008296921407168586,
           "n_close_orders": 6,
           "secondary_allocation": 0.2515911513320906,
           "secondary_pprice_diff": 0.09454437154171855,
           "wallet_exposure_limit": 0.1}}