{"config_name": "static_grid_BATUSDT_185days",
 "logging_level": 0,
 "long": {"auto_unstuck_ema_dist": 0.006281262178879577,
          "auto_unstuck_wallet_exposure_threshold": 0.5653044317436999,
          "backwards_tp": true,
          "ema_span_0": 1251.9932486722303,
          "ema_span_1": 8041.458801863817,
          "enabled": true,
          "eprice_exp_base": 1.586563207410133,
          "eprice_pprice_diff": 0.03178450259920065,
          "grid_span": 0.21057741167836397,
          "initial_eprice_ema_dist": -0.009803209037088223,
          "initial_qty_pct": 0.024945957789019334,
          "markup_range": 0.03323383328341435,
          "max_n_entry_orders": 10,
          "min_markup": 0.05887259798104889,
          "n_close_orders": 8,
          "secondary_allocation": 0.32637715348907986,
          "secondary_pprice_diff": 0.3895177940831661,
          "wallet_exposure_limit": 0.1},
 "short": {"auto_unstuck_ema_dist": 0.04618940457736832,
           "auto_unstuck_wallet_exposure_threshold": 0.756483383033559,
           "backwards_tp": true,
           "ema_span_0": 3500.613474647177,
           "ema_span_1": 2084.6574707466107,
           "enabled": true,
           "eprice_exp_base": 1.879248838797383,
           "eprice_pprice_diff": 0.03539659162014423,
           "grid_span": 0.19282978921364485,
           "initial_eprice_ema_dist": -0.04105196250652659,
           "initial_qty_pct": 0.032534374488405376,
           "markup_range": 0,
           "max_n_entry_orders": 10,
           "min_markup": 0.015685642886887435,
           "n_close_orders": 13,
           "secondary_allocation": 0.09366497202712845,
           "secondary_pprice_diff": 0.2401967834371566,
           "wallet_exposure_limit": 0.1}}