{"config_name": "static_grid_BATUSDT_313days",
 "logging_level": 0,
 "long": {"auto_unstuck_ema_dist": 0.043308613700398985,
          "auto_unstuck_wallet_exposure_threshold": 0.1689888272391129,
          "backwards_tp": true,
          "ema_span_0": 180.9642847091385,
          "ema_span_1": 9574.071708651809,
          "enabled": true,
          "eprice_exp_base": 1.291071894212753,
          "eprice_pprice_diff": 0.03237265240327353,
          "grid_span": 0.17574235767403817,
          "initial_eprice_ema_dist": -0.02316195920723121,
          "initial_qty_pct": 0.011980441801886836,
          "markup_range": 0.015165401673213875,
          "max_n_entry_orders": 8,
          "min_markup": 0.0188941908838411,
          "n_close_orders": 19,
          "secondary_allocation": 0.2758063659883445,
          "secondary_pprice_diff": 0.08581114173321128,
          "wallet_exposure_limit": 0.1},
 "short": {"auto_unstuck_ema_dist": 0.010038870208202978,
           "auto_unstuck_wallet_exposure_threshold": 0.550535591632949,
           "backwards_tp": true,
           "ema_span_0": 1768.4580027753564,
           "ema_span_1": 2058.779423882863,
           "enabled": true,
           "eprice_exp_base": 1.1912582938626741,
           "eprice_pprice_diff": 0.014909586268530403,
           "grid_span": 0.13925147537399993,
           "initial_eprice_ema_dist": -0.07608675165589113,
           "initial_qty_pct": 0.008619614978063316,
           "markup_range": 0.005656579446699871,
           "max_n_entry_orders": 12,
           "min_markup": 0.01290395725887716,
           "n_close_orders": 10,
           "secondary_allocation": 0.38389102902355776,
           "secondary_pprice_diff": 0.05,
           "wallet_exposure_limit": 0.1}}