{"config_name": "static_grid_BATUSDT_202days",
 "logging_level": 0,
 "long": {"auto_unstuck_ema_dist": 0.019053614596130284,
          "auto_unstuck_wallet_exposure_threshold": 0.6055149737024661,
          "backwards_tp": true,
          "ema_span_0": 2196.080068960727,
          "ema_span_1": 7750.700868403729,
          "enabled": true,
          "eprice_exp_base": 1.622375946720763,
          "eprice_pprice_diff": 0.044037772576430614,
          "grid_span": 0.229229544603076,
          "initial_eprice_ema_dist": -0.0016209819353230487,
          "initial_qty_pct": 0.03754600747959127,
          "markup_range": 0.004294683729703103,
          "max_n_entry_orders": 10,
          "min_markup": 0.052356160385066984,
          "n_close_orders": 16,
          "secondary_allocation": 0.3778920879113302,
          "secondary_pprice_diff": 0.1408315250466587,
          "wallet_exposure_limit": 0.1},
 "short": {"auto_unstuck_ema_dist": 0.06925676183800883,
           "auto_unstuck_wallet_exposure_threshold": 0.7804034029719624,
           "backwards_tp": true,
           "ema_span_0": 2972.3252814029506,
           "ema_span_1": 2766.8448998113854,
           "enabled": true,
           "eprice_exp_base": 1.1877433345347113,
           "eprice_pprice_diff": 0.014287490233950437,
           "grid_span": 0.12771831483967275,
           "initial_eprice_ema_dist": -0.041915373887953515,
           "initial_qty_pct": 0.011612218813372923,
           "markup_range": 0.0014322482593211792,
           "max_n_entry_orders": 10,
           "min_markup": 0.011604202725590585,
           "n_close_orders": 6,
           "secondary_allocation": 0.4033685330003932,
           "secondary_pprice_diff": 0.08297580242705951,
           "wallet_exposure_limit": 0.1}}