{"config_name": "static_grid_BATUSDT_271days",
 "logging_level": 0,
 "long": {"auto_unstuck_ema_dist": 0.022963903152061586,
          "auto_unstuck_wallet_exposure_threshold": 0.4592662018678616,
          "backwards_tp": true,
          "ema_span_0": 213.17555752326922,
          "ema_span_1": 8767.341096767788,
          "enabled": true,
          "eprice_exp_base": 1.0258656395764496,
          "eprice_pprice_diff": 0.03657405171187544,
          "grid_span": 0.2759210530560628,
          "initial_eprice_ema_dist": -0.057932415479492495,
          "initial_qty_pct": 0.009356946408457285,
          "markup_range": 0.034902645679642894,
          "max_n_entry_orders": 11,
          "min_markup": 0.019539472596889363,
          "n_close_orders": 11,
          "secondary_allocation": 0.04708556635196358,
          "secondary_pprice_diff": 0.13961282580940573,
          "wallet_exposure_limit": 0.1},
 "short": {"auto_unstuck_ema_dist": 0.0074378508750826185,
           "auto_unstuck_wallet_exposure_threshold": 0.13545844945203478,
           "backwards_tp": true,
           "ema_span_0": 2020.335814366793,
           "ema_span_1": 1614.9721155029563,
           "enabled": true,
           "eprice_exp_base": 1.0588167261300707,
           "eprice_pprice_diff": 0.00929906881891585,
           "grid_span": 0.11843430576037359,
           "initial_eprice_ema_dist": -0.06683868081325181,
           "initial_qty_pct": 0.010239095964513126,
           "markup_range": 0.00457734064875776,
           "max_n_entry_orders": 10,
           "min_markup": 0.012960918852212925,
           "n_close_orders": 14,
           "secondary_allocation": 0.6241467452639137,
           "secondary_pprice_diff": 0.05,
           "wallet_exposure_limit": 0.1}}