{"config_name": "static_grid_BATUSDT_134days",
 "logging_level": 0,
 "long": {"auto_unstuck_ema_dist": 0.06745028053873744,
          "auto_unstuck_wallet_exposure_threshold": 0.7475909059171741,
          "backwards_tp": true,
          "ema_span_0": 426.5226316826079,
          "ema_span_1": 7818.760752613209,
          "enabled": true,
          "eprice_exp_base": 1.679551437042059,
          "eprice_pprice_diff": 0.011471016293034412,
          "grid_span": 0.3320567392547249,
          "initial_eprice_ema_dist": -0.012248454784469662,
          "initial_qty_pct": 0.018701037465738875,
          "markup_range": 0.03914807741652763,
          "max_n_entry_orders": 10,
          "min_markup": 0.03907567560582613,
          "n_close_orders": 21,
          "secondary_allocation": 0.14749004579516453,
          "secondary_pprice_diff": 0.3623737784682255,
          "wallet_exposure_limit": 0.1},
 "short": {"auto_unstuck_ema_dist": 0.006798352476466657,
           "auto_unstuck_wallet_exposure_threshold": 0.5535295124552837,
           "backwards_tp": true,
           "ema_span_0": 3801.018591980527,
           "ema_span_1": 2796.1282932532076,
           "enabled": true,
           "eprice_exp_base": 1.2838176512761827,
           "eprice_pprice_diff": 0.03000003213555756,
           "grid_span": 0.15655638483232792,
           "initial_eprice_ema_dist": -0.054881027023090174,
           "initial_qty_pct": 0.044342664794114084,
           "markup_range": 0.03187456786139174,
           "max_n_entry_orders": 10,
           "min_markup": 0.05706835496693721,
           "n_close_orders": 10,
           "secondary_allocation": 0.012361659660401531,
           "secondary_pprice_diff": 0.11302730223204181,
           "wallet_exposure_limit": 0.1}}