{"config_name": "static_grid_BATUSDT_284days",
 "logging_level": 0,
 "long": {"auto_unstuck_ema_dist": 0.08884157430540109,
          "auto_unstuck_wallet_exposure_threshold": 0.1491346509581397,
          "backwards_tp": true,
          "ema_span_0": 747.0884805090265,
          "ema_span_1": 1225.5753516813343,
          "enabled": true,
          "eprice_exp_base": 1.1485200918767968,
          "eprice_pprice_diff": 0.0336191601811514,
          "grid_span": 0.18719879270392842,
          "initial_eprice_ema_dist": -0.020303487595642305,
          "initial_qty_pct": 0.01297793864503113,
          "markup_range": 0.038379582836560885,
          "max_n_entry_orders": 12,
          "min_markup": 0.019011868228419534,
          "n_close_orders": 9,
          "secondary_allocation": 0.670914113821116,
          "secondary_pprice_diff": 0.10576512096860058,
          "wallet_exposure_limit": 0.1},
 "short": {"auto_unstuck_ema_dist": 0.008305443953872158,
           "auto_unstuck_wallet_exposure_threshold": 0.5649255127596213,
           "backwards_tp": true,
           "ema_span_0": 1062.2378193798452,
           "ema_span_1": 1489.3139036529337,
           "enabled": true,
           "eprice_exp_base": 1.1232536571486633,
           "eprice_pprice_diff": 0.013026122309141927,
           "grid_span": 0.18252386739760013,
           "initial_eprice_ema_dist": -0.013465091174053938,
           "initial_qty_pct": 0.021259893152526847,
           "markup_range": 0.004395125556373764,
           "max_n_entry_orders": 11,
           "min_markup": 0.01631803547354121,
           "n_close_orders": 10,
           "secondary_allocation": 0.19338725850519273,
           "secondary_pprice_diff": 0.42885001267117817,
           "wallet_exposure_limit": 0.1}}