{"config_name": "static_grid_BATUSDT_325days",
 "logging_level": 0,
 "long": {"auto_unstuck_ema_dist": 0.049940852998496744,
          "auto_unstuck_wallet_exposure_threshold": 0.048535248130257225,
          "backwards_tp": true,
          "ema_span_0": 1104.4144189808114,
          "ema_span_1": 3358.171483087864,
          "enabled": true,
          "eprice_exp_base": 1.0589274179357795,
          "eprice_pprice_diff": 0.03871698785514345,
          "grid_span": 0.28597952809399935,
          "initial_eprice_ema_dist": -0.005314340660185282,
          "initial_qty_pct": 0.007,
          "markup_range": 0.0387531229906887,
          "max_n_entry_orders": 12,
          "min_markup": 0.017573759292407495,
          "n_close_orders": 5,
          "secondary_allocation": 0,
          "secondary_pprice_diff": 0.09512251042833145,
          "wallet_exposure_limit": 0.1},
 "short": {"auto_unstuck_ema_dist": 0.02682492190162688,
           "auto_unstuck_wallet_exposure_threshold": 0.3806953623069375,
           "backwards_tp": true,
           "ema_span_0": 3021.977371561685,
           "ema_span_1": 3003.827721753714,
           "enabled": true,
           "eprice_exp_base": 1.0543924161461693,
           "eprice_pprice_diff": 0.014465385228420358,
           "grid_span": 0.16074323612155858,
           "initial_eprice_ema_dist": -0.08354832806368025,
           "initial_qty_pct": 0.008361947574135645,
           "markup_range": 0.008730635742855953,
           "max_n_entry_orders": 11,
           "min_markup": 0.014067246417240305,
           "n_close_orders": 16,
           "secondary_allocation": 0.17375507534697102,
           "secondary_pprice_diff": 0.1015753930694331,
           "wallet_exposure_limit": 0.1}}