{"config_name": "static_grid_BATUSDT_297days",
 "logging_level": 0,
 "long": {"auto_unstuck_ema_dist": 0.0484341467769189,
          "auto_unstuck_wallet_exposure_threshold": 0.5524030113294576,
          "backwards_tp": true,
          "ema_span_0": 3403.3363058847935,
          "ema_span_1": 8334.35644546091,
          "enabled": true,
          "eprice_exp_base": 1.032454479757412,
          "eprice_pprice_diff": 0.03567207783476452,
          "grid_span": 0.24175656105617727,
          "initial_eprice_ema_dist": -0.041478698412049576,
          "initial_qty_pct": 0.008102774910592503,
          "markup_range": 0.013888025069887778,
          "max_n_entry_orders": 12,
          "min_markup": 0.014677685633860979,
          "n_close_orders": 10,
          "secondary_allocation": 0.14184934101347701,
          "secondary_pprice_diff": 0.06178177710232489,
          "wallet_exposure_limit": 0.1},
 "short": {"auto_unstuck_ema_dist": 0.02196270919324215,
           "auto_unstuck_wallet_exposure_threshold": 0.5101859575847172,
           "backwards_tp": true,
           "ema_span_0": 2585.718648951607,
           "ema_span_1": 4203.396313071245,
           "enabled": true,
           "eprice_exp_base": 1.2040970720331798,
           "eprice_pprice_diff": 0.011394459568332276,
           "grid_span": 0.1411021456899182,
           "initial_eprice_ema_dist": -0.04344529271265985,
           "initial_qty_pct": 0.011157439465214967,
           "markup_range": 0.008603938983972879,
           "max_n_entry_orders": 8,
           "min_markup": 0.008109396491367535,
           "n_close_orders": 11,
           "secondary_allocation": 0.2268045334180384,
           "secondary_pprice_diff": 0.2286869662569055,
           "wallet_exposure_limit": 0.1}}