{"config_name": "static_grid_BATUSDT_258days",
 "logging_level": 0,
 "long": {"auto_unstuck_ema_dist": 0.060311294918491416,
          "auto_unstuck_wallet_exposure_threshold": 0.2788853018780225,
          "backwards_tp": true,
          "ema_span_0": 1294.724102691361,
          "ema_span_1": 928.3950883206218,
          "enabled": true,
          "eprice_exp_base": 1.0771245532325064,
          "eprice_pprice_diff": 0.03552432249429477,
          "grid_span": 0.23319844139320975,
          "initial_eprice_ema_dist": -0.01477548340397608,
          "initial_qty_pct": 0.008118388333285056,
          "markup_range": 0.037628868414075665,
          "max_n_entry_orders": 10,
          "min_markup": 0.015405727333872746,
          "n_close_orders": 17,
          "secondary_allocation": 0.07294034703679192,
          "secondary_pprice_diff": 0.10874596782647691,
          "wallet_exposure_limit": 0.1},
 "short": {"auto_unstuck_ema_dist": 0.004972946594126316,
           "auto_unstuck_wallet_exposure_threshold": 0.4452285393501036,
           "backwards_tp": true,
           "ema_span_0": 1730.4453460649088,
           "ema_span_1": 3619.545188485403,
           "enabled": true,
           "eprice_exp_base": 1.0869767120324023,
           "eprice_pprice_diff": 0.014485594230687106,
           "grid_span": 0.17297863538010455,
           "initial_eprice_ema_dist": -0.04944791655179555,
           "initial_qty_pct": 0.013296615343839803,
           "markup_range": 0.012854612593364272,
           "max_n_entry_orders": 9,
           "min_markup": 0.013212834960905183,
           "n_close_orders": 20,
           "secondary_allocation": 0.1284952114577504,
           "secondary_pprice_diff": 0.16407440844866816,
           "wallet_exposure_limit": 0.1}}