{"config_name": "static_grid_BATUSDT_226days",
 "logging_level": 0,
 "long": {"auto_unstuck_ema_dist": 0.026903913865149166,
          "auto_unstuck_wallet_exposure_threshold": 0.33937100535039433,
          "backwards_tp": true,
          "ema_span_0": 2066.818983359749,
          "ema_span_1": 8163.143231561958,
          "enabled": true,
          "eprice_exp_base": 1.189162130244746,
          "eprice_pprice_diff": 0.031484926521096364,
          "grid_span": 0.2135844560296382,
          "initial_eprice_ema_dist": -0.011558157866429442,
          "initial_qty_pct": 0.007474230731206334,
          "markup_range": 0.02584381365834291,
          "max_n_entry_orders": 11,
          "min_markup": 0.018104173539956515,
          "n_close_orders": 10,
          "secondary_allocation": 0.10996014371747237,
          "secondary_pprice_diff": 0.30329002158988994,
          "wallet_exposure_limit": 0.1},
 "short": {"auto_unstuck_ema_dist": 0.0709848505029686,
           "auto_unstuck_wallet_exposure_threshold": 0.6,
           "backwards_tp": true,
           "ema_span_0": 2702.978908799488,
           "ema_span_1": 2680.933207313029,
           "enabled": true,
           "eprice_exp_base": 1.1679670510089881,
           "eprice_pprice_diff": 0.009868884533907359,
           "grid_span": 0.1535221525274027,
           "initial_eprice_ema_dist": -0.025284723527130352,
           "initial_qty_pct": 0.011085254197898353,
           "markup_range": 0.007475951710670998,
           "max_n_entry_orders": 9,
           "min_markup": 0.017771205733993913,
           "n_close_orders": 7,
           "secondary_allocation": 0,
           "secondary_pprice_diff": 0.1642873948481161,
           "wallet_exposure_limit": 0.1}}