{"config_name": "static_grid_BATUSDT_201days",
 "logging_level": 0,
 "long": {"auto_unstuck_ema_dist": 0.009403353258953437,
          "auto_unstuck_wallet_exposure_threshold": 0.2734516587805557,
          "backwards_tp": true,
          "ema_span_0": 2461.304257774798,
          "ema_span_1": 9339.099888592538,
          "enabled": true,
          "eprice_exp_base": 1.9685926490728096,
          "eprice_pprice_diff": 0.03189324255378375,
          "grid_span": 0.23811857694008956,
          "initial_eprice_ema_dist": -0.010370526972635527,
          "initial_qty_pct": 0.02405443481036802,
          "markup_range": 0.024450925281528514,
          "max_n_entry_orders": 10,
          "min_markup": 0.04412256494528622,
          "n_close_orders": 30,
          "secondary_allocation": 0.05073450605484804,
          "secondary_pprice_diff": 0.17944327303524485,
          "wallet_exposure_limit": 0.1},
 "short": {"auto_unstuck_ema_dist": 0.0209013256073939,
           "auto_unstuck_wallet_exposure_threshold": 0.7975146542148278,
           "backwards_tp": true,
           "ema_span_0": 2866.1179231662836,
           "ema_span_1": 3981.678520322581,
           "enabled": true,
           "eprice_exp_base": 1.1776369406629779,
           "eprice_pprice_diff": 0.03802245266417391,
           "grid_span": 0.21177809014504548,
           "initial_eprice_ema_dist": -0.04601725692815327,
           "initial_qty_pct": 0.021860470807405715,
           "markup_range": 0.014048643212121122,
           "max_n_entry_orders": 10,
           "min_markup": 0.030792376947900338,
           "n_close_orders": 4,
           "secondary_allocation": 0.1748416952135627,
           "secondary_pprice_diff": 0.3744155384932674,
           "wallet_exposure_limit": 0.1}}