{"config_name": "static_grid_BATUSDT_246days",
 "logging_level": 0,
 "long": {"auto_unstuck_ema_dist": 0.03029930436821142,
          "auto_unstuck_wallet_exposure_threshold": 0.5350046466023454,
          "backwards_tp": true,
          "ema_span_0": 698.0161299016258,
          "ema_span_1": 5198.051800045989,
          "enabled": true,
          "eprice_exp_base": 1.3241958692416342,
          "eprice_pprice_diff": 0.030869180672020664,
          "grid_span": 0.217727465555432,
          "initial_eprice_ema_dist": -0.0074822550728534665,
          "initial_qty_pct": 0.011285444738116894,
          "markup_range": 0.020374646905380503,
          "max_n_entry_orders": 10,
          "min_markup": 0.01518175109147554,
          "n_close_orders": 7,
          "secondary_allocation": 0.29677242523996905,
          "secondary_pprice_diff": 0.11191311230635369,
          "wallet_exposure_limit": 0.1},
 "short": {"auto_unstuck_ema_dist": 0.009774184065509409,
           "auto_unstuck_wallet_exposure_threshold": 0.503210896034412,
           "backwards_tp": true,
           "ema_span_0": 821.797638585197,
           "ema_span_1": 235.38997548686376,
           "enabled": true,
           "eprice_exp_base": 1.0857042284583722,
           "eprice_pprice_diff": 0.011405519484633808,
           "grid_span": 0.17480198579470088,
           "initial_eprice_ema_dist": -0.037630681442891584,
           "initial_qty_pct": 0.011287679155995866,
           "markup_range": 0.008165822220704465,
           "max_n_entry_orders": 11,
           "min_markup": 0.01219221287933433,
           "n_close_orders": 16,
           "secondary_allocation": 0.06050657187902313,
           "secondary_pprice_diff": 0.08335501634611026,
           "wallet_exposure_limit": 0.1}}