{"config_name": "static_grid_BATUSDT_140days",
 "logging_level": 0,
 "long": {"auto_unstuck_ema_dist": 0.09838391235577697,
          "auto_unstuck_wallet_exposure_threshold": 0.707792189944789,
          "backwards_tp": true,
          "ema_span_0": 1758.253231356937,
          "ema_span_1": 10080,
          "enabled": true,
          "eprice_exp_base": 1.7937112754532833,
          "eprice_pprice_diff": 0.018000411159421283,
          "grid_span": 0.21673775520187583,
          "initial_eprice_ema_dist": -0.09977851708425094,
          "initial_qty_pct": 0.01,
          "markup_range": 0.024699357610416424,
          "max_n_entry_orders": 10,
          "min_markup": 0.05897427987860857,
          "n_close_orders": 23,
          "secondary_allocation": 0.10724577652794703,
          "secondary_pprice_diff": 0.14067117677714816,
          "wallet_exposure_limit": 0.1},
 "short": {"auto_unstuck_ema_dist": 0.07093074708156688,
           "auto_unstuck_wallet_exposure_threshold": 0.8732303739991593,
           "backwards_tp": true,
           "ema_span_0": 3077.8166243503206,
           "ema_span_1": 3130.363959500603,
           "enabled": true,
           "eprice_exp_base": 1.9350382947067934,
           "eprice_pprice_diff": 0.004071631175959289,
           "grid_span": 0.2338228079346322,
           "initial_eprice_ema_dist": -0.08232401936522882,
           "initial_qty_pct": 0.03667645248042122,
           "markup_range": 0.0016635822236886644,
           "max_n_entry_orders": 10,
           "min_markup": 0.018461278884657727,
           "n_close_orders": 29,
           "secondary_allocation": 0.38747431521710113,
           "secondary_pprice_diff": 0.26906869869877337,
           "wallet_exposure_limit": 0.1}}