{"config_name": "static_grid_BATUSDT_214days",
 "logging_level": 0,
 "long": {"auto_unstuck_ema_dist": 0.014349925493559679,
          "auto_unstuck_wallet_exposure_threshold": 0.5418360600858023,
          "backwards_tp": true,
          "ema_span_0": 3395.191042248451,
          "ema_span_1": 7286.88975465073,
          "enabled": true,
          "eprice_exp_base": 1.818119240109453,
          "eprice_pprice_diff": 0.03517350923196292,
          "grid_span": 0.24465356771722188,
          "initial_eprice_ema_dist": -0.045002239179745475,
          "initial_qty_pct": 0.03451601021660494,
          "markup_range": 0.010296862362844484,
          "max_n_entry_orders": 10,
          "min_markup": 0.04245543778363684,
          "n_close_orders": 22,
          "secondary_allocation": 0.2852981560626734,
          "secondary_pprice_diff": 0.32207336919752794,
          "wallet_exposure_limit": 0.1},
 "short": {"auto_unstuck_ema_dist": 0.020450905310371886,
           "auto_unstuck_wallet_exposure_threshold": 0.5787511268780859,
           "backwards_tp": true,
           "ema_span_0": 522.6635642283768,
           "ema_span_1": 2216.530123975694,
           "enabled": true,
           "eprice_exp_base": 1.0655835200815027,
           "eprice_pprice_diff": 0.024702181737909307,
           "grid_span": 0.1197647311581389,
           "initial_eprice_ema_dist": -0.03144887329663258,
           "initial_qty_pct": 0.01987463469202092,
           "markup_range": 0.02218196342527541,
           "max_n_entry_orders": 10,
           "min_markup": 0.013175944731656342,
           "n_close_orders": 23,
           "secondary_allocation": 0.2648313424865231,
           "secondary_pprice_diff": 0.2771542100107313,
           "wallet_exposure_limit": 0.1}}