{"config_name": "static_grid_BATUSDT_161days",
 "logging_level": 0,
 "long": {"auto_unstuck_ema_dist": 0.008899127979689558,
          "auto_unstuck_wallet_exposure_threshold": 0.2361555051342844,
          "backwards_tp": true,
          "ema_span_0": 1432.2054457169618,
          "ema_span_1": 7902.131174316448,
          "enabled": true,
          "eprice_exp_base": 1.3142975914762192,
          "eprice_pprice_diff": 0.04011114263512419,
          "grid_span": 0.22434869639047914,
          "initial_eprice_ema_dist": -0.00828719195181103,
          "initial_qty_pct": 0.032701440461251244,
          "markup_range": 0.05209393663799378,
          "max_n_entry_orders": 10,
          "min_markup": 0.02451715217096857,
          "n_close_orders": 21,
          "secondary_allocation": 0.07618136709043659,
          "secondary_pprice_diff": 0.09025310265394106,
          "wallet_exposure_limit": 0.1},
 "short": {"auto_unstuck_ema_dist": 0.07935499953586342,
           "auto_unstuck_wallet_exposure_threshold": 0.7574182196349657,
           "backwards_tp": true,
           "ema_span_0": 4260.5551856976035,
           "ema_span_1": 5146.532323578494,
           "enabled": true,
           "eprice_exp_base": 1.5084457621970133,
           "eprice_pprice_diff": 0.003420520771992153,
           "grid_span": 0.11241687886584896,
           "initial_eprice_ema_dist": -0.019037105741883144,
           "initial_qty_pct": 0.033804248277721265,
           "markup_range": 0.0048432027287841194,
           "max_n_entry_orders": 10,
           "min_markup": 0.011512364218466806,
           "n_close_orders": 11,
           "secondary_allocation": 0.12877362929142722,
           "secondary_pprice_diff": 0.19938467959102593,
           "wallet_exposure_limit": 0.1}}