{"config_name": "static_grid_BATUSDT_165days",
 "logging_level": 0,
 "long": {"auto_unstuck_ema_dist": 0.003010555074251759,
          "auto_unstuck_wallet_exposure_threshold": 0.5468625209401601,
          "backwards_tp": true,
          "ema_span_0": 852.7758234802528,
          "ema_span_1": 8973.200995740543,
          "enabled": true,
          "eprice_exp_base": 1.1390959125845053,
          "eprice_pprice_diff": 0.03644408855257832,
          "grid_span": 0.2613622063581669,
          "initial_eprice_ema_dist": -0.03908239525324379,
          "initial_qty_pct": 0.03259073971713328,
          "markup_range": 0.009056597404735911,
          "max_n_entry_orders": 10,
          "min_markup": 0.051957963306840486,
          "n_close_orders": 14,
          "secondary_allocation": 0.18588271467383632,
          "secondary_pprice_diff": 0.43308846914456556,
          "wallet_exposure_limit": 0.1},
 "short": {"auto_unstuck_ema_dist": 0.010403356012568083,
           "auto_unstuck_wallet_exposure_threshold": 0.5890746814620305,
           "backwards_tp": true,
           "ema_span_0": 3162.4989311378167,
           "ema_span_1": 2869.6695926254993,
           "enabled": true,
           "eprice_exp_base": 1.3515854686297324,
           "eprice_pprice_diff": 0.015283130264865786,
           "grid_span": 0.12557200755651365,
           "initial_eprice_ema_dist": -0.045250252413069215,
           "initial_qty_pct": 0.03663760460232029,
           "markup_range": 0.00911811313573131,
           "max_n_entry_orders": 10,
           "min_markup": 0.055092798060709644,
           "n_close_orders": 16,
           "secondary_allocation": 0.17877141275683112,
           "secondary_pprice_diff": 0.32307340687723335,
           "wallet_exposure_limit": 0.1}}