{"config_name": "static_grid_BATUSDT_110days",
 "logging_level": 0,
 "long": {"auto_unstuck_ema_dist": 0.09569633118285176,
          "auto_unstuck_wallet_exposure_threshold": 0.0853971715716521,
          "backwards_tp": true,
          "ema_span_0": 1068.922101453849,
          "ema_span_1": 9066.60343882333,
          "enabled": true,
          "eprice_exp_base": 1.423068709665295,
          "eprice_pprice_diff": 0.005949113448194338,
          "grid_span": 0.21250658660243632,
          "initial_eprice_ema_dist": -0.05594810436051141,
          "initial_qty_pct": 0.04495217027838555,
          "markup_range": 0.0063022671378333076,
          "max_n_entry_orders": 10,
          "min_markup": 0.041699597206155826,
          "n_close_orders": 22,
          "secondary_allocation": 0.06274614980546146,
          "secondary_pprice_diff": 0.4324352174697288,
          "wallet_exposure_limit": 0.1},
 "short": {"auto_unstuck_ema_dist": 0.052352628467865196,
           "auto_unstuck_wallet_exposure_threshold": 0.6926563885951814,
           "backwards_tp": true,
           "ema_span_0": 3655.2613945647336,
           "ema_span_1": 3265.895170181659,
           "enabled": true,
           "eprice_exp_base": 1.8748433600628054,
           "eprice_pprice_diff": 0.03651222370570837,
           "grid_span": 0.20685325446760122,
           "initial_eprice_ema_dist": -0.03966335667631944,
           "initial_qty_pct": 0.015767599543985628,
           "markup_range": 0.02633487686411241,
           "max_n_entry_orders": 10,
           "min_markup": 0.018827943361368945,
           "n_close_orders": 13,
           "secondary_allocation": 0.34327246272562073,
           "secondary_pprice_diff": 0.06960669018883989,
           "wallet_exposure_limit": 0.1}}