{"config_name": "static_grid_COMPUSDT_319days",
 "logging_level": 0,
 "long": {"auto_unstuck_ema_dist": 0.05804872483083815,
          "auto_unstuck_wallet_exposure_threshold": 0.2058873320308645,
          "backwards_tp": true,
          "ema_span_0": 4057.9918643972183,
          "ema_span_1": 1141.7249439583818,
          "enabled": true,
          "eprice_exp_base": 1.111682708597823,
          "eprice_pprice_diff": 0.01934835795358229,
          "grid_span": 0.10438825939524599,
          "initial_eprice_ema_dist": -0.09583352317927415,
          "initial_qty_pct": 0.008095186862805047,
          "markup_range": 0.004678094903433101,
          "max_n_entry_orders": 12,
          "min_markup": 0.0037620542634549843,
          "n_close_orders": 6,
          "secondary_allocation": 0.09705391857916523,
          "secondary_pprice_diff": 0.09026588704834106,
          "wallet_exposure_limit": 0.1},
 "short": {"auto_unstuck_ema_dist": 0.006906428376241159,
           "auto_unstuck_wallet_exposure_threshold": 0.18618745751116286,
           "backwards_tp": true,
           "ema_span_0": 181.96794511659527,
           "ema_span_1": 9795.096367557371,
           "enabled": true,
           "eprice_exp_base": 1.52978720395749,
           "eprice_pprice_diff": 0.01766021379244109,
           "grid_span": 0.40111751903607695,
           "initial_eprice_ema_dist": -0.000790620178589863,
           "initial_qty_pct": 0.008599234281585348,
           "markup_range": 0.0035600740291408207,
           "max_n_entry_orders": 13,
           "min_markup": 0.02,
           "n_close_orders": 10,
           "secondary_allocation": 0.47099183672054984,
           "secondary_pprice_diff": 0.22086184536485676,
           "wallet_exposure_limit": 0.1}}