{"config_name": "static_grid_COMPUSDT_162days",
 "logging_level": 0,
 "long": {"auto_unstuck_ema_dist": 0.09299774224915286,
          "auto_unstuck_wallet_exposure_threshold": 0,
          "backwards_tp": true,
          "ema_span_0": 860.2463051373334,
          "ema_span_1": 8678.644132397225,
          "enabled": true,
          "eprice_exp_base": 2.07266748206254,
          "eprice_pprice_diff": 0.03674100612172395,
          "grid_span": 0.2359621223043173,
          "initial_eprice_ema_dist": -0.021948351730596977,
          "initial_qty_pct": 0.013282271320436823,
          "markup_range": 0.05266084786952318,
          "max_n_entry_orders": 10,
          "min_markup": 0.06,
          "n_close_orders": 28,
          "secondary_allocation": 0.06326525164153868,
          "secondary_pprice_diff": 0.4319121388806761,
          "wallet_exposure_limit": 0.1},
 "short": {"auto_unstuck_ema_dist": 0.044159257836220725,
           "auto_unstuck_wallet_exposure_threshold": 0.6878311636571299,
           "backwards_tp": true,
           "ema_span_0": 1108.0890673586766,
           "ema_span_1": 9812.065693111357,
           "enabled": true,
           "eprice_exp_base": 1.860207316683561,
           "eprice_pprice_diff": 0.014681492187347512,
           "grid_span": 0.301049609758641,
           "initial_eprice_ema_dist": -0.012403624685554629,
           "initial_qty_pct": 0.035489619907402244,
           "markup_range": 0.05332154003427264,
           "max_n_entry_orders": 10,
           "min_markup": 0.02673934331151251,
           "n_close_orders": 26,
           "secondary_allocation": 0.33764076417924377,
           "secondary_pprice_diff": 0.43270378073904237,
           "wallet_exposure_limit": 0.1}}