{"config_name": "static_grid_COMPUSDT_167days",
 "logging_level": 0,
 "long": {"auto_unstuck_ema_dist": 0.08943461710293463,
          "auto_unstuck_wallet_exposure_threshold": 0.17363382959595552,
          "backwards_tp": true,
          "ema_span_0": 428.5782267068755,
          "ema_span_1": 7755.633414087794,
          "enabled": true,
          "eprice_exp_base": 1.0707997774844726,
          "eprice_pprice_diff": 0.02700761618177085,
          "grid_span": 0.22077663600977332,
          "initial_eprice_ema_dist": -0.020495792590851936,
          "initial_qty_pct": 0.05,
          "markup_range": 0.04158077078306264,
          "max_n_entry_orders": 10,
          "min_markup": 0.05944921307217142,
          "n_close_orders": 24,
          "secondary_allocation": 0.20052127015928278,
          "secondary_pprice_diff": 0.4545050903843505,
          "wallet_exposure_limit": 0.1},
 "short": {"auto_unstuck_ema_dist": 0.05004705602626375,
           "auto_unstuck_wallet_exposure_threshold": 0.660617134044839,
           "backwards_tp": true,
           "ema_span_0": 476.6533021792545,
           "ema_span_1": 9259.64885319275,
           "enabled": true,
           "eprice_exp_base": 1.512850889809113,
           "eprice_pprice_diff": 0.019535411317869074,
           "grid_span": 0.6042580713647895,
           "initial_eprice_ema_dist": -0.018278514647490817,
           "initial_qty_pct": 0.027577763953980036,
           "markup_range": 0.050653854682395555,
           "max_n_entry_orders": 10,
           "min_markup": 0.06,
           "n_close_orders": 7,
           "secondary_allocation": 0.1605462754442398,
           "secondary_pprice_diff": 0.3175478281892215,
           "wallet_exposure_limit": 0.1}}