{"config_name": "static_grid_COMPUSDT_106days",
 "logging_level": 0,
 "long": {"auto_unstuck_ema_dist": 0.09056156769625819,
          "auto_unstuck_wallet_exposure_threshold": 0,
          "backwards_tp": true,
          "ema_span_0": 970.8499015106364,
          "ema_span_1": 7729.545761683219,
          "enabled": true,
          "eprice_exp_base": 1.669619219472515,
          "eprice_pprice_diff": 0.015174362586892875,
          "grid_span": 0.19237744236235801,
          "initial_eprice_ema_dist": -0.023760514379370597,
          "initial_qty_pct": 0.04235474241800274,
          "markup_range": 0.0221543112030753,
          "max_n_entry_orders": 10,
          "min_markup": 0.04121580496305621,
          "n_close_orders": 10,
          "secondary_allocation": 0.10021849435105012,
          "secondary_pprice_diff": 0.3766353911032708,
          "wallet_exposure_limit": 0.1},
 "short": {"auto_unstuck_ema_dist": 0.050818135693757566,
           "auto_unstuck_wallet_exposure_threshold": 0.4958562416759518,
           "backwards_tp": true,
           "ema_span_0": 1967.6897865009619,
           "ema_span_1": 8265.138432397287,
           "enabled": true,
           "eprice_exp_base": 1.9432035017289901,
           "eprice_pprice_diff": 0.010207955493980982,
           "grid_span": 0.42151189605129336,
           "initial_eprice_ema_dist": -0.06710099690205296,
           "initial_qty_pct": 0.043551136939682204,
           "markup_range": 0.02149211999935884,
           "max_n_entry_orders": 10,
           "min_markup": 0.04097146902966921,
           "n_close_orders": 16,
           "secondary_allocation": 0.07023806175277322,
           "secondary_pprice_diff": 0.4148085753068785,
           "wallet_exposure_limit": 0.1}}