{"config_name": "static_grid_COMPUSDT_202days",
 "logging_level": 0,
 "long": {"auto_unstuck_ema_dist": 0.025247366936829642,
          "auto_unstuck_wallet_exposure_threshold": 0,
          "backwards_tp": true,
          "ema_span_0": 4058.183899384325,
          "ema_span_1": 6941.588115642202,
          "enabled": true,
          "eprice_exp_base": 2.050435584836548,
          "eprice_pprice_diff": 0.017757513495752886,
          "grid_span": 0.21756782201493566,
          "initial_eprice_ema_dist": -0.006593210384188131,
          "initial_qty_pct": 0.01,
          "markup_range": 0.020387745725165416,
          "max_n_entry_orders": 10,
          "min_markup": 0.03404803014731673,
          "n_close_orders": 15,
          "secondary_allocation": 0.05531247981768644,
          "secondary_pprice_diff": 0.05,
          "wallet_exposure_limit": 0.1},
 "short": {"auto_unstuck_ema_dist": 0.023015630024595144,
           "auto_unstuck_wallet_exposure_threshold": 0.6613640426247609,
           "backwards_tp": true,
           "ema_span_0": 1421.5528583114658,
           "ema_span_1": 1940.2881728572775,
           "enabled": true,
           "eprice_exp_base": 1.7787784818856103,
           "eprice_pprice_diff": 0.012990163467776318,
           "grid_span": 0.10627657454296449,
           "initial_eprice_ema_dist": -0.03181194005656999,
           "initial_qty_pct": 0.021915220189047954,
           "markup_range": 0.01928520346085711,
           "max_n_entry_orders": 10,
           "min_markup": 0.044059133716404866,
           "n_close_orders": 16,
           "secondary_allocation": 0.04705489330449635,
           "secondary_pprice_diff": 0.3429878682710949,
           "wallet_exposure_limit": 0.1}}