{"config_name": "tatic_grid_COMPUSDT_219days",
 "logging_level": 0,
 "long": {"auto_unstuck_ema_dist": 0.038467718108028584,
          "auto_unstuck_wallet_exposure_threshold": 0.07985168518577093,
          "backwards_tp": true,
          "ema_span_0": 1347.183197122915,
          "ema_span_1": 10080,
          "enabled": true,
          "eprice_exp_base": 1.2333502865220622,
          "eprice_pprice_diff": 0.021937559815589137,
          "grid_span": 0.28451644500082346,
          "initial_eprice_ema_dist": -0.09718469336761354,
          "initial_qty_pct": 0.008390062472459641,
          "markup_range": 0.014427628978755163,
          "max_n_entry_orders": 10,
          "min_markup": 0.01729813673223947,
          "n_close_orders": 15,
          "secondary_allocation": 0.058215211279285806,
          "secondary_pprice_diff": 0.3912812420438014,
          "wallet_exposure_limit": 0.1},
 "short": {"auto_unstuck_ema_dist": 0.03640043086505179,
           "auto_unstuck_wallet_exposure_threshold": 0.06711152671600215,
           "backwards_tp": true,
           "ema_span_0": 247.3016163635766,
           "ema_span_1": 3257.1366418101065,
           "enabled": true,
           "eprice_exp_base": 1.4054817019497032,
           "eprice_pprice_diff": 0.010901495912378396,
           "grid_span": 0.20857136760592546,
           "initial_eprice_ema_dist": -0.00664831262138672,
           "initial_qty_pct": 0.014424097660328828,
           "markup_range": 0.005018939561883548,
           "max_n_entry_orders": 11,
           "min_markup": 0.01992570754881922,
           "n_close_orders": 18,
           "secondary_allocation": 0.03469161474903682,
           "secondary_pprice_diff": 0.4106567638636705,
           "wallet_exposure_limit": 0.1}}
