{"config_name": "static_grid_COMPUSDT_208days",
 "logging_level": 0,
 "long": {"auto_unstuck_ema_dist": 0.07409731347189004,
          "auto_unstuck_wallet_exposure_threshold": 0.5192704561754617,
          "backwards_tp": true,
          "ema_span_0": 517.6408906035736,
          "ema_span_1": 3966.961620225496,
          "enabled": true,
          "eprice_exp_base": 1.443143475600063,
          "eprice_pprice_diff": 0.03273575791364063,
          "grid_span": 0.14829685994705122,
          "initial_eprice_ema_dist": -0.00384945493814603,
          "initial_qty_pct": 0.0124259974314782,
          "markup_range": 0.015588335197638374,
          "max_n_entry_orders": 12,
          "min_markup": 0.01106718063492222,
          "n_close_orders": 9,
          "secondary_allocation": 0.4737990104955207,
          "secondary_pprice_diff": 0.12274546678745922,
          "wallet_exposure_limit": 0.1},
 "short": {"auto_unstuck_ema_dist": 0.010947611513591372,
           "auto_unstuck_wallet_exposure_threshold": 0.5560779104045651,
           "backwards_tp": true,
           "ema_span_0": 224.6826510330605,
           "ema_span_1": 9543.490155305244,
           "enabled": true,
           "eprice_exp_base": 1.1812611962830688,
           "eprice_pprice_diff": 0.013972642866903097,
           "grid_span": 0.21161475283269376,
           "initial_eprice_ema_dist": -0.02819915023673187,
           "initial_qty_pct": 0.010978452379022839,
           "markup_range": 0.016976149386689,
           "max_n_entry_orders": 12,
           "min_markup": 0.00784886911138037,
           "n_close_orders": 18,
           "secondary_allocation": 0.2805843198372866,
           "secondary_pprice_diff": 0.09200787740566782,
           "wallet_exposure_limit": 0.1}}