{"config_name": "static_grid_COMPUSDT_250days",
 "logging_level": 0,
 "long": {"auto_unstuck_ema_dist": 0.07532770733255045,
          "auto_unstuck_wallet_exposure_threshold": 0.192860424954046,
          "backwards_tp": true,
          "ema_span_0": 3149.1912106398554,
          "ema_span_1": 10080,
          "enabled": true,
          "eprice_exp_base": 1.2488812568771643,
          "eprice_pprice_diff": 0.026278765312531933,
          "grid_span": 0.2806720250388107,
          "initial_eprice_ema_dist": -0.08087405223380725,
          "initial_qty_pct": 0.008823216225468038,
          "markup_range": 0.01834026147044326,
          "max_n_entry_orders": 13,
          "min_markup": 0.017655227209375773,
          "n_close_orders": 13,
          "secondary_allocation": 0.13407581390949974,
          "secondary_pprice_diff": 0.3239235604845488,
          "wallet_exposure_limit": 0.1},
 "short": {"auto_unstuck_ema_dist": 0.0796051529815878,
           "auto_unstuck_wallet_exposure_threshold": 0.15408537965254945,
           "backwards_tp": true,
           "ema_span_0": 3121.3370523825142,
           "ema_span_1": 8704.387202749767,
           "enabled": true,
           "eprice_exp_base": 1.1010977639509973,
           "eprice_pprice_diff": 0.03280374978963366,
           "grid_span": 0.4721181694477789,
           "initial_eprice_ema_dist": -0.054547034450132675,
           "initial_qty_pct": 0.007,
           "markup_range": 0.04,
           "max_n_entry_orders": 13,
           "min_markup": 0.019731856205600914,
           "n_close_orders": 16,
           "secondary_allocation": 0.6516185467182998,
           "secondary_pprice_diff": 0.35557445557280404,
           "wallet_exposure_limit": 0.1}}