{"config_name": "static_grid_COMPUSDT_230days",
 "logging_level": 0,
 "long": {"auto_unstuck_ema_dist": 0.06294907595432497,
          "auto_unstuck_wallet_exposure_threshold": 0.2940745492227234,
          "backwards_tp": true,
          "ema_span_0": 3685.376487899822,
          "ema_span_1": 887.5358076520952,
          "enabled": true,
          "eprice_exp_base": 1.26381647720263,
          "eprice_pprice_diff": 0.03001465109228269,
          "grid_span": 0.28232908309914917,
          "initial_eprice_ema_dist": -0.09515899816231572,
          "initial_qty_pct": 0.009778906398602967,
          "markup_range": 0.016048360508576862,
          "max_n_entry_orders": 12,
          "min_markup": 0.014472096375976112,
          "n_close_orders": 11,
          "secondary_allocation": 0.1778882524663261,
          "secondary_pprice_diff": 0.05,
          "wallet_exposure_limit": 0.1},
 "short": {"auto_unstuck_ema_dist": 0.02663084525166165,
           "auto_unstuck_wallet_exposure_threshold": 0.5682353505465783,
           "backwards_tp": true,
           "ema_span_0": 1056.3807417738499,
           "ema_span_1": 6654.133348952232,
           "enabled": true,
           "eprice_exp_base": 1.2303476741799135,
           "eprice_pprice_diff": 0.012774587976914543,
           "grid_span": 0.20231793734477427,
           "initial_eprice_ema_dist": -0.04385037384508564,
           "initial_qty_pct": 0.007336375009570245,
           "markup_range": 0.011065151597696707,
           "max_n_entry_orders": 10,
           "min_markup": 0.00633513516839145,
           "n_close_orders": 9,
           "secondary_allocation": 0.2494867414700312,
           "secondary_pprice_diff": 0.33911042950884196,
           "wallet_exposure_limit": 0.1}}