{"config_name": "static_grid_COMPUSDT_144days",
 "logging_level": 0,
 "long": {"auto_unstuck_ema_dist": 0.06438565707109942,
          "auto_unstuck_wallet_exposure_threshold": 0,
          "backwards_tp": true,
          "ema_span_0": 456.77437765000076,
          "ema_span_1": 1670.8747245034742,
          "enabled": true,
          "eprice_exp_base": 1.0388835754804762,
          "eprice_pprice_diff": 0.038967714185297125,
          "grid_span": 0.22975817240562976,
          "initial_eprice_ema_dist": -0.05132967694276633,
          "initial_qty_pct": 0.010768185137951698,
          "markup_range": 0.06,
          "max_n_entry_orders": 10,
          "min_markup": 0.06,
          "n_close_orders": 4,
          "secondary_allocation": 0.5328697564511368,
          "secondary_pprice_diff": 0.054089077189756356,
          "wallet_exposure_limit": 0.1},
 "short": {"auto_unstuck_ema_dist": 0.019214132907465088,
           "auto_unstuck_wallet_exposure_threshold": 0.9394413525623246,
           "backwards_tp": true,
           "ema_span_0": 1652.0852527806835,
           "ema_span_1": 1440,
           "enabled": true,
           "eprice_exp_base": 1.7024385422432793,
           "eprice_pprice_diff": 0.02742468856541321,
           "grid_span": 0.44195801574453897,
           "initial_eprice_ema_dist": -0.014235648857676916,
           "initial_qty_pct": 0.03755565266909254,
           "markup_range": 0.039133564453975124,
           "max_n_entry_orders": 10,
           "min_markup": 0.06,
           "n_close_orders": 24,
           "secondary_allocation": 0.5778433285615653,
           "secondary_pprice_diff": 0.22010381012213898,
           "wallet_exposure_limit": 0.1}}