{"config_name": "static_grid_COMPUSDT_204days",
 "logging_level": 0,
 "long": {"auto_unstuck_ema_dist": 0.09585169761811797,
          "auto_unstuck_wallet_exposure_threshold": 0,
          "backwards_tp": true,
          "ema_span_0": 2436.7206455741048,
          "ema_span_1": 8369.308278897446,
          "enabled": true,
          "eprice_exp_base": 1.7083659192728406,
          "eprice_pprice_diff": 0.045225170240218306,
          "grid_span": 0.22223905125357957,
          "initial_eprice_ema_dist": -0.0257883102227321,
          "initial_qty_pct": 0.023389291892127143,
          "markup_range": 0.05542581611828849,
          "max_n_entry_orders": 10,
          "min_markup": 0.039813805099768805,
          "n_close_orders": 14,
          "secondary_allocation": 0.24933933245677714,
          "secondary_pprice_diff": 0.09753851732978301,
          "wallet_exposure_limit": 0.1},
 "short": {"auto_unstuck_ema_dist": 0.021564638689609162,
           "auto_unstuck_wallet_exposure_threshold": 0.9648426931485861,
           "backwards_tp": true,
           "ema_span_0": 1376.58485212584,
           "ema_span_1": 1440,
           "enabled": true,
           "eprice_exp_base": 1.9057288387210964,
           "eprice_pprice_diff": 0.04780906640133031,
           "grid_span": 0.5619626734697136,
           "initial_eprice_ema_dist": -0.0007273386796139282,
           "initial_qty_pct": 0.014455336561717711,
           "markup_range": 0.0055933254702570335,
           "max_n_entry_orders": 10,
           "min_markup": 0.04445802923403457,
           "n_close_orders": 6,
           "secondary_allocation": 0.6772575425600076,
           "secondary_pprice_diff": 0.29229713766599386,
           "wallet_exposure_limit": 0.1}}