{"config_name": "static_grid_COMPUSDT_177days",
 "logging_level": 0,
 "long": {"auto_unstuck_ema_dist": 0.09220936179957183,
          "auto_unstuck_wallet_exposure_threshold": 0,
          "backwards_tp": true,
          "ema_span_0": 1451.1036292083754,
          "ema_span_1": 8301.295893795304,
          "enabled": true,
          "eprice_exp_base": 1.6685985513611243,
          "eprice_pprice_diff": 0.04803343705522141,
          "grid_span": 0.22281029820863404,
          "initial_eprice_ema_dist": -0.023735500269578304,
          "initial_qty_pct": 0.02031740396511096,
          "markup_range": 0.058129825608751136,
          "max_n_entry_orders": 10,
          "min_markup": 0.06,
          "n_close_orders": 16,
          "secondary_allocation": 0.05691056730168622,
          "secondary_pprice_diff": 0.17724862792887902,
          "wallet_exposure_limit": 0.1},
 "short": {"auto_unstuck_ema_dist": 0.04831109041253332,
           "auto_unstuck_wallet_exposure_threshold": 0.8312137702950998,
           "backwards_tp": true,
           "ema_span_0": 1524.196781372317,
           "ema_span_1": 10080,
           "enabled": true,
           "eprice_exp_base": 2.1,
           "eprice_pprice_diff": 0.0446032532710708,
           "grid_span": 0.3048218819969176,
           "initial_eprice_ema_dist": -0.00223206830652453,
           "initial_qty_pct": 0.033479261995930674,
           "markup_range": 0.045079559121839675,
           "max_n_entry_orders": 10,
           "min_markup": 0.03297648967424247,
           "n_close_orders": 22,
           "secondary_allocation": 0.29051693328583444,
           "secondary_pprice_diff": 0.16669171338278288,
           "wallet_exposure_limit": 0.1}}