{"config_name": "static_grid_COMPUSDT_215days",
 "logging_level": 0,
 "long": {"auto_unstuck_ema_dist": 0.06865048381042725,
          "auto_unstuck_wallet_exposure_threshold": 0,
          "backwards_tp": true,
          "ema_span_0": 4222.286844927704,
          "ema_span_1": 7281.620046191494,
          "enabled": true,
          "eprice_exp_base": 2.04135904754143,
          "eprice_pprice_diff": 0.007429048180756289,
          "grid_span": 0.23108902624916014,
          "initial_eprice_ema_dist": -0.014846354214235857,
          "initial_qty_pct": 0.03397364553303432,
          "markup_range": 0.007321378530241259,
          "max_n_entry_orders": 10,
          "min_markup": 0.03725564051482787,
          "n_close_orders": 13,
          "secondary_allocation": 0.059289652005082426,
          "secondary_pprice_diff": 0.08391202928568205,
          "wallet_exposure_limit": 0.1},
 "short": {"auto_unstuck_ema_dist": 0.05676395418929278,
           "auto_unstuck_wallet_exposure_threshold": 0.5051235930757033,
           "backwards_tp": true,
           "ema_span_0": 758.3037201529471,
           "ema_span_1": 6560.020488933809,
           "enabled": true,
           "eprice_exp_base": 1.2461320645845773,
           "eprice_pprice_diff": 0.03433013785529523,
           "grid_span": 0.2671669311062981,
           "initial_eprice_ema_dist": -0.0550059999968031,
           "initial_qty_pct": 0.027186296883426206,
           "markup_range": 0.02453658389181591,
           "max_n_entry_orders": 10,
           "min_markup": 0.05036848253426466,
           "n_close_orders": 9,
           "secondary_allocation": 0.27788572016448443,
           "secondary_pprice_diff": 0.38939935456857344,
           "wallet_exposure_limit": 0.1}}