{"config_name": "static_grid_COMPUSDT_304days",
 "logging_level": 0,
 "long": {"auto_unstuck_ema_dist": 0.039412582002707565,
          "auto_unstuck_wallet_exposure_threshold": 0.5613042114707282,
          "backwards_tp": true,
          "ema_span_0": 646.5962776985358,
          "ema_span_1": 1239.356459452422,
          "enabled": true,
          "eprice_exp_base": 1.3084087347656672,
          "eprice_pprice_diff": 0.013015410905837207,
          "grid_span": 0.2674790753326322,
          "initial_eprice_ema_dist": -0.016636595147663275,
          "initial_qty_pct": 0.007,
          "markup_range": 0.0025166276289280056,
          "max_n_entry_orders": 11,
          "min_markup": 0.007472602337260349,
          "n_close_orders": 14,
          "secondary_allocation": 0.04981746581259676,
          "secondary_pprice_diff": 0.24957048560418352,
          "wallet_exposure_limit": 0.1},
 "short": {"auto_unstuck_ema_dist": 0.05504057632604155,
           "auto_unstuck_wallet_exposure_threshold": 0.016541925356897202,
           "backwards_tp": true,
           "ema_span_0": 1510.9943054135829,
           "ema_span_1": 7433.458187563724,
           "enabled": true,
           "eprice_exp_base": 1.2954986296029203,
           "eprice_pprice_diff": 0.027433127489872613,
           "grid_span": 0.40500584324287703,
           "initial_eprice_ema_dist": -0.025531118970366806,
           "initial_qty_pct": 0.007,
           "markup_range": 0.02897635988179593,
           "max_n_entry_orders": 12,
           "min_markup": 0.01762073110154722,
           "n_close_orders": 16,
           "secondary_allocation": 0.6806063034615031,
           "secondary_pprice_diff": 0.3705055034197787,
           "wallet_exposure_limit": 0.1}}