{"config_name": "static_grid_COMPUSDT_227days",
 "logging_level": 0,
 "long": {"auto_unstuck_ema_dist": 0.03280898128007922,
          "auto_unstuck_wallet_exposure_threshold": 0.3029776998165901,
          "backwards_tp": true,
          "ema_span_0": 902.1849111662145,
          "ema_span_1": 3670.2467393232546,
          "enabled": true,
          "eprice_exp_base": 1.0903731683538849,
          "eprice_pprice_diff": 0.034687597752112165,
          "grid_span": 0.2936639065505855,
          "initial_eprice_ema_dist": -0.002100264711525501,
          "initial_qty_pct": 0.007143381558335652,
          "markup_range": 0.01887685102777138,
          "max_n_entry_orders": 13,
          "min_markup": 0.02,
          "n_close_orders": 19,
          "secondary_allocation": 0.108775773007452,
          "secondary_pprice_diff": 0.07513834165267678,
          "wallet_exposure_limit": 0.1},
 "short": {"auto_unstuck_ema_dist": 0.024388893388863714,
           "auto_unstuck_wallet_exposure_threshold": 0.33679335402529836,
           "backwards_tp": true,
           "ema_span_0": 1527.0042520727986,
           "ema_span_1": 7263.112874949208,
           "enabled": true,
           "eprice_exp_base": 1.2469355985805377,
           "eprice_pprice_diff": 0.012363106869662828,
           "grid_span": 0.22932880022040084,
           "initial_eprice_ema_dist": -0.03509948423010405,
           "initial_qty_pct": 0.007967898908078669,
           "markup_range": 0.01643829718302401,
           "max_n_entry_orders": 11,
           "min_markup": 0.00530331118591124,
           "n_close_orders": 7,
           "secondary_allocation": 0.059389888548706034,
           "secondary_pprice_diff": 0.15799088600777972,
           "wallet_exposure_limit": 0.1}}