{"config_name": "static_grid_COMPUSDT_333days",
 "logging_level": 0,
 "long": {"auto_unstuck_ema_dist": 0.07739018551248408,
          "auto_unstuck_wallet_exposure_threshold": 0.24237823856899463,
          "backwards_tp": true,
          "ema_span_0": 3661.7002079977983,
          "ema_span_1": 10019.220851260994,
          "enabled": true,
          "eprice_exp_base": 1.0626836901546448,
          "eprice_pprice_diff": 0.029331691325324497,
          "grid_span": 0.2758893403525097,
          "initial_eprice_ema_dist": -0.08526234962209367,
          "initial_qty_pct": 0.007,
          "markup_range": 0.02257978204402981,
          "max_n_entry_orders": 12,
          "min_markup": 0.01719967485689468,
          "n_close_orders": 19,
          "secondary_allocation": 0.10473674369893084,
          "secondary_pprice_diff": 0.29884196187205825,
          "wallet_exposure_limit": 0.1},
 "short": {"auto_unstuck_ema_dist": 0.0712660789783734,
           "auto_unstuck_wallet_exposure_threshold": 0.5674645715666833,
           "backwards_tp": true,
           "ema_span_0": 3478.9076554159305,
           "ema_span_1": 9483.057754169626,
           "enabled": true,
           "eprice_exp_base": 1.1326615871711199,
           "eprice_pprice_diff": 0.029092409422169407,
           "grid_span": 0.4320751137397543,
           "initial_eprice_ema_dist": -0.03462771992806658,
           "initial_qty_pct": 0.007686916670763063,
           "markup_range": 0.037236028246836694,
           "max_n_entry_orders": 13,
           "min_markup": 0.014430695034478216,
           "n_close_orders": 7,
           "secondary_allocation": 0.6183928071392429,
           "secondary_pprice_diff": 0.39207761288799325,
           "wallet_exposure_limit": 0.1}}