{"config_name": "static_grid_COMPUSDT_240days",
 "logging_level": 0,
 "long": {"auto_unstuck_ema_dist": 0.07553466363905043,
          "auto_unstuck_wallet_exposure_threshold": 0.3907361041011893,
          "backwards_tp": true,
          "ema_span_0": 3532.3315997000777,
          "ema_span_1": 4733.73442963337,
          "enabled": true,
          "eprice_exp_base": 1.2605466837682915,
          "eprice_pprice_diff": 0.02540634545436193,
          "grid_span": 0.28694269531022576,
          "initial_eprice_ema_dist": -0.08577225181847496,
          "initial_qty_pct": 0.007,
          "markup_range": 0.01223779329838596,
          "max_n_entry_orders": 12,
          "min_markup": 0.015995628718574906,
          "n_close_orders": 20,
          "secondary_allocation": 0.13649122248971374,
          "secondary_pprice_diff": 0.3403886069691163,
          "wallet_exposure_limit": 0.1},
 "short": {"auto_unstuck_ema_dist": 0.1,
           "auto_unstuck_wallet_exposure_threshold": 0.14065322475562642,
           "backwards_tp": true,
           "ema_span_0": 268.7899319069734,
           "ema_span_1": 1445.9944819247787,
           "enabled": true,
           "eprice_exp_base": 1.094683751518671,
           "eprice_pprice_diff": 0.01819059082773523,
           "grid_span": 0.2053043178902382,
           "initial_eprice_ema_dist": -0.028487269251340566,
           "initial_qty_pct": 0.0078565556314503,
           "markup_range": 0.002832231692768304,
           "max_n_entry_orders": 11,
           "min_markup": 0.010988467250802774,
           "n_close_orders": 16,
           "secondary_allocation": 0.5090233388379504,
           "secondary_pprice_diff": 0.3330457945066658,
           "wallet_exposure_limit": 0.1}}