{"config_name": "static_grid_COMPUSDT_186days",
 "logging_level": 0,
 "long": {"auto_unstuck_ema_dist": 0.09395524830444173,
          "auto_unstuck_wallet_exposure_threshold": 0.040352997237734,
          "backwards_tp": true,
          "ema_span_0": 714.3657319344234,
          "ema_span_1": 7702.970424573314,
          "enabled": true,
          "eprice_exp_base": 1.7118311000662456,
          "eprice_pprice_diff": 0.027178998831788093,
          "grid_span": 0.20009664641385738,
          "initial_eprice_ema_dist": -0.025426874377818515,
          "initial_qty_pct": 0.01,
          "markup_range": 0.05548300756121221,
          "max_n_entry_orders": 10,
          "min_markup": 0.05346352472913677,
          "n_close_orders": 24,
          "secondary_allocation": 0.2275200465307368,
          "secondary_pprice_diff": 0.11777800059003159,
          "wallet_exposure_limit": 0.1},
 "short": {"auto_unstuck_ema_dist": 0.04657286321906548,
           "auto_unstuck_wallet_exposure_threshold": 0.6539987242543852,
           "backwards_tp": true,
           "ema_span_0": 1421.0827936078604,
           "ema_span_1": 10066.260275831837,
           "enabled": true,
           "eprice_exp_base": 1.385193986256338,
           "eprice_pprice_diff": 0.03644077040373991,
           "grid_span": 0.47865467027540914,
           "initial_eprice_ema_dist": -0.017438296674848086,
           "initial_qty_pct": 0.013053353204266024,
           "markup_range": 0.04468592600707074,
           "max_n_entry_orders": 10,
           "min_markup": 0.02580130258533648,
           "n_close_orders": 28,
           "secondary_allocation": 0.25607144457468983,
           "secondary_pprice_diff": 0.3811736699680086,
           "wallet_exposure_limit": 0.1}}