{"config_name": "static_grid_COMPUSDT_263days",
 "logging_level": 0,
 "long": {"auto_unstuck_ema_dist": 0.06166242264292505,
          "auto_unstuck_wallet_exposure_threshold": 0.3564499680161527,
          "backwards_tp": true,
          "ema_span_0": 3532.2573931260035,
          "ema_span_1": 3162.2831325614147,
          "enabled": true,
          "eprice_exp_base": 1.0944095375052043,
          "eprice_pprice_diff": 0.013147027971361044,
          "grid_span": 0.18316528197616985,
          "initial_eprice_ema_dist": -0.0927119753885455,
          "initial_qty_pct": 0.008543844797305298,
          "markup_range": 0.004841573546838247,
          "max_n_entry_orders": 12,
          "min_markup": 0.004473479648433647,
          "n_close_orders": 13,
          "secondary_allocation": 0.36027808694823565,
          "secondary_pprice_diff": 0.08338542376756233,
          "wallet_exposure_limit": 0.1},
 "short": {"auto_unstuck_ema_dist": 0.09118524685871354,
           "auto_unstuck_wallet_exposure_threshold": 0.48083868855050377,
           "backwards_tp": true,
           "ema_span_0": 826.9566690365396,
           "ema_span_1": 5917.947556600988,
           "enabled": true,
           "eprice_exp_base": 1.1804200755836016,
           "eprice_pprice_diff": 0.012652201679643317,
           "grid_span": 0.3011202496374312,
           "initial_eprice_ema_dist": -0.015046190927079617,
           "initial_qty_pct": 0.0078162583923049,
           "markup_range": 0.006374257040833398,
           "max_n_entry_orders": 10,
           "min_markup": 0.00896743412510088,
           "n_close_orders": 11,
           "secondary_allocation": 0.4911170316480223,
           "secondary_pprice_diff": 0.28776013017780044,
           "wallet_exposure_limit": 0.1}}