{"config_name": "static_grid_DOGEUSDT_168days",
 "logging_level": 0,
 "long": {"auto_unstuck_ema_dist": 0.027874799799562217,
          "auto_unstuck_wallet_exposure_threshold": 0.35441246498753814,
          "backwards_tp": true,
          "ema_span_0": 1796.830246316361,
          "ema_span_1": 8018.869628612476,
          "enabled": true,
          "eprice_exp_base": 1.0717612484362633,
          "eprice_pprice_diff": 0.012685859848781941,
          "grid_span": 0.2814092300207183,
          "initial_eprice_ema_dist": -0.012461141897541097,
          "initial_qty_pct": 0.02324357512647188,
          "markup_range": 0.03547670938785045,
          "max_n_entry_orders": 10,
          "min_markup": 0.05870563970044677,
          "n_close_orders": 25,
          "secondary_allocation": 0.19267563648610186,
          "secondary_pprice_diff": 0.09360933288734052,
          "wallet_exposure_limit": 0.1},
 "short": {"auto_unstuck_ema_dist": 0.05695017776231505,
           "auto_unstuck_wallet_exposure_threshold": 0.6636321470681066,
           "backwards_tp": true,
           "ema_span_0": 3070.068362822472,
           "ema_span_1": 3159.788502068695,
           "enabled": true,
           "eprice_exp_base": 1.9494413327521398,
           "eprice_pprice_diff": 0.01112060118415547,
           "grid_span": 0.21143085812098486,
           "initial_eprice_ema_dist": -0.04851864335220222,
           "initial_qty_pct": 0.04068381753640944,
           "markup_range": 0.0013515718714169661,
           "max_n_entry_orders": 10,
           "min_markup": 0.028161740407800104,
           "n_close_orders": 29,
           "secondary_allocation": 0.14793207943830827,
           "secondary_pprice_diff": 0.2835366966812541,
           "wallet_exposure_limit": 0.1}}