{"config_name": "static_grid_DOGEUSDT_135days",
 "logging_level": 0,
 "long": {"auto_unstuck_ema_dist": 0.09994533624779187,
          "auto_unstuck_wallet_exposure_threshold": 0.15888366903088835,
          "backwards_tp": true,
          "ema_span_0": 578.744847723428,
          "ema_span_1": 8729.613318552858,
          "enabled": true,
          "eprice_exp_base": 1.4646430564410369,
          "eprice_pprice_diff": 0.045271642316141475,
          "grid_span": 0.2183131025166261,
          "initial_eprice_ema_dist": -0.013422976210684362,
          "initial_qty_pct": 0.03583424929772282,
          "markup_range": 0.05769699306093169,
          "max_n_entry_orders": 10,
          "min_markup": 0.05516160895689648,
          "n_close_orders": 9,
          "secondary_allocation": 0.0560322556283888,
          "secondary_pprice_diff": 0.19920194772278194,
          "wallet_exposure_limit": 0.1},
 "short": {"auto_unstuck_ema_dist": 0.07611299095304785,
           "auto_unstuck_wallet_exposure_threshold": 0.7703734832192823,
           "backwards_tp": true,
           "ema_span_0": 1550.590221248657,
           "ema_span_1": 2868.063748849329,
           "enabled": true,
           "eprice_exp_base": 1.7855758270180735,
           "eprice_pprice_diff": 0.008863923458515154,
           "grid_span": 0.1,
           "initial_eprice_ema_dist": -0.08525875032054081,
           "initial_qty_pct": 0.01472741365001,
           "markup_range": 0.01349995559338718,
           "max_n_entry_orders": 10,
           "min_markup": 0.010595103370633322,
           "n_close_orders": 28,
           "secondary_allocation": 0.014662277476947087,
           "secondary_pprice_diff": 0.18186923258705434,
           "wallet_exposure_limit": 0.1}}