{"config_name": "static_grid_DOGEUSDT_209days",
 "logging_level": 0,
 "long": {"auto_unstuck_ema_dist": 0.05989000461341413,
          "auto_unstuck_wallet_exposure_threshold": 0.30737209945765304,
          "backwards_tp": true,
          "ema_span_0": 1379.925811254027,
          "ema_span_1": 5706.622000324757,
          "enabled": true,
          "eprice_exp_base": 1.1878644564192593,
          "eprice_pprice_diff": 0.04580644157413555,
          "grid_span": 0.3001534262322774,
          "initial_eprice_ema_dist": 0,
          "initial_qty_pct": 0.045437476093618874,
          "markup_range": 0.02747497562344381,
          "max_n_entry_orders": 10,
          "min_markup": 0.0579630736327747,
          "n_close_orders": 24,
          "secondary_allocation": 0.053451288096080116,
          "secondary_pprice_diff": 0.08435938860715654,
          "wallet_exposure_limit": 0.1},
 "short": {"auto_unstuck_ema_dist": 0.09288331970259395,
           "auto_unstuck_wallet_exposure_threshold": 0,
           "backwards_tp": true,
           "ema_span_0": 3487.4323472389174,
           "ema_span_1": 5761.037920691461,
           "enabled": true,
           "eprice_exp_base": 1.4198836395506422,
           "eprice_pprice_diff": 0.004023963163074754,
           "grid_span": 0.3485442651345816,
           "initial_eprice_ema_dist": -0.018787795564608568,
           "initial_qty_pct": 0.02474665826178018,
           "markup_range": 0.056349544415424495,
           "max_n_entry_orders": 10,
           "min_markup": 0.04355786995434845,
           "n_close_orders": 6,
           "secondary_allocation": 0.6438426017884868,
           "secondary_pprice_diff": 0.2077385583117791,
           "wallet_exposure_limit": 0.1}}