{"config_name": "static_grid_DOGEUSDT_152days",
 "logging_level": 0,
 "long": {"auto_unstuck_ema_dist": 0.03929849390866415,
          "auto_unstuck_wallet_exposure_threshold": 0.1623452786491535,
          "backwards_tp": true,
          "ema_span_0": 3163.583107812197,
          "ema_span_1": 6487.345343933289,
          "enabled": true,
          "eprice_exp_base": 1.1779386298404226,
          "eprice_pprice_diff": 0.04791314725029804,
          "grid_span": 0.25578205265558673,
          "initial_eprice_ema_dist": -0.014568939041311652,
          "initial_qty_pct": 0.04258844987761598,
          "markup_range": 0.05257515994002837,
          "max_n_entry_orders": 10,
          "min_markup": 0.0581527372317097,
          "n_close_orders": 12,
          "secondary_allocation": 0.3821084169547991,
          "secondary_pprice_diff": 0.06854776162082543,
          "wallet_exposure_limit": 0.1},
 "short": {"auto_unstuck_ema_dist": 0.08868660104563399,
           "auto_unstuck_wallet_exposure_threshold": 0.8291201741750801,
           "backwards_tp": true,
           "ema_span_0": 1837.110054365809,
           "ema_span_1": 2006.093302212237,
           "enabled": true,
           "eprice_exp_base": 1.6433351464634547,
           "eprice_pprice_diff": 0.005402434440194196,
           "grid_span": 0.1,
           "initial_eprice_ema_dist": -0.024990734535121652,
           "initial_qty_pct": 0.014947290107342234,
           "markup_range": 0.012593023577019016,
           "max_n_entry_orders": 10,
           "min_markup": 0.02350982698809894,
           "n_close_orders": 9,
           "secondary_allocation": 0.041721594351933726,
           "secondary_pprice_diff": 0.18512192766598484,
           "wallet_exposure_limit": 0.1}}