{"config_name": "static_grid_DOGEUSDT_200days",
 "logging_level": 0,
 "long": {"auto_unstuck_ema_dist": 0.09228482509598458,
          "auto_unstuck_wallet_exposure_threshold": 0.2930227003745305,
          "backwards_tp": true,
          "ema_span_0": 771.6494300504157,
          "ema_span_1": 7838.077281648685,
          "enabled": true,
          "eprice_exp_base": 1.116769014850309,
          "eprice_pprice_diff": 0.014241651028124287,
          "grid_span": 0.3783135426264804,
          "initial_eprice_ema_dist": -0.052118152862093536,
          "initial_qty_pct": 0.02169437263639603,
          "markup_range": 0.019333922116591514,
          "max_n_entry_orders": 10,
          "min_markup": 0.027805459120992887,
          "n_close_orders": 24,
          "secondary_allocation": 0.11978476614597006,
          "secondary_pprice_diff": 0.45198795559047217,
          "wallet_exposure_limit": 0.1},
 "short": {"auto_unstuck_ema_dist": 0.060342006021081786,
           "auto_unstuck_wallet_exposure_threshold": 0.017151112660532708,
           "backwards_tp": true,
           "ema_span_0": 4004.802263184096,
           "ema_span_1": 8645.254550832607,
           "enabled": true,
           "eprice_exp_base": 1.866634859092902,
           "eprice_pprice_diff": 0.03257065174396888,
           "grid_span": 0.25863142080512275,
           "initial_eprice_ema_dist": -0.057748786046195114,
           "initial_qty_pct": 0.046838094658758676,
           "markup_range": 0.03779999148880098,
           "max_n_entry_orders": 10,
           "min_markup": 0.04784219951601372,
           "n_close_orders": 24,
           "secondary_allocation": 0.06177397256110822,
           "secondary_pprice_diff": 0.3449407119194158,
           "wallet_exposure_limit": 0.1}}