{"config_name": "static_grid_DOGEUSDT_184days",
 "logging_level": 0,
 "long": {"auto_unstuck_ema_dist": 0.04246699746201099,
          "auto_unstuck_wallet_exposure_threshold": 0.18544668436954448,
          "backwards_tp": true,
          "ema_span_0": 2426.5017939800346,
          "ema_span_1": 5970.640459179433,
          "enabled": true,
          "eprice_exp_base": 1.9510538368018047,
          "eprice_pprice_diff": 0.009191573124282424,
          "grid_span": 0.25641273020631067,
          "initial_eprice_ema_dist": -0.027058398981051984,
          "initial_qty_pct": 0.0281428071157669,
          "markup_range": 0.04291079912421921,
          "max_n_entry_orders": 10,
          "min_markup": 0.05864094340471096,
          "n_close_orders": 8,
          "secondary_allocation": 0.2623558543095344,
          "secondary_pprice_diff": 0.06575332881303055,
          "wallet_exposure_limit": 0.1},
 "short": {"auto_unstuck_ema_dist": 0.035793955373183785,
           "auto_unstuck_wallet_exposure_threshold": 0.6661269008936128,
           "backwards_tp": true,
           "ema_span_0": 1234.334309952605,
           "ema_span_1": 3671.222039004623,
           "enabled": true,
           "eprice_exp_base": 1.1193768685022982,
           "eprice_pprice_diff": 0.0035594174191309006,
           "grid_span": 0.1949600027057104,
           "initial_eprice_ema_dist": -0.06891576943539121,
           "initial_qty_pct": 0.024378286402085135,
           "markup_range": 0.003258674770927563,
           "max_n_entry_orders": 10,
           "min_markup": 0.020456287665110748,
           "n_close_orders": 18,
           "secondary_allocation": 0.1899093778825993,
           "secondary_pprice_diff": 0.25797837476483726,
           "wallet_exposure_limit": 0.1}}