{"config_name": "static_grid_DOGEUSDT_213days",
 "logging_level": 0,
 "long": {"auto_unstuck_ema_dist": 0.09771403464210172,
          "auto_unstuck_wallet_exposure_threshold": 0.2300284544233553,
          "backwards_tp": true,
          "ema_span_0": 850.6692977610824,
          "ema_span_1": 4214.735902649466,
          "enabled": true,
          "eprice_exp_base": 1.4419742590230171,
          "eprice_pprice_diff": 0.023269762860590574,
          "grid_span": 0.23105673059484383,
          "initial_eprice_ema_dist": -0.0021323213141502314,
          "initial_qty_pct": 0.01909862147549908,
          "markup_range": 0.04172250253560396,
          "max_n_entry_orders": 10,
          "min_markup": 0.04780927232088923,
          "n_close_orders": 6,
          "secondary_allocation": 0.0809389371190308,
          "secondary_pprice_diff": 0.27105571881645313,
          "wallet_exposure_limit": 0.1},
 "short": {"auto_unstuck_ema_dist": 0.06331057014101095,
           "auto_unstuck_wallet_exposure_threshold": 0.5584585815333292,
           "backwards_tp": true,
           "ema_span_0": 1806.6992362793258,
           "ema_span_1": 2174.6997449005953,
           "enabled": true,
           "eprice_exp_base": 1.7966642545512639,
           "eprice_pprice_diff": 0.03582637752794031,
           "grid_span": 0.15168085162978195,
           "initial_eprice_ema_dist": -0.08750499075583823,
           "initial_qty_pct": 0.04392798978874865,
           "markup_range": 0.028355624282291027,
           "max_n_entry_orders": 10,
           "min_markup": 0.05394034247522569,
           "n_close_orders": 5,
           "secondary_allocation": 0.02207714696688861,
           "secondary_pprice_diff": 0.4417986391456007,
           "wallet_exposure_limit": 0.1}}