{"config_name": "static_grid_DOGEUSDT_139days",
 "logging_level": 0,
 "long": {"auto_unstuck_ema_dist": 0.04929882722337751,
          "auto_unstuck_wallet_exposure_threshold": 0.23317021847168204,
          "backwards_tp": true,
          "ema_span_0": 2872.12216113785,
          "ema_span_1": 5622.456208110099,
          "enabled": true,
          "eprice_exp_base": 1.0880028487073936,
          "eprice_pprice_diff": 0.04926213194369613,
          "grid_span": 0.3074838766716167,
          "initial_eprice_ema_dist": -0.03409510181354061,
          "initial_qty_pct": 0.01,
          "markup_range": 0.04255331037760329,
          "max_n_entry_orders": 10,
          "min_markup": 0.054283394846281884,
          "n_close_orders": 18,
          "secondary_allocation": 0.6309699886518261,
          "secondary_pprice_diff": 0.05,
          "wallet_exposure_limit": 0.1},
 "short": {"auto_unstuck_ema_dist": 0.012468318412459224,
           "auto_unstuck_wallet_exposure_threshold": 0.9278788678684613,
           "backwards_tp": true,
           "ema_span_0": 450.8112595334301,
           "ema_span_1": 2078.7115425805746,
           "enabled": true,
           "eprice_exp_base": 1.083486458945057,
           "eprice_pprice_diff": 0.009659315445208528,
           "grid_span": 0.15754526056847942,
           "initial_eprice_ema_dist": -0.09992301825628934,
           "initial_qty_pct": 0.021659836299316705,
           "markup_range": 0.013425726873046731,
           "max_n_entry_orders": 10,
           "min_markup": 0.05450696859401868,
           "n_close_orders": 21,
           "secondary_allocation": 0.0007712714403710775,
           "secondary_pprice_diff": 0.30874649756263955,
           "wallet_exposure_limit": 0.1}}