{"config_name": "static_grid_DOGEUSDT_258days",
 "logging_level": 0,
 "long": {"auto_unstuck_ema_dist": 0.020789533863819258,
          "auto_unstuck_wallet_exposure_threshold": 0.6,
          "backwards_tp": true,
          "ema_span_0": 1215.5846638307792,
          "ema_span_1": 9363.392442348128,
          "enabled": true,
          "eprice_exp_base": 1.034793558542403,
          "eprice_pprice_diff": 0.030392763611478052,
          "grid_span": 0.21287000429046699,
          "initial_eprice_ema_dist": -0.01995577210664363,
          "initial_qty_pct": 0.009965932998573653,
          "markup_range": 0.022320149776145153,
          "max_n_entry_orders": 13,
          "min_markup": 0.019485962657123237,
          "n_close_orders": 10,
          "secondary_allocation": 0.13332387019551614,
          "secondary_pprice_diff": 0.3652557821886116,
          "wallet_exposure_limit": 0.1},
 "short": {"auto_unstuck_ema_dist": 0.07884911417458254,
           "auto_unstuck_wallet_exposure_threshold": 0.21993230517746587,
           "backwards_tp": true,
           "ema_span_0": 2574.465310909033,
           "ema_span_1": 3912.583887257908,
           "enabled": true,
           "eprice_exp_base": 1.866814449266808,
           "eprice_pprice_diff": 0.015595528124709353,
           "grid_span": 0.4113313926278304,
           "initial_eprice_ema_dist": -0.06791300355650438,
           "initial_qty_pct": 0.007322660074050295,
           "markup_range": 0.003909298786754612,
           "max_n_entry_orders": 11,
           "min_markup": 0.01797021363775365,
           "n_close_orders": 15,
           "secondary_allocation": 0.4637868922713695,
           "secondary_pprice_diff": 0.191832576159496,
           "wallet_exposure_limit": 0.1}}