{"config_name": "static_grid_DOGEUSDT_181days",
 "logging_level": 0,
 "long": {"auto_unstuck_ema_dist": 0.09364193573582143,
          "auto_unstuck_wallet_exposure_threshold": 0.16200045276154024,
          "backwards_tp": true,
          "ema_span_0": 464.2373876378482,
          "ema_span_1": 9342.028998812324,
          "enabled": true,
          "eprice_exp_base": 1.145880512037817,
          "eprice_pprice_diff": 0.04622772698734235,
          "grid_span": 0.27016530298697694,
          "initial_eprice_ema_dist": -0.0009964693269565552,
          "initial_qty_pct": 0.03138349224565578,
          "markup_range": 0.03458359897976376,
          "max_n_entry_orders": 10,
          "min_markup": 0.05640599628635922,
          "n_close_orders": 24,
          "secondary_allocation": 0.20769303126538013,
          "secondary_pprice_diff": 0.11986451187931571,
          "wallet_exposure_limit": 0.1},
 "short": {"auto_unstuck_ema_dist": 0.07305923209389373,
           "auto_unstuck_wallet_exposure_threshold": 0.8438686871642616,
           "backwards_tp": true,
           "ema_span_0": 754.8463545328015,
           "ema_span_1": 9631.749512468685,
           "enabled": true,
           "eprice_exp_base": 1.1572832712034102,
           "eprice_pprice_diff": 0.020224426178487374,
           "grid_span": 0.658994649580533,
           "initial_eprice_ema_dist": -0.09224464649082609,
           "initial_qty_pct": 0.04120531547328749,
           "markup_range": 0.03971281589250004,
           "max_n_entry_orders": 10,
           "min_markup": 0.04605591623356237,
           "n_close_orders": 27,
           "secondary_allocation": 0.6400175280149507,
           "secondary_pprice_diff": 0.36587859212481433,
           "wallet_exposure_limit": 0.1}}