{"config_name": "static_grid_DOGEUSDT_183days",
 "logging_level": 0,
 "long": {"auto_unstuck_ema_dist": 0.023242615221394078,
          "auto_unstuck_wallet_exposure_threshold": 0.17221684582799335,
          "backwards_tp": true,
          "ema_span_0": 4244.001792068881,
          "ema_span_1": 7762.382622722272,
          "enabled": true,
          "eprice_exp_base": 1.3901724613821518,
          "eprice_pprice_diff": 0.01976688317704103,
          "grid_span": 0.28267723402674627,
          "initial_eprice_ema_dist": -0.01069926817701366,
          "initial_qty_pct": 0.015273312079511723,
          "markup_range": 0.0497679238655036,
          "max_n_entry_orders": 10,
          "min_markup": 0.03653695332313888,
          "n_close_orders": 14,
          "secondary_allocation": 0.0415379011154054,
          "secondary_pprice_diff": 0.30106215883432924,
          "wallet_exposure_limit": 0.1},
 "short": {"auto_unstuck_ema_dist": 0.04425822523153305,
           "auto_unstuck_wallet_exposure_threshold": 0.5757432740292169,
           "backwards_tp": true,
           "ema_span_0": 362.2794049587396,
           "ema_span_1": 2647.6987949709087,
           "enabled": true,
           "eprice_exp_base": 1.931445281453423,
           "eprice_pprice_diff": 0.0077097398597103725,
           "grid_span": 0.12073312164306924,
           "initial_eprice_ema_dist": -0.07359764056065157,
           "initial_qty_pct": 0.029005697035774686,
           "markup_range": 0.00658850956330948,
           "max_n_entry_orders": 10,
           "min_markup": 0.027039378496846834,
           "n_close_orders": 27,
           "secondary_allocation": 0.18502187584128368,
           "secondary_pprice_diff": 0.14270970778447986,
           "wallet_exposure_limit": 0.1}}