{"config_name": "static_grid_DOGEUSDT_236days",
 "logging_level": 0,
 "long": {"auto_unstuck_ema_dist": 0.02930633894544851,
          "auto_unstuck_wallet_exposure_threshold": 0.492798383904137,
          "backwards_tp": true,
          "ema_span_0": 1900.4375162711851,
          "ema_span_1": 9065.081603716237,
          "enabled": true,
          "eprice_exp_base": 1.0182806357844474,
          "eprice_pprice_diff": 0.03035942619531103,
          "grid_span": 0.1938340702211685,
          "initial_eprice_ema_dist": -0.001005782612764624,
          "initial_qty_pct": 0.011596761728332735,
          "markup_range": 0.016510104727391884,
          "max_n_entry_orders": 12,
          "min_markup": 0.018125301388665048,
          "n_close_orders": 16,
          "secondary_allocation": 0.522476258020381,
          "secondary_pprice_diff": 0.055286426681525905,
          "wallet_exposure_limit": 0.1},
 "short": {"auto_unstuck_ema_dist": 0.05538584391654962,
           "auto_unstuck_wallet_exposure_threshold": 0.17445256143285492,
           "backwards_tp": true,
           "ema_span_0": 665.5549882512144,
           "ema_span_1": 120,
           "enabled": true,
           "eprice_exp_base": 1.3860037201622293,
           "eprice_pprice_diff": 0.0340906867436595,
           "grid_span": 0.45709511248050444,
           "initial_eprice_ema_dist": -0.012777810319463548,
           "initial_qty_pct": 0.007,
           "markup_range": 0.03260786205317344,
           "max_n_entry_orders": 12,
           "min_markup": 0.017575417468241754,
           "n_close_orders": 12,
           "secondary_allocation": 0.39616688283457735,
           "secondary_pprice_diff": 0.4378383667234415,
           "wallet_exposure_limit": 0.1}}