{"config_name": "static_grid_DOGEUSDT_165days",
 "logging_level": 0,
 "long": {"auto_unstuck_ema_dist": 0.03952850818104934,
          "auto_unstuck_wallet_exposure_threshold": 0.10006944696218782,
          "backwards_tp": true,
          "ema_span_0": 1391.6730608936243,
          "ema_span_1": 10065.003082588506,
          "enabled": true,
          "eprice_exp_base": 1.507107119154634,
          "eprice_pprice_diff": 0.04988646458920154,
          "grid_span": 0.2208191655844311,
          "initial_eprice_ema_dist": 0,
          "initial_qty_pct": 0.03663856923024417,
          "markup_range": 0.024382387105095493,
          "max_n_entry_orders": 10,
          "min_markup": 0.05610127046454328,
          "n_close_orders": 6,
          "secondary_allocation": 0.09010507566467123,
          "secondary_pprice_diff": 0.1712290700213077,
          "wallet_exposure_limit": 0.1},
 "short": {"auto_unstuck_ema_dist": 0.058822780150033976,
           "auto_unstuck_wallet_exposure_threshold": 0.8268021318423162,
           "backwards_tp": true,
           "ema_span_0": 360,
           "ema_span_1": 9797.940267323871,
           "enabled": true,
           "eprice_exp_base": 1.0913834590212028,
           "eprice_pprice_diff": 0.004506351105498633,
           "grid_span": 0.13161061734553495,
           "initial_eprice_ema_dist": -0.09346446549914333,
           "initial_qty_pct": 0.047327351064288654,
           "markup_range": 0.020953579214905663,
           "max_n_entry_orders": 10,
           "min_markup": 0.056691145790765604,
           "n_close_orders": 17,
           "secondary_allocation": 0.029081581814042856,
           "secondary_pprice_diff": 0.1457960958874155,
           "wallet_exposure_limit": 0.1}}