{"config_name": "static_grid_DOGEUSDT_132day",
 "logging_level": 0,
 "long": {"auto_unstuck_ema_dist": 0.08057749745854041,
          "auto_unstuck_wallet_exposure_threshold": 0.2805052705614389,
          "backwards_tp": true,
          "ema_span_0": 416.0820130742948,
          "ema_span_1": 5005.6371134716765,
          "enabled": true,
          "eprice_exp_base": 1.0227128345364123,
          "eprice_pprice_diff": 0.03064946313478402,
          "grid_span": 0.19924459529105648,
          "initial_eprice_ema_dist": -0.01229989330836035,
          "initial_qty_pct": 0.024585276526389813,
          "markup_range": 0.056984044524975144,
          "max_n_entry_orders": 10,
          "min_markup": 0.05108081798311882,
          "n_close_orders": 21,
          "secondary_allocation": 0.45209463240626907,
          "secondary_pprice_diff": 0.13338800101789958,
          "wallet_exposure_limit": 0.1},
 "short": {"auto_unstuck_ema_dist": 0.05274685034964682,
           "auto_unstuck_wallet_exposure_threshold": 0.7211910475039985,
           "backwards_tp": true,
           "ema_span_0": 3285.023383076003,
           "ema_span_1": 2688.9313623454964,
           "enabled": true,
           "eprice_exp_base": 1.721047325516998,
           "eprice_pprice_diff": 0.01039534584278489,
           "grid_span": 0.3188713932763715,
           "initial_eprice_ema_dist": -0.05119579705420781,
           "initial_qty_pct": 0.014010291543289923,
           "markup_range": 0.006562625814084663,
           "max_n_entry_orders": 10,
           "min_markup": 0.023842028510002774,
           "n_close_orders": 24,
           "secondary_allocation": 0.04432377949252804,
           "secondary_pprice_diff": 0.48184260025695563,
           "wallet_exposure_limit": 0.1}}
