{"config_name": "static_grid_DOGEUSDT_226days",
 "logging_level": 0,
 "long": {"auto_unstuck_ema_dist": 0.0285375116845051,
          "auto_unstuck_wallet_exposure_threshold": 0.5367973611030905,
          "backwards_tp": true,
          "ema_span_0": 1656.2412666521184,
          "ema_span_1": 4470.727800230559,
          "enabled": true,
          "eprice_exp_base": 1.1706966400267795,
          "eprice_pprice_diff": 0.03255099291846686,
          "grid_span": 0.25394707691665785,
          "initial_eprice_ema_dist": -0.015505865492555152,
          "initial_qty_pct": 0.007,
          "markup_range": 0.0332856412375014,
          "max_n_entry_orders": 12,
          "min_markup": 0.013624146104870146,
          "n_close_orders": 5,
          "secondary_allocation": 0.24706017557703197,
          "secondary_pprice_diff": 0.20594686771441334,
          "wallet_exposure_limit": 0.1},
 "short": {"auto_unstuck_ema_dist": 0.07687889815772742,
           "auto_unstuck_wallet_exposure_threshold": 0.5203150080573907,
           "backwards_tp": true,
           "ema_span_0": 955.2076987557092,
           "ema_span_1": 2484.861059223284,
           "enabled": true,
           "eprice_exp_base": 1.5760515954291496,
           "eprice_pprice_diff": 0.02734488727656354,
           "grid_span": 0.41057182256107755,
           "initial_eprice_ema_dist": -0.0009917268285422733,
           "initial_qty_pct": 0.007,
           "markup_range": 0.03258870062702843,
           "max_n_entry_orders": 12,
           "min_markup": 0.01845169709536061,
           "n_close_orders": 18,
           "secondary_allocation": 0.5246680135243285,
           "secondary_pprice_diff": 0.4606881403225394,
           "wallet_exposure_limit": 0.1}}