{"config_name": "static_grid_DOGEUSDT_184days",
 "logging_level": 0,
 "long": {"auto_unstuck_ema_dist": 0.03968625151240472,
          "auto_unstuck_wallet_exposure_threshold": 0.2613472583338187,
          "backwards_tp": true,
          "ema_span_0": 4156.164789630198,
          "ema_span_1": 7338.916052014452,
          "enabled": true,
          "eprice_exp_base": 1.524995704274339,
          "eprice_pprice_diff": 0.0352435682640388,
          "grid_span": 0.3133156761626907,
          "initial_eprice_ema_dist": -0.07737166031898986,
          "initial_qty_pct": 0.01086865132914146,
          "markup_range": 0.05933812494328024,
          "max_n_entry_orders": 10,
          "min_markup": 0.0507961288212427,
          "n_close_orders": 4,
          "secondary_allocation": 0.26168080977608693,
          "secondary_pprice_diff": 0.28394864779477413,
          "wallet_exposure_limit": 0.1},
 "short": {"auto_unstuck_ema_dist": 0.07416553820668005,
           "auto_unstuck_wallet_exposure_threshold": 0.8560311472274517,
           "backwards_tp": true,
           "ema_span_0": 1003.6767432329638,
           "ema_span_1": 10080,
           "enabled": true,
           "eprice_exp_base": 1.8360812664619892,
           "eprice_pprice_diff": 0.0028292269787314524,
           "grid_span": 0.22035482770431128,
           "initial_eprice_ema_dist": -0.09542868654984406,
           "initial_qty_pct": 0.04526541648454058,
           "markup_range": 0.005316935214783305,
           "max_n_entry_orders": 10,
           "min_markup": 0.05445961504322648,
           "n_close_orders": 24,
           "secondary_allocation": 0.32744295315076616,
           "secondary_pprice_diff": 0.08538742380164668,
           "wallet_exposure_limit": 0.1}}