{"config_name": "static_grid_DOGEUSDT_208days",
 "logging_level": 0,
 "long": {"auto_unstuck_ema_dist": 0.015008246937501973,
          "auto_unstuck_wallet_exposure_threshold": 0.5559526546991206,
          "backwards_tp": true,
          "ema_span_0": 716.0134981385112,
          "ema_span_1": 8973.750852412215,
          "enabled": true,
          "eprice_exp_base": 1.119606367282263,
          "eprice_pprice_diff": 0.028049281393089015,
          "grid_span": 0.1866477671810297,
          "initial_eprice_ema_dist": -0.022761918847372137,
          "initial_qty_pct": 0.008916357802637899,
          "markup_range": 0.024770481613609955,
          "max_n_entry_orders": 11,
          "min_markup": 0.01828984536281796,
          "n_close_orders": 18,
          "secondary_allocation": 0.08199111008256384,
          "secondary_pprice_diff": 0.17048207518728797,
          "wallet_exposure_limit": 0.1},
 "short": {"auto_unstuck_ema_dist": 0.029433628180071083,
           "auto_unstuck_wallet_exposure_threshold": 0.06549206774879386,
           "backwards_tp": true,
           "ema_span_0": 2274.016857177401,
           "ema_span_1": 7358.844098733946,
           "enabled": true,
           "eprice_exp_base": 1.2022600588272858,
           "eprice_pprice_diff": 0.023759025819651506,
           "grid_span": 0.1,
           "initial_eprice_ema_dist": -0.015912917254768438,
           "initial_qty_pct": 0.007,
           "markup_range": 0.0008844059699720299,
           "max_n_entry_orders": 12,
           "min_markup": 0.017140164252415237,
           "n_close_orders": 15,
           "secondary_allocation": 0.2991507247598866,
           "secondary_pprice_diff": 0.0902707177780269,
           "wallet_exposure_limit": 0.1}}