{"config_name": "static_grid_DOGEUSDT_296days",
 "logging_level": 0,
 "long": {"auto_unstuck_ema_dist": 0.010925232224089698,
          "auto_unstuck_wallet_exposure_threshold": 0.4337990678212843,
          "backwards_tp": true,
          "ema_span_0": 1619.1607859197518,
          "ema_span_1": 9886.37814973829,
          "enabled": true,
          "eprice_exp_base": 1.0556505932535354,
          "eprice_pprice_diff": 0.027050040231890584,
          "grid_span": 0.2098337363232096,
          "initial_eprice_ema_dist": -0.010979899135455258,
          "initial_qty_pct": 0.007315340298778593,
          "markup_range": 0.02159922587850628,
          "max_n_entry_orders": 12,
          "min_markup": 0.010360062352736907,
          "n_close_orders": 12,
          "secondary_allocation": 0.005626589618831167,
          "secondary_pprice_diff": 0.0711995120925195,
          "wallet_exposure_limit": 0.1},
 "short": {"auto_unstuck_ema_dist": 0.0647633215738005,
           "auto_unstuck_wallet_exposure_threshold": 0.382963534401614,
           "backwards_tp": true,
           "ema_span_0": 332.94126698173693,
           "ema_span_1": 847.075693109071,
           "enabled": true,
           "eprice_exp_base": 1.2357915147374854,
           "eprice_pprice_diff": 0.018358556309504295,
           "grid_span": 0.41634514170438913,
           "initial_eprice_ema_dist": -0.01926182148223176,
           "initial_qty_pct": 0.007,
           "markup_range": 0.02770957878781905,
           "max_n_entry_orders": 8,
           "min_markup": 0.009755119862944115,
           "n_close_orders": 11,
           "secondary_allocation": 0.654266486507313,
           "secondary_pprice_diff": 0.05,
           "wallet_exposure_limit": 0.1}}