{"config_name": "static_grid_DOTUSDT_202days",
 "logging_level": 0,
 "long": {"auto_unstuck_ema_dist": 0.06895715057672286,
          "auto_unstuck_wallet_exposure_threshold": 0.7569849703910791,
          "backwards_tp": true,
          "ema_span_0": 2879.492986423068,
          "ema_span_1": 10008.655211776284,
          "enabled": true,
          "eprice_exp_base": 1.7742214415898692,
          "eprice_pprice_diff": 0.017768347320516662,
          "grid_span": 0.3796057625516268,
          "initial_eprice_ema_dist": -0.06552046549275417,
          "initial_qty_pct": 0.03383337886603308,
          "markup_range": 0.05146540033956034,
          "max_n_entry_orders": 10,
          "min_markup": 0.04873625132483658,
          "n_close_orders": 9,
          "secondary_allocation": 0.36621783997051505,
          "secondary_pprice_diff": 0.3963851814701541,
          "wallet_exposure_limit": 0.1},
 "short": {"auto_unstuck_ema_dist": 0.06980284104403472,
           "auto_unstuck_wallet_exposure_threshold": 0.3758340736725371,
           "backwards_tp": true,
           "ema_span_0": 2486.667994006062,
           "ema_span_1": 5432.545840292776,
           "enabled": true,
           "eprice_exp_base": 1.4359403136300863,
           "eprice_pprice_diff": 0.0022341253531839526,
           "grid_span": 0.16227652631303996,
           "initial_eprice_ema_dist": -0.04984653244355209,
           "initial_qty_pct": 0.04078187901591551,
           "markup_range": 0.009043990939171676,
           "max_n_entry_orders": 10,
           "min_markup": 0.056511536466420674,
           "n_close_orders": 9,
           "secondary_allocation": 0.21453556807419585,
           "secondary_pprice_diff": 0.06129212490558864,
           "wallet_exposure_limit": 0.1}}