{"config_name": "static_grid_DOTUSDT_180days",
 "logging_level": 0,
 "long": {"auto_unstuck_ema_dist": 0.036085739260852415,
          "auto_unstuck_wallet_exposure_threshold": 0.4881147090312628,
          "backwards_tp": true,
          "ema_span_0": 1760.1086959777647,
          "ema_span_1": 9993.513453875063,
          "enabled": true,
          "eprice_exp_base": 1.1685983444610146,
          "eprice_pprice_diff": 0.04650065748103113,
          "grid_span": 0.21636125885779078,
          "initial_eprice_ema_dist": -0.01520734499461494,
          "initial_qty_pct": 0.022834854123843125,
          "markup_range": 0.05080111567153071,
          "max_n_entry_orders": 10,
          "min_markup": 0.043406067177502,
          "n_close_orders": 18,
          "secondary_allocation": 0.2824149810427145,
          "secondary_pprice_diff": 0.4687434531282643,
          "wallet_exposure_limit": 0.1},
 "short": {"auto_unstuck_ema_dist": 0.0719959833900551,
           "auto_unstuck_wallet_exposure_threshold": 0.813898989591073,
           "backwards_tp": true,
           "ema_span_0": 2655.0139463272944,
           "ema_span_1": 5751.5100123423,
           "enabled": true,
           "eprice_exp_base": 1.459237109074182,
           "eprice_pprice_diff": 0.0028193753677778623,
           "grid_span": 0.1687904853619784,
           "initial_eprice_ema_dist": -0.053807372480117015,
           "initial_qty_pct": 0.015169622203296162,
           "markup_range": 0.042418740473124925,
           "max_n_entry_orders": 10,
           "min_markup": 0.05565131090245485,
           "n_close_orders": 15,
           "secondary_allocation": 0.04682781760540055,
           "secondary_pprice_diff": 0.4638127775905302,
           "wallet_exposure_limit": 0.1}}