{"config_name": "static_grid_DOTUSDT_166days",
 "logging_level": 0,
 "long": {"auto_unstuck_ema_dist": 0.042038434320725876,
          "auto_unstuck_wallet_exposure_threshold": 0.26928933989516135,
          "backwards_tp": true,
          "ema_span_0": 1452.8552689080348,
          "ema_span_1": 9815.860810497586,
          "enabled": true,
          "eprice_exp_base": 1.65682715462071,
          "eprice_pprice_diff": 0.04338475220255214,
          "grid_span": 0.2511637028770234,
          "initial_eprice_ema_dist": -0.05872717211584845,
          "initial_qty_pct": 0.042907520699071895,
          "markup_range": 0.05320478962178309,
          "max_n_entry_orders": 10,
          "min_markup": 0.05439071842875892,
          "n_close_orders": 22,
          "secondary_allocation": 0.2508488393170756,
          "secondary_pprice_diff": 0.06246231708118505,
          "wallet_exposure_limit": 0.1},
 "short": {"auto_unstuck_ema_dist": 0.07461770701280644,
           "auto_unstuck_wallet_exposure_threshold": 0.6395780128938429,
           "backwards_tp": true,
           "ema_span_0": 3192.94242954654,
           "ema_span_1": 5270.065411793488,
           "enabled": true,
           "eprice_exp_base": 1.029892115231496,
           "eprice_pprice_diff": 0.0073791190369341935,
           "grid_span": 0.13037523045850433,
           "initial_eprice_ema_dist": -0.05198613667718019,
           "initial_qty_pct": 0.013742060126841331,
           "markup_range": 0.013705510796519584,
           "max_n_entry_orders": 10,
           "min_markup": 0.053763597933642014,
           "n_close_orders": 28,
           "secondary_allocation": 0.3706426513094098,
           "secondary_pprice_diff": 0.23325282196497094,
           "wallet_exposure_limit": 0.1}}