{"config_name": "static_grid_DOTUSDT_269days",
 "logging_level": 0,
 "long": {"auto_unstuck_ema_dist": 0.031108815821777176,
          "auto_unstuck_wallet_exposure_threshold": 0.547313501390893,
          "backwards_tp": true,
          "ema_span_0": 3228.741474005392,
          "ema_span_1": 6660.977932191179,
          "enabled": true,
          "eprice_exp_base": 1.073534578364929,
          "eprice_pprice_diff": 0.015957015417590346,
          "grid_span": 0.15588184634038998,
          "initial_eprice_ema_dist": -0.09897801317198772,
          "initial_qty_pct": 0.009569011666021792,
          "markup_range": 0.002635372619440692,
          "max_n_entry_orders": 10,
          "min_markup": 0.011479143687216403,
          "n_close_orders": 16,
          "secondary_allocation": 0.006677570589736514,
          "secondary_pprice_diff": 0.2436004932215371,
          "wallet_exposure_limit": 0.1},
 "short": {"auto_unstuck_ema_dist": 0.04586542311553043,
           "auto_unstuck_wallet_exposure_threshold": 0.6,
           "backwards_tp": true,
           "ema_span_0": 1692.767406745297,
           "ema_span_1": 2245.0834344351424,
           "enabled": true,
           "eprice_exp_base": 1.1075439436822707,
           "eprice_pprice_diff": 0.028079272821349838,
           "grid_span": 0.435388072180397,
           "initial_eprice_ema_dist": -0.07787296323556551,
           "initial_qty_pct": 0.010658219573192606,
           "markup_range": 0.038634685201115265,
           "max_n_entry_orders": 12,
           "min_markup": 0.015408632585039746,
           "n_close_orders": 6,
           "secondary_allocation": 0.0429918208855572,
           "secondary_pprice_diff": 0.1480482348534798,
           "wallet_exposure_limit": 0.1}}