{"config_name": "static_grid_DOTUSDT_161days",
 "logging_level": 0,
 "long": {"auto_unstuck_ema_dist": 0.048149900599807886,
          "auto_unstuck_wallet_exposure_threshold": 0.46971452213502574,
          "backwards_tp": true,
          "ema_span_0": 2618.2535134887107,
          "ema_span_1": 9330.881742942405,
          "enabled": true,
          "eprice_exp_base": 1.3115369763361042,
          "eprice_pprice_diff": 0.045176672193655065,
          "grid_span": 0.25344822232237274,
          "initial_eprice_ema_dist": -0.07255243872381804,
          "initial_qty_pct": 0.024345991414957576,
          "markup_range": 0.013916040955564443,
          "max_n_entry_orders": 10,
          "min_markup": 0.054622364053206154,
          "n_close_orders": 14,
          "secondary_allocation": 0.06730692412813649,
          "secondary_pprice_diff": 0.4023692706598774,
          "wallet_exposure_limit": 0.1},
 "short": {"auto_unstuck_ema_dist": 0.07138729430711578,
           "auto_unstuck_wallet_exposure_threshold": 0.7999975269193803,
           "backwards_tp": true,
           "ema_span_0": 2345.631391012625,
           "ema_span_1": 5744.568627330908,
           "enabled": true,
           "eprice_exp_base": 1.7921671975436795,
           "eprice_pprice_diff": 0.03677779786790456,
           "grid_span": 0.6057895872251051,
           "initial_eprice_ema_dist": -0.07558702022371944,
           "initial_qty_pct": 0.04812321369832527,
           "markup_range": 0.055583802005915284,
           "max_n_entry_orders": 10,
           "min_markup": 0.059001529096001905,
           "n_close_orders": 8,
           "secondary_allocation": 0.02201727794117558,
           "secondary_pprice_diff": 0.479540102882168,
           "wallet_exposure_limit": 0.1}}