{"config_name": "static_grid_DOTUSDT_217days",
 "logging_level": 0,
 "long": {"auto_unstuck_ema_dist": 0.030579976295393652,
          "auto_unstuck_wallet_exposure_threshold": 0.3674799468696718,
          "backwards_tp": true,
          "ema_span_0": 3944.5188139779107,
          "ema_span_1": 9119.656015475055,
          "enabled": true,
          "eprice_exp_base": 1.0326666681075607,
          "eprice_pprice_diff": 0.02786706929510753,
          "grid_span": 0.23023645392020528,
          "initial_eprice_ema_dist": -0.08714531813845085,
          "initial_qty_pct": 0.007,
          "markup_range": 0.0323617545438747,
          "max_n_entry_orders": 11,
          "min_markup": 0.01822911816062241,
          "n_close_orders": 18,
          "secondary_allocation": 0.00010382281006268874,
          "secondary_pprice_diff": 0.08385273882650732,
          "wallet_exposure_limit": 0.1},
 "short": {"auto_unstuck_ema_dist": 0.0567274380480865,
           "auto_unstuck_wallet_exposure_threshold": 0.4054045058776128,
           "backwards_tp": true,
           "ema_span_0": 2137.706504593631,
           "ema_span_1": 8881.250786430403,
           "enabled": true,
           "eprice_exp_base": 1.1497535661538243,
           "eprice_pprice_diff": 0.00958696071582824,
           "grid_span": 0.1780802617342523,
           "initial_eprice_ema_dist": -0.01960215014664954,
           "initial_qty_pct": 0.013255839183350495,
           "markup_range": 0.020622260029722218,
           "max_n_entry_orders": 12,
           "min_markup": 0.005343332523941407,
           "n_close_orders": 9,
           "secondary_allocation": 0,
           "secondary_pprice_diff": 0.21670162130679455,
           "wallet_exposure_limit": 0.1}}