{"config_name": "static_grid_DOTUSDT_198days",
 "logging_level": 0,
 "long": {"auto_unstuck_ema_dist": 0.0631704983782118,
          "auto_unstuck_wallet_exposure_threshold": 0.5160407972459391,
          "backwards_tp": true,
          "ema_span_0": 2983.7988613483594,
          "ema_span_1": 9956.47709587727,
          "enabled": true,
          "eprice_exp_base": 1.5676119086562057,
          "eprice_pprice_diff": 0.031942018476693555,
          "grid_span": 0.36749969000512933,
          "initial_eprice_ema_dist": -0.059778124955049416,
          "initial_qty_pct": 0.011466031580590634,
          "markup_range": 0.05297414022814186,
          "max_n_entry_orders": 10,
          "min_markup": 0.041039389181421464,
          "n_close_orders": 26,
          "secondary_allocation": 0.05943744461322013,
          "secondary_pprice_diff": 0.17450421826207504,
          "wallet_exposure_limit": 0.1},
 "short": {"auto_unstuck_ema_dist": 0.06974899139607281,
           "auto_unstuck_wallet_exposure_threshold": 0.8014390477828514,
           "backwards_tp": true,
           "ema_span_0": 3491.7125420099183,
           "ema_span_1": 5791.407822479193,
           "enabled": true,
           "eprice_exp_base": 1.2030145515844746,
           "eprice_pprice_diff": 0.04618397627083973,
           "grid_span": 0.377694642039695,
           "initial_eprice_ema_dist": -0.0497322984991744,
           "initial_qty_pct": 0.0347917471794755,
           "markup_range": 0.05346910772362246,
           "max_n_entry_orders": 10,
           "min_markup": 0.056585127622493,
           "n_close_orders": 16,
           "secondary_allocation": 0.1286724403936855,
           "secondary_pprice_diff": 0.41071565141976313,
           "wallet_exposure_limit": 0.1}}