{"config_name": "static_grid_DOTUSDT_129days",
 "logging_level": 0,
 "long": {"auto_unstuck_ema_dist": 0.04604539239314843,
          "auto_unstuck_wallet_exposure_threshold": 0.6863763700935197,
          "backwards_tp": true,
          "ema_span_0": 592.2099454477515,
          "ema_span_1": 9687.385182705966,
          "enabled": true,
          "eprice_exp_base": 1.3207861562254564,
          "eprice_pprice_diff": 0.014626944623319548,
          "grid_span": 0.43078502866643414,
          "initial_eprice_ema_dist": -0.018102877278667245,
          "initial_qty_pct": 0.018207902248694344,
          "markup_range": 0.010830501396182472,
          "max_n_entry_orders": 10,
          "min_markup": 0.05329321319938759,
          "n_close_orders": 16,
          "secondary_allocation": 0.15799973386860816,
          "secondary_pprice_diff": 0.3131689270187193,
          "wallet_exposure_limit": 0.1},
 "short": {"auto_unstuck_ema_dist": 0.07078501739390441,
           "auto_unstuck_wallet_exposure_threshold": 0.7869511487177728,
           "backwards_tp": true,
           "ema_span_0": 2329.916870026615,
           "ema_span_1": 5746.51016773981,
           "enabled": true,
           "eprice_exp_base": 1.6576303398397152,
           "eprice_pprice_diff": 0.03770359428912067,
           "grid_span": 0.30389626585022894,
           "initial_eprice_ema_dist": -0.05132022646035228,
           "initial_qty_pct": 0.049242650671307765,
           "markup_range": 0.05766296244885373,
           "max_n_entry_orders": 10,
           "min_markup": 0.06,
           "n_close_orders": 27,
           "secondary_allocation": 0.013723464115797744,
           "secondary_pprice_diff": 0.31804555454647215,
           "wallet_exposure_limit": 0.1}}