{"config_name": "static_grid_DOTUSDT_255days",
 "logging_level": 0,
 "long": {"auto_unstuck_ema_dist": 0.025465209631195307,
          "auto_unstuck_wallet_exposure_threshold": 0.5728581950029931,
          "backwards_tp": true,
          "ema_span_0": 984.1332722913288,
          "ema_span_1": 1450.602973183461,
          "enabled": true,
          "eprice_exp_base": 1.0026147049264662,
          "eprice_pprice_diff": 0.019418398212104292,
          "grid_span": 0.20611891331523288,
          "initial_eprice_ema_dist": -0.1,
          "initial_qty_pct": 0.00969311060160156,
          "markup_range": 0.010618829417397276,
          "max_n_entry_orders": 13,
          "min_markup": 0.01339231646693551,
          "n_close_orders": 9,
          "secondary_allocation": 0.007891602232746223,
          "secondary_pprice_diff": 0.20329780795236316,
          "wallet_exposure_limit": 0.1},
 "short": {"auto_unstuck_ema_dist": 0.04721649755235944,
           "auto_unstuck_wallet_exposure_threshold": 0.3687763068931456,
           "backwards_tp": true,
           "ema_span_0": 1391.788488063012,
           "ema_span_1": 1815.4043034242839,
           "enabled": true,
           "eprice_exp_base": 1.2893446605051904,
           "eprice_pprice_diff": 0.0190012835109208,
           "grid_span": 0.48380568221380177,
           "initial_eprice_ema_dist": -0.025775144829861894,
           "initial_qty_pct": 0.0077804451312493885,
           "markup_range": 0.02745640969316752,
           "max_n_entry_orders": 12,
           "min_markup": 0.017346089379644526,
           "n_close_orders": 12,
           "secondary_allocation": 0.16134516518314193,
           "secondary_pprice_diff": 0.3823181945268943,
           "wallet_exposure_limit": 0.1}}