{"config_name": "static_grid_DOTUSDT_206days",
 "logging_level": 0,
 "long": {"auto_unstuck_ema_dist": 0.05672362221422718,
          "auto_unstuck_wallet_exposure_threshold": 0.5417257884652611,
          "backwards_tp": true,
          "ema_span_0": 4079.860231421723,
          "ema_span_1": 8353.488013275022,
          "enabled": true,
          "eprice_exp_base": 1.019592692226927,
          "eprice_pprice_diff": 0.02105639750435374,
          "grid_span": 0.22382587308818133,
          "initial_eprice_ema_dist": -0.07558029893487853,
          "initial_qty_pct": 0.007,
          "markup_range": 0.012050375106307435,
          "max_n_entry_orders": 13,
          "min_markup": 0.01157378937281591,
          "n_close_orders": 6,
          "secondary_allocation": 0.03335525467638837,
          "secondary_pprice_diff": 0.42238290507930715,
          "wallet_exposure_limit": 0.1},
 "short": {"auto_unstuck_ema_dist": 0.0651617320260483,
           "auto_unstuck_wallet_exposure_threshold": 0.4199528692829837,
           "backwards_tp": true,
           "ema_span_0": 4098.657797287397,
           "ema_span_1": 9053.130582197427,
           "enabled": true,
           "eprice_exp_base": 1.1290402379519249,
           "eprice_pprice_diff": 0.009987017484571294,
           "grid_span": 0.15787325345706213,
           "initial_eprice_ema_dist": -0.015668633651415256,
           "initial_qty_pct": 0.009439551093081804,
           "markup_range": 0.01213541599389429,
           "max_n_entry_orders": 11,
           "min_markup": 0.015620656444970245,
           "n_close_orders": 19,
           "secondary_allocation": 0.060370849075241616,
           "secondary_pprice_diff": 0.4504837665515101,
           "wallet_exposure_limit": 0.1}}