{"config_name": "static_grid_DOTUSDT_293days",
 "logging_level": 0,
 "long": {"auto_unstuck_ema_dist": 0.026450186847405504,
          "auto_unstuck_wallet_exposure_threshold": 0.5204188688367298,
          "backwards_tp": true,
          "ema_span_0": 1650.2030651190269,
          "ema_span_1": 3137.4699795704946,
          "enabled": true,
          "eprice_exp_base": 1.0321116297270467,
          "eprice_pprice_diff": 0.016744180474430062,
          "grid_span": 0.18751767107660217,
          "initial_eprice_ema_dist": -0.07009873401811467,
          "initial_qty_pct": 0.007,
          "markup_range": 0.004578276648816704,
          "max_n_entry_orders": 13,
          "min_markup": 0.012746482659036417,
          "n_close_orders": 5,
          "secondary_allocation": 0.1472298056258045,
          "secondary_pprice_diff": 0.34432245909547005,
          "wallet_exposure_limit": 0.1},
 "short": {"auto_unstuck_ema_dist": 0.03977158007870663,
           "auto_unstuck_wallet_exposure_threshold": 0.5804290316601725,
           "backwards_tp": true,
           "ema_span_0": 2031.053162176268,
           "ema_span_1": 3325.6841547500158,
           "enabled": true,
           "eprice_exp_base": 1.0498555793023592,
           "eprice_pprice_diff": 0.009101780724912903,
           "grid_span": 0.40708870182941054,
           "initial_eprice_ema_dist": -0.08197121998496354,
           "initial_qty_pct": 0.00728243609312203,
           "markup_range": 0.00886869260799171,
           "max_n_entry_orders": 12,
           "min_markup": 0.014977700671006922,
           "n_close_orders": 9,
           "secondary_allocation": 0.08016502820349752,
           "secondary_pprice_diff": 0.08083191863403884,
           "wallet_exposure_limit": 0.1}}