{"config_name": "static_grid_DOTUSDT_145days",
 "logging_level": 0,
 "long": {"auto_unstuck_ema_dist": 0.04860883485861375,
          "auto_unstuck_wallet_exposure_threshold": 0.11355542883820513,
          "backwards_tp": true,
          "ema_span_0": 1546.076622848781,
          "ema_span_1": 8877.51679751963,
          "enabled": true,
          "eprice_exp_base": 1.627404682320415,
          "eprice_pprice_diff": 0.03821378024458223,
          "grid_span": 0.2484975891066236,
          "initial_eprice_ema_dist": -0.004732172384437506,
          "initial_qty_pct": 0.01972199052229269,
          "markup_range": 0.02297091533539452,
          "max_n_entry_orders": 10,
          "min_markup": 0.06,
          "n_close_orders": 8,
          "secondary_allocation": 0.051072310027379685,
          "secondary_pprice_diff": 0.3887679394538584,
          "wallet_exposure_limit": 0.1},
 "short": {"auto_unstuck_ema_dist": 0.07207442276030274,
           "auto_unstuck_wallet_exposure_threshold": 0.9066838265139269,
           "backwards_tp": true,
           "ema_span_0": 2676.1680744359323,
           "ema_span_1": 5702.4697189542185,
           "enabled": true,
           "eprice_exp_base": 1.317972720132049,
           "eprice_pprice_diff": 0.040294932122503485,
           "grid_span": 0.5256403998180275,
           "initial_eprice_ema_dist": -0.004901993214764598,
           "initial_qty_pct": 0.030261052452666998,
           "markup_range": 0.0573959363039543,
           "max_n_entry_orders": 10,
           "min_markup": 0.06,
           "n_close_orders": 10,
           "secondary_allocation": 0.6788655982111131,
           "secondary_pprice_diff": 0.08051278283781163,
           "wallet_exposure_limit": 0.1}}