{"config_name": "static_grid_DOTUSDT_224days",
 "logging_level": 0,
 "long": {"auto_unstuck_ema_dist": 0.045619489935032766,
          "auto_unstuck_wallet_exposure_threshold": 0.36990452686273034,
          "backwards_tp": true,
          "ema_span_0": 4320,
          "ema_span_1": 10062.230522197831,
          "enabled": true,
          "eprice_exp_base": 1.32309024933138,
          "eprice_pprice_diff": 0.01541855820080122,
          "grid_span": 0.19273468913510639,
          "initial_eprice_ema_dist": -0.1,
          "initial_qty_pct": 0.007382713896116011,
          "markup_range": 0.010689232683073811,
          "max_n_entry_orders": 10,
          "min_markup": 0.013160252392434476,
          "n_close_orders": 13,
          "secondary_allocation": 0.07581968708845802,
          "secondary_pprice_diff": 0.21091704540446815,
          "wallet_exposure_limit": 0.1},
 "short": {"auto_unstuck_ema_dist": 0.06245576947523245,
           "auto_unstuck_wallet_exposure_threshold": 0.5023702306200856,
           "backwards_tp": true,
           "ema_span_0": 3380.6177295915168,
           "ema_span_1": 9975.51669666955,
           "enabled": true,
           "eprice_exp_base": 1.0924635827016194,
           "eprice_pprice_diff": 0.006619545004291602,
           "grid_span": 0.21938178598630392,
           "initial_eprice_ema_dist": -0.009059214805647225,
           "initial_qty_pct": 0.019798585829805454,
           "markup_range": 0.011660807995820442,
           "max_n_entry_orders": 13,
           "min_markup": 0.013302371132396342,
           "n_close_orders": 10,
           "secondary_allocation": 0.04308642543705035,
           "secondary_pprice_diff": 0.41199728180322204,
           "wallet_exposure_limit": 0.1}}