{"config_name": "static_grid_DOTUSDT_134days",
 "logging_level": 0,
 "long": {"auto_unstuck_ema_dist": 0.06906033220616399,
          "auto_unstuck_wallet_exposure_threshold": 0.5563445521292226,
          "backwards_tp": true,
          "ema_span_0": 794.3392065970476,
          "ema_span_1": 9181.608035677233,
          "enabled": true,
          "eprice_exp_base": 1.7784513947753435,
          "eprice_pprice_diff": 0.02100448236830672,
          "grid_span": 0.23930331869465887,
          "initial_eprice_ema_dist": -0.09962312593718384,
          "initial_qty_pct": 0.01287086605506858,
          "markup_range": 0.05815821194304308,
          "max_n_entry_orders": 10,
          "min_markup": 0.05473974180568905,
          "n_close_orders": 10,
          "secondary_allocation": 0.08561406693598453,
          "secondary_pprice_diff": 0.07123907983755713,
          "wallet_exposure_limit": 0.1},
 "short": {"auto_unstuck_ema_dist": 0.07237669534065368,
           "auto_unstuck_wallet_exposure_threshold": 0.6238912379385219,
           "backwards_tp": true,
           "ema_span_0": 2806.4986553458157,
           "ema_span_1": 5261.165091861489,
           "enabled": true,
           "eprice_exp_base": 1.2974375695964737,
           "eprice_pprice_diff": 0.002,
           "grid_span": 0.12464894585157729,
           "initial_eprice_ema_dist": -0.0722112233467139,
           "initial_qty_pct": 0.017916459462704176,
           "markup_range": 0.0024625930893769385,
           "max_n_entry_orders": 10,
           "min_markup": 0.05146821013839331,
           "n_close_orders": 17,
           "secondary_allocation": 0.030909080827897624,
           "secondary_pprice_diff": 0.05228325597723681,
           "wallet_exposure_limit": 0.1}}