{"config_name": "static_grid_EGLDUSDT_176days",
 "logging_level": 0,
 "long": {"auto_unstuck_ema_dist": 0.054231311759566095,
          "auto_unstuck_wallet_exposure_threshold": 0.09766361575989513,
          "backwards_tp": true,
          "ema_span_0": 2044.060204785959,
          "ema_span_1": 9803.594388737269,
          "enabled": true,
          "eprice_exp_base": 1.8705372664810276,
          "eprice_pprice_diff": 0.038043711806020494,
          "grid_span": 0.32871694738836804,
          "initial_eprice_ema_dist": -0.06178740579385822,
          "initial_qty_pct": 0.04262387910701491,
          "markup_range": 0.05197333964564259,
          "max_n_entry_orders": 10,
          "min_markup": 0.058751014593684106,
          "n_close_orders": 12,
          "secondary_allocation": 0.6335051269609872,
          "secondary_pprice_diff": 0.05,
          "wallet_exposure_limit": 0.1},
 "short": {"auto_unstuck_ema_dist": 0.09785439907822684,
           "auto_unstuck_wallet_exposure_threshold": 0.38084858157657775,
           "backwards_tp": true,
           "ema_span_0": 4082.9811406328745,
           "ema_span_1": 6347.982315966288,
           "enabled": true,
           "eprice_exp_base": 1.9482561846222466,
           "eprice_pprice_diff": 0.010263481688171441,
           "grid_span": 0.18082224855390294,
           "initial_eprice_ema_dist": -0.04736188299065314,
           "initial_qty_pct": 0.020241516440201814,
           "markup_range": 0.02018106611577055,
           "max_n_entry_orders": 10,
           "min_markup": 0.048824431567008365,
           "n_close_orders": 11,
           "secondary_allocation": 0.6165316644999085,
           "secondary_pprice_diff": 0.0837449109633075,
           "wallet_exposure_limit": 0.1}}