{"config_name": "static_grid_EGLDUSDT_103days",
 "logging_level": 0,
 "long": {"auto_unstuck_ema_dist": 0.07535438904252054,
          "auto_unstuck_wallet_exposure_threshold": 0.33004953612948357,
          "backwards_tp": true,
          "ema_span_0": 3888.7011607046556,
          "ema_span_1": 10080,
          "enabled": true,
          "eprice_exp_base": 2.0558389095949265,
          "eprice_pprice_diff": 0.04854697606741886,
          "grid_span": 0.3242652507174138,
          "initial_eprice_ema_dist": -0.08282249234061435,
          "initial_qty_pct": 0.04743823131327245,
          "markup_range": 0.05619732881072393,
          "max_n_entry_orders": 10,
          "min_markup": 0.05944932062191533,
          "n_close_orders": 10,
          "secondary_allocation": 0.3167751924231781,
          "secondary_pprice_diff": 0.08801270159343469,
          "wallet_exposure_limit": 0.1},
 "short": {"auto_unstuck_ema_dist": 0.09377548039138758,
           "auto_unstuck_wallet_exposure_threshold": 0.09137364849978113,
           "backwards_tp": true,
           "ema_span_0": 751.2285762809903,
           "ema_span_1": 2313.4800284398916,
           "enabled": true,
           "eprice_exp_base": 1.3503288936278044,
           "eprice_pprice_diff": 0.04523477366651321,
           "grid_span": 0.19760565870089652,
           "initial_eprice_ema_dist": -0.05610293002286654,
           "initial_qty_pct": 0.01575793558795459,
           "markup_range": 0.053466600360478136,
           "max_n_entry_orders": 10,
           "min_markup": 0.047747507731917875,
           "n_close_orders": 14,
           "secondary_allocation": 0.03987642731748951,
           "secondary_pprice_diff": 0.12864246528814716,
           "wallet_exposure_limit": 0.1}}