{"config_name": "static_grid_EGLDUSDT_214days",
 "logging_level": 0,
 "long": {"auto_unstuck_ema_dist": 0.06681944445360233,
          "auto_unstuck_wallet_exposure_threshold": 0.3470232432359371,
          "backwards_tp": true,
          "ema_span_0": 3499.6962584799503,
          "ema_span_1": 9992.414823232342,
          "enabled": true,
          "eprice_exp_base": 2.0917052875079465,
          "eprice_pprice_diff": 0.020517160979185614,
          "grid_span": 0.3204543115587687,
          "initial_eprice_ema_dist": -0.09191506424809072,
          "initial_qty_pct": 0.05,
          "markup_range": 0.05626704597674825,
          "max_n_entry_orders": 10,
          "min_markup": 0.053997535288315995,
          "n_close_orders": 29,
          "secondary_allocation": 0.2928733013432121,
          "secondary_pprice_diff": 0.4997070216713865,
          "wallet_exposure_limit": 0.1},
 "short": {"auto_unstuck_ema_dist": 0.09929747778131008,
           "auto_unstuck_wallet_exposure_threshold": 0.46643961048298466,
           "backwards_tp": true,
           "ema_span_0": 3493.7946319677803,
           "ema_span_1": 6374.550381724285,
           "enabled": true,
           "eprice_exp_base": 1.7545648363422142,
           "eprice_pprice_diff": 0.04818401512675176,
           "grid_span": 0.14033552345648986,
           "initial_eprice_ema_dist": -0.05642036343469239,
           "initial_qty_pct": 0.02624590029930454,
           "markup_range": 0.028193166620331167,
           "max_n_entry_orders": 10,
           "min_markup": 0.045691127816805004,
           "n_close_orders": 20,
           "secondary_allocation": 0.6167949937968097,
           "secondary_pprice_diff": 0.07448999184495927,
           "wallet_exposure_limit": 0.1}}