{"config_name": "static_grid_EGLDUSDT_246days",
 "logging_level": 0,
 "long": {"auto_unstuck_ema_dist": 0.03316762430593286,
          "auto_unstuck_wallet_exposure_threshold": 0.4663325832816002,
          "backwards_tp": true,
          "ema_span_0": 3875.6796592060577,
          "ema_span_1": 6743.3556719142425,
          "enabled": true,
          "eprice_exp_base": 1.4938730052211413,
          "eprice_pprice_diff": 0.027678352568278154,
          "grid_span": 0.3449796338108245,
          "initial_eprice_ema_dist": -0.0533396588001993,
          "initial_qty_pct": 0.008208890424640437,
          "markup_range": 0.03756924534019183,
          "max_n_entry_orders": 11,
          "min_markup": 0.02,
          "n_close_orders": 18,
          "secondary_allocation": 0.03253689808896197,
          "secondary_pprice_diff": 0.20696693809765326,
          "wallet_exposure_limit": 0.1},
 "short": {"auto_unstuck_ema_dist": 0.04695341334335529,
           "auto_unstuck_wallet_exposure_threshold": 0.3485227826731584,
           "backwards_tp": true,
           "ema_span_0": 3389.8098682584377,
           "ema_span_1": 8152.774712174922,
           "enabled": true,
           "eprice_exp_base": 1.1252079148972713,
           "eprice_pprice_diff": 0.011114602212930138,
           "grid_span": 0.18097967962006645,
           "initial_eprice_ema_dist": -0.01507188518345352,
           "initial_qty_pct": 0.009867721302392357,
           "markup_range": 0.01280739815977041,
           "max_n_entry_orders": 12,
           "min_markup": 0.014911699207798262,
           "n_close_orders": 6,
           "secondary_allocation": 0.29836461895355687,
           "secondary_pprice_diff": 0.05,
           "wallet_exposure_limit": 0.1}}