{"config_name": "static_grid_EGLDUSDT_272days",
 "logging_level": 0,
 "long": {"auto_unstuck_ema_dist": 0.09706603573985344,
          "auto_unstuck_wallet_exposure_threshold": 0.33737500636531254,
          "backwards_tp": true,
          "ema_span_0": 3901.0856359254662,
          "ema_span_1": 8753.469064790861,
          "enabled": true,
          "eprice_exp_base": 1.3369776072537143,
          "eprice_pprice_diff": 0.02274625547251415,
          "grid_span": 0.2434796613864225,
          "initial_eprice_ema_dist": -0.0998550777830062,
          "initial_qty_pct": 0.007,
          "markup_range": 0.02878478572312634,
          "max_n_entry_orders": 8,
          "min_markup": 0.02,
          "n_close_orders": 17,
          "secondary_allocation": 0.5571884656080254,
          "secondary_pprice_diff": 0.09620229849156207,
          "wallet_exposure_limit": 0.1},
 "short": {"auto_unstuck_ema_dist": 0.01357497855636984,
           "auto_unstuck_wallet_exposure_threshold": 0.19618698361083797,
           "backwards_tp": true,
           "ema_span_0": 2383.775606291418,
           "ema_span_1": 8588.74685628015,
           "enabled": true,
           "eprice_exp_base": 1.1381238012798771,
           "eprice_pprice_diff": 0.013971371299178475,
           "grid_span": 0.1714252441332335,
           "initial_eprice_ema_dist": -0.0025419225120516652,
           "initial_qty_pct": 0.007933241741402058,
           "markup_range": 0.024767835804690178,
           "max_n_entry_orders": 13,
           "min_markup": 0.009752457101531426,
           "n_close_orders": 5,
           "secondary_allocation": 0.0817831637866555,
           "secondary_pprice_diff": 0.4432728991293162,
           "wallet_exposure_limit": 0.1}}