{"config_name": "static_grid_EGLDUSDT_325days",
 "logging_level": 0,
 "long": {"auto_unstuck_ema_dist": 0.028874039144075103,
          "auto_unstuck_wallet_exposure_threshold": 0.3789472367562056,
          "backwards_tp": true,
          "ema_span_0": 598.9378610654592,
          "ema_span_1": 9300.461865205098,
          "enabled": true,
          "eprice_exp_base": 1.0200880857505747,
          "eprice_pprice_diff": 0.031237961069655755,
          "grid_span": 0.3095506406503443,
          "initial_eprice_ema_dist": -0.09882188551716643,
          "initial_qty_pct": 0.007,
          "markup_range": 0.02877454642217442,
          "max_n_entry_orders": 10,
          "min_markup": 0.018152422837284056,
          "n_close_orders": 17,
          "secondary_allocation": 0.04358770757703505,
          "secondary_pprice_diff": 0.24503839137501532,
          "wallet_exposure_limit": 0.1},
 "short": {"auto_unstuck_ema_dist": 0.013056470708772137,
           "auto_unstuck_wallet_exposure_threshold": 0.5560723678671063,
           "backwards_tp": true,
           "ema_span_0": 1937.8499801264254,
           "ema_span_1": 8672.523627678667,
           "enabled": true,
           "eprice_exp_base": 1.3249976578906377,
           "eprice_pprice_diff": 0.0116369242748264,
           "grid_span": 0.17247544842090107,
           "initial_eprice_ema_dist": -0.005981910304484044,
           "initial_qty_pct": 0.007095137881529837,
           "markup_range": 0.014991562865832456,
           "max_n_entry_orders": 12,
           "min_markup": 0.012267095174337396,
           "n_close_orders": 12,
           "secondary_allocation": 0.31739236973569646,
           "secondary_pprice_diff": 0.05,
           "wallet_exposure_limit": 0.1}}