{"config_name": "static_grid_EGLDUSDT_237days",
 "logging_level": 0,
 "long": {"auto_unstuck_ema_dist": 0.08096542191349912,
          "auto_unstuck_wallet_exposure_threshold": 0.3277642139358428,
          "backwards_tp": true,
          "ema_span_0": 1981.4042016786368,
          "ema_span_1": 9365.194579123348,
          "enabled": true,
          "eprice_exp_base": 1.095487448715294,
          "eprice_pprice_diff": 0.03369427089943266,
          "grid_span": 0.2771789542167706,
          "initial_eprice_ema_dist": -0.04778778591869459,
          "initial_qty_pct": 0.007,
          "markup_range": 0.038653306460942664,
          "max_n_entry_orders": 10,
          "min_markup": 0.01982366809190976,
          "n_close_orders": 17,
          "secondary_allocation": 0.023854365012919796,
          "secondary_pprice_diff": 0.4441034023407731,
          "wallet_exposure_limit": 0.1},
 "short": {"auto_unstuck_ema_dist": 0.008898085917876074,
           "auto_unstuck_wallet_exposure_threshold": 0.5043473532582566,
           "backwards_tp": true,
           "ema_span_0": 2515.8858720177004,
           "ema_span_1": 7159.194767263537,
           "enabled": true,
           "eprice_exp_base": 1.2949938623729196,
           "eprice_pprice_diff": 0.009546113284217856,
           "grid_span": 0.18463425555563368,
           "initial_eprice_ema_dist": -0.008344341966408408,
           "initial_qty_pct": 0.007,
           "markup_range": 0.00925091208437262,
           "max_n_entry_orders": 12,
           "min_markup": 0.013026172775714514,
           "n_close_orders": 5,
           "secondary_allocation": 0.2892977952362489,
           "secondary_pprice_diff": 0.2989237130547653,
           "wallet_exposure_limit": 0.1}}