{"config_name": "static_grid_EGLDUSDT_314days",
 "logging_level": 0,
 "long": {"auto_unstuck_ema_dist": 0.07456168553914881,
          "auto_unstuck_wallet_exposure_threshold": 0.07725516691582038,
          "backwards_tp": true,
          "ema_span_0": 218.33127039446737,
          "ema_span_1": 10010.669864525915,
          "enabled": true,
          "eprice_exp_base": 1.0920906807167567,
          "eprice_pprice_diff": 0.04247092923231792,
          "grid_span": 0.2754764493315969,
          "initial_eprice_ema_dist": -0.07042954400518389,
          "initial_qty_pct": 0.010836185741429331,
          "markup_range": 0.04,
          "max_n_entry_orders": 12,
          "min_markup": 0.019817629674635025,
          "n_close_orders": 8,
          "secondary_allocation": 0.023522700955447236,
          "secondary_pprice_diff": 0.09615502484795646,
          "wallet_exposure_limit": 0.1},
 "short": {"auto_unstuck_ema_dist": 0.09531775376579327,
           "auto_unstuck_wallet_exposure_threshold": 0.009053247077900478,
           "backwards_tp": true,
           "ema_span_0": 2426.8208066700686,
           "ema_span_1": 9318.843550437581,
           "enabled": true,
           "eprice_exp_base": 1.0896705001471811,
           "eprice_pprice_diff": 0.011389717617972419,
           "grid_span": 0.1627785574701451,
           "initial_eprice_ema_dist": -0.0072542451946744965,
           "initial_qty_pct": 0.007536100873296148,
           "markup_range": 0.019389531273915173,
           "max_n_entry_orders": 12,
           "min_markup": 0.016109773668897463,
           "n_close_orders": 16,
           "secondary_allocation": 0.2973849403537167,
           "secondary_pprice_diff": 0.05,
           "wallet_exposure_limit": 0.1}}