{"config_name": "static_grid_EGLDUSDT_258days",
 "logging_level": 0,
 "long": {"auto_unstuck_ema_dist": 0.09459151073380047,
          "auto_unstuck_wallet_exposure_threshold": 0.48525318264294937,
          "backwards_tp": true,
          "ema_span_0": 2936.0209946025393,
          "ema_span_1": 10080,
          "enabled": true,
          "eprice_exp_base": 1.1471440624824638,
          "eprice_pprice_diff": 0.03355912138087338,
          "grid_span": 0.27915377285960047,
          "initial_eprice_ema_dist": -0.06025805231237539,
          "initial_qty_pct": 0.009756456616024714,
          "markup_range": 0.03638652408354811,
          "max_n_entry_orders": 11,
          "min_markup": 0.017826908134439663,
          "n_close_orders": 17,
          "secondary_allocation": 0.1051902519704172,
          "secondary_pprice_diff": 0.49005193801673924,
          "wallet_exposure_limit": 0.1},
 "short": {"auto_unstuck_ema_dist": 0.00917314813553311,
           "auto_unstuck_wallet_exposure_threshold": 0.318528745177051,
           "backwards_tp": true,
           "ema_span_0": 2600.3349349840787,
           "ema_span_1": 6762.527911696202,
           "enabled": true,
           "eprice_exp_base": 1.2312562238803615,
           "eprice_pprice_diff": 0.012707622636753409,
           "grid_span": 0.1834474302523334,
           "initial_eprice_ema_dist": -0.004614736479520474,
           "initial_qty_pct": 0.00822710008550303,
           "markup_range": 0.012587288195560193,
           "max_n_entry_orders": 12,
           "min_markup": 0.01824234319239714,
           "n_close_orders": 19,
           "secondary_allocation": 0.08025783301178831,
           "secondary_pprice_diff": 0.08202505474683,
           "wallet_exposure_limit": 0.1}}