{"config_name": "static_grid_EGLDUSDT_185days",
 "logging_level": 0,
 "long": {"auto_unstuck_ema_dist": 0.04706196560873879,
          "auto_unstuck_wallet_exposure_threshold": 0.4825942194157431,
          "backwards_tp": true,
          "ema_span_0": 2250.918520216682,
          "ema_span_1": 10028.871075231411,
          "enabled": true,
          "eprice_exp_base": 1.754247775181369,
          "eprice_pprice_diff": 0.01017513867855333,
          "grid_span": 0.3400396708290188,
          "initial_eprice_ema_dist": -0.0970812903004003,
          "initial_qty_pct": 0.04178155344322565,
          "markup_range": 0.05280042804783912,
          "max_n_entry_orders": 10,
          "min_markup": 0.06,
          "n_close_orders": 28,
          "secondary_allocation": 0.2046797064631467,
          "secondary_pprice_diff": 0.1894038375021743,
          "wallet_exposure_limit": 0.1},
 "short": {"auto_unstuck_ema_dist": 0.09498340984386702,
           "auto_unstuck_wallet_exposure_threshold": 0.10473310560602184,
           "backwards_tp": true,
           "ema_span_0": 2875.051110144172,
           "ema_span_1": 5474.189618374065,
           "enabled": true,
           "eprice_exp_base": 1.7692150572893708,
           "eprice_pprice_diff": 0.02806174761461225,
           "grid_span": 0.1212399501008839,
           "initial_eprice_ema_dist": -0.052443068119081115,
           "initial_qty_pct": 0.02561075166152733,
           "markup_range": 0.03675570571320558,
           "max_n_entry_orders": 10,
           "min_markup": 0.06,
           "n_close_orders": 4,
           "secondary_allocation": 0.6066522068962856,
           "secondary_pprice_diff": 0.11502724446884209,
           "wallet_exposure_limit": 0.1}}