{"config_name": "static_grid_EGLDUSDT_133days",
 "logging_level": 0,
 "long": {"auto_unstuck_ema_dist": 0.09637149064520333,
          "auto_unstuck_wallet_exposure_threshold": 0.08036012499084896,
          "backwards_tp": true,
          "ema_span_0": 3811.4491747918883,
          "ema_span_1": 10080,
          "enabled": true,
          "eprice_exp_base": 1.624952082940264,
          "eprice_pprice_diff": 0.04392310725535298,
          "grid_span": 0.20806477015051797,
          "initial_eprice_ema_dist": -0.02546457539332241,
          "initial_qty_pct": 0.0478035004245878,
          "markup_range": 0.059424652398757424,
          "max_n_entry_orders": 10,
          "min_markup": 0.05809331694596826,
          "n_close_orders": 5,
          "secondary_allocation": 0.6114928200715096,
          "secondary_pprice_diff": 0.3179454089480769,
          "wallet_exposure_limit": 0.1},
 "short": {"auto_unstuck_ema_dist": 0.09085460574049728,
           "auto_unstuck_wallet_exposure_threshold": 0.13470179911703403,
           "backwards_tp": true,
           "ema_span_0": 3622.3331867326133,
           "ema_span_1": 5986.990506358566,
           "enabled": true,
           "eprice_exp_base": 1.4035182653926896,
           "eprice_pprice_diff": 0.011918722305455343,
           "grid_span": 0.23982547513824712,
           "initial_eprice_ema_dist": -0.09581863447681566,
           "initial_qty_pct": 0.018235986056036768,
           "markup_range": 0.040984254119066026,
           "max_n_entry_orders": 10,
           "min_markup": 0.047011624265879855,
           "n_close_orders": 22,
           "secondary_allocation": 0.009476031569982127,
           "secondary_pprice_diff": 0.2563031303848842,
           "wallet_exposure_limit": 0.1}}