{"config_name": "static_grid_EGLDUSDT_297days",
 "logging_level": 0,
 "long": {"auto_unstuck_ema_dist": 0.08276405873787437,
          "auto_unstuck_wallet_exposure_threshold": 0.016928853338982263,
          "backwards_tp": true,
          "ema_span_0": 571.8910089814327,
          "ema_span_1": 9431.933271032129,
          "enabled": true,
          "eprice_exp_base": 1.083920182470865,
          "eprice_pprice_diff": 0.036769255896971505,
          "grid_span": 0.27862897051666796,
          "initial_eprice_ema_dist": -0.08092134648066812,
          "initial_qty_pct": 0.008056520644525219,
          "markup_range": 0.03785684293627372,
          "max_n_entry_orders": 10,
          "min_markup": 0.019124022346995357,
          "n_close_orders": 18,
          "secondary_allocation": 0,
          "secondary_pprice_diff": 0.41255535729524045,
          "wallet_exposure_limit": 0.1},
 "short": {"auto_unstuck_ema_dist": 0.02387281869809739,
           "auto_unstuck_wallet_exposure_threshold": 0.36271502074015366,
           "backwards_tp": true,
           "ema_span_0": 2870.165516651328,
           "ema_span_1": 7841.293090506402,
           "enabled": true,
           "eprice_exp_base": 1.269816284486525,
           "eprice_pprice_diff": 0.015348702602689883,
           "grid_span": 0.1803532294862787,
           "initial_eprice_ema_dist": -0.002441661185707761,
           "initial_qty_pct": 0.016408608274004106,
           "markup_range": 0.01370053736890756,
           "max_n_entry_orders": 11,
           "min_markup": 0.013660858201665647,
           "n_close_orders": 10,
           "secondary_allocation": 0.15256421968530615,
           "secondary_pprice_diff": 0.30719335503642853,
           "wallet_exposure_limit": 0.1}}