{"config_name": "static_grid_EGLDUSDT_209days",
 "logging_level": 0,
 "long": {"auto_unstuck_ema_dist": 0.06562569458757128,
          "auto_unstuck_wallet_exposure_threshold": 0.30733365603352275,
          "backwards_tp": true,
          "ema_span_0": 649.8111293304578,
          "ema_span_1": 10080,
          "enabled": true,
          "eprice_exp_base": 1.2185577912397998,
          "eprice_pprice_diff": 0.023719855600982404,
          "grid_span": 0.2937543488436926,
          "initial_eprice_ema_dist": -0.036045987365450186,
          "initial_qty_pct": 0.008016227416719503,
          "markup_range": 0.03307156527571339,
          "max_n_entry_orders": 12,
          "min_markup": 0.019319307966196034,
          "n_close_orders": 19,
          "secondary_allocation": 0.07017211062686288,
          "secondary_pprice_diff": 0.14801498535630914,
          "wallet_exposure_limit": 0.1},
 "short": {"auto_unstuck_ema_dist": 0.006494477913051533,
           "auto_unstuck_wallet_exposure_threshold": 0.40829656503520173,
           "backwards_tp": true,
           "ema_span_0": 3216.6896386053227,
           "ema_span_1": 7520.855489623993,
           "enabled": true,
           "eprice_exp_base": 1.274030179929837,
           "eprice_pprice_diff": 0.01202575170055923,
           "grid_span": 0.17235864682732946,
           "initial_eprice_ema_dist": -0.007005355435598663,
           "initial_qty_pct": 0.007,
           "markup_range": 0.010664349736341498,
           "max_n_entry_orders": 12,
           "min_markup": 0.016849943308617013,
           "n_close_orders": 16,
           "secondary_allocation": 0.3374814604388842,
           "secondary_pprice_diff": 0.06200277083828093,
           "wallet_exposure_limit": 0.1}}