{"config_name": "static_grid_EGLDUSDT_203days",
 "logging_level": 0,
 "long": {"auto_unstuck_ema_dist": 0.1,
          "auto_unstuck_wallet_exposure_threshold": 0.5107147471406309,
          "backwards_tp": true,
          "ema_span_0": 3628.940376691715,
          "ema_span_1": 10080,
          "enabled": true,
          "eprice_exp_base": 1.6423466166294014,
          "eprice_pprice_diff": 0.037308152288129635,
          "grid_span": 0.34420122729870734,
          "initial_eprice_ema_dist": -0.02669000019636706,
          "initial_qty_pct": 0.04264563980739435,
          "markup_range": 0.05345165730676065,
          "max_n_entry_orders": 10,
          "min_markup": 0.05375995711698555,
          "n_close_orders": 5,
          "secondary_allocation": 0.16878760592259162,
          "secondary_pprice_diff": 0.25822886085598173,
          "wallet_exposure_limit": 0.1},
 "short": {"auto_unstuck_ema_dist": 0.1,
           "auto_unstuck_wallet_exposure_threshold": 0.05983635845501809,
           "backwards_tp": true,
           "ema_span_0": 3672.374125592743,
           "ema_span_1": 5882.319817772212,
           "enabled": true,
           "eprice_exp_base": 2.0229703621706565,
           "eprice_pprice_diff": 0.03766730342902986,
           "grid_span": 0.17670702195466118,
           "initial_eprice_ema_dist": -0.09845658894453062,
           "initial_qty_pct": 0.027961846362755255,
           "markup_range": 0.023242008503740735,
           "max_n_entry_orders": 10,
           "min_markup": 0.05375632503079695,
           "n_close_orders": 9,
           "secondary_allocation": 0.31490280256331343,
           "secondary_pprice_diff": 0.059470462801781365,
           "wallet_exposure_limit": 0.1}}