{"config_name": "static_grid_EGLDUSDT_166days",
 "logging_level": 0,
 "long": {"auto_unstuck_ema_dist": 0.04527337967252681,
          "auto_unstuck_wallet_exposure_threshold": 0.4436231125536054,
          "backwards_tp": true,
          "ema_span_0": 1552.3517138605382,
          "ema_span_1": 10032.316625247704,
          "enabled": true,
          "eprice_exp_base": 2.0587410141586115,
          "eprice_pprice_diff": 0.01756138325569971,
          "grid_span": 0.3229409786864287,
          "initial_eprice_ema_dist": -0.08299213021001096,
          "initial_qty_pct": 0.042678566003408316,
          "markup_range": 0.05552659270247224,
          "max_n_entry_orders": 10,
          "min_markup": 0.05698045206699057,
          "n_close_orders": 9,
          "secondary_allocation": 0.31479297591549765,
          "secondary_pprice_diff": 0.33218425079180547,
          "wallet_exposure_limit": 0.1},
 "short": {"auto_unstuck_ema_dist": 0.0836886340996454,
           "auto_unstuck_wallet_exposure_threshold": 0.10677869401755406,
           "backwards_tp": true,
           "ema_span_0": 689.8620558046257,
           "ema_span_1": 5757.556155353447,
           "enabled": true,
           "eprice_exp_base": 1.8686892042940226,
           "eprice_pprice_diff": 0.022584812718235897,
           "grid_span": 0.18033042877662783,
           "initial_eprice_ema_dist": -0.04460711029158161,
           "initial_qty_pct": 0.021504596980879247,
           "markup_range": 0.036013909665379706,
           "max_n_entry_orders": 10,
           "min_markup": 0.06,
           "n_close_orders": 22,
           "secondary_allocation": 0.041124943452963636,
           "secondary_pprice_diff": 0.4704686205944684,
           "wallet_exposure_limit": 0.1}}