{"config_name": "static_grid_EGLDUSDT_159days",
 "logging_level": 0,
 "long": {"auto_unstuck_ema_dist": 0.09812765713633441,
          "auto_unstuck_wallet_exposure_threshold": 0.4760240830642362,
          "backwards_tp": true,
          "ema_span_0": 2597.2024652604346,
          "ema_span_1": 7710.117046991812,
          "enabled": true,
          "eprice_exp_base": 1.9280901800040626,
          "eprice_pprice_diff": 0.01630227571720852,
          "grid_span": 0.4031215137020835,
          "initial_eprice_ema_dist": -0.03873035416987797,
          "initial_qty_pct": 0.038370989445703094,
          "markup_range": 0.05464397154041746,
          "max_n_entry_orders": 10,
          "min_markup": 0.05675102809187887,
          "n_close_orders": 12,
          "secondary_allocation": 0.06935514051312613,
          "secondary_pprice_diff": 0.13439782934809116,
          "wallet_exposure_limit": 0.1},
 "short": {"auto_unstuck_ema_dist": 0.08875332037725917,
           "auto_unstuck_wallet_exposure_threshold": 0.3634290014854091,
           "backwards_tp": true,
           "ema_span_0": 651.8012621704021,
           "ema_span_1": 5886.809762310803,
           "enabled": true,
           "eprice_exp_base": 2.0256705312163934,
           "eprice_pprice_diff": 0.02120012099931353,
           "grid_span": 0.17891706898792686,
           "initial_eprice_ema_dist": -0.03460304932623281,
           "initial_qty_pct": 0.02025037238874589,
           "markup_range": 0.048673698906206486,
           "max_n_entry_orders": 10,
           "min_markup": 0.05868125935800508,
           "n_close_orders": 12,
           "secondary_allocation": 0.04690782428575373,
           "secondary_pprice_diff": 0.2868521376067837,
           "wallet_exposure_limit": 0.1}}