{"config_name": "static_grid_EGLDUSDT_226days",
 "logging_level": 0,
 "long": {"auto_unstuck_ema_dist": 0.039118311655491435,
          "auto_unstuck_wallet_exposure_threshold": 0.3261094399060604,
          "backwards_tp": true,
          "ema_span_0": 1730.2761195262028,
          "ema_span_1": 6919.422544938617,
          "enabled": true,
          "eprice_exp_base": 1.1251776007051577,
          "eprice_pprice_diff": 0.012668969974762337,
          "grid_span": 0.1730911209579026,
          "initial_eprice_ema_dist": -0.0977466830349739,
          "initial_qty_pct": 0.00825242118259126,
          "markup_range": 0,
          "max_n_entry_orders": 12,
          "min_markup": 0.011577954163210127,
          "n_close_orders": 20,
          "secondary_allocation": 0.22215787044786728,
          "secondary_pprice_diff": 0.4420787269100133,
          "wallet_exposure_limit": 0.1},
 "short": {"auto_unstuck_ema_dist": 0.012653082650237298,
           "auto_unstuck_wallet_exposure_threshold": 0.5186240846417715,
           "backwards_tp": true,
           "ema_span_0": 3391.3534481939046,
           "ema_span_1": 7132.296579781536,
           "enabled": true,
           "eprice_exp_base": 1.0958164667808585,
           "eprice_pprice_diff": 0.019108758305800222,
           "grid_span": 0.10491118866578633,
           "initial_eprice_ema_dist": 0,
           "initial_qty_pct": 0.008448557357714276,
           "markup_range": 0.014303154054417627,
           "max_n_entry_orders": 10,
           "min_markup": 0.01376808812742833,
           "n_close_orders": 6,
           "secondary_allocation": 0.3375090592087754,
           "secondary_pprice_diff": 0.07188915876241166,
           "wallet_exposure_limit": 0.1}}