{"config_name": "static_grid_EGLDUSDT_285days",
 "logging_level": 0,
 "long": {"auto_unstuck_ema_dist": 0.07681580532505981,
          "auto_unstuck_wallet_exposure_threshold": 0.11696552589452713,
          "backwards_tp": true,
          "ema_span_0": 2813.1944216988277,
          "ema_span_1": 8969.814303479305,
          "enabled": true,
          "eprice_exp_base": 1.019514322826128,
          "eprice_pprice_diff": 0.03411493875556829,
          "grid_span": 0.275088979815519,
          "initial_eprice_ema_dist": -0.09455898095158485,
          "initial_qty_pct": 0.009396275755624352,
          "markup_range": 0.03849499372554941,
          "max_n_entry_orders": 13,
          "min_markup": 0.01566119248806785,
          "n_close_orders": 18,
          "secondary_allocation": 0.35293711536491906,
          "secondary_pprice_diff": 0.07304576055163109,
          "wallet_exposure_limit": 0.1},
 "short": {"auto_unstuck_ema_dist": 0.032272292801535124,
           "auto_unstuck_wallet_exposure_threshold": 0.464324373849177,
           "backwards_tp": true,
           "ema_span_0": 3706.8789302462014,
           "ema_span_1": 7974.214393135767,
           "enabled": true,
           "eprice_exp_base": 1.2833153028081354,
           "eprice_pprice_diff": 0.01029050233257918,
           "grid_span": 0.23887699160562434,
           "initial_eprice_ema_dist": -0.003748960021728598,
           "initial_qty_pct": 0.007,
           "markup_range": 0.016204307747673893,
           "max_n_entry_orders": 13,
           "min_markup": 0.01142468143552329,
           "n_close_orders": 10,
           "secondary_allocation": 0.009054395527516404,
           "secondary_pprice_diff": 0.16047521986209898,
           "wallet_exposure_limit": 0.1}}