{"config_name": "static_grid_EOSUSDT_138days",
 "logging_level": 0,
 "long": {"auto_unstuck_ema_dist": 0.07926194543674038,
          "auto_unstuck_wallet_exposure_threshold": 0.4273534039953647,
          "backwards_tp": true,
          "ema_span_0": 361.23492501224416,
          "ema_span_1": 7193.179150195525,
          "enabled": true,
          "eprice_exp_base": 1.6808901512227679,
          "eprice_pprice_diff": 0.01780077180347526,
          "grid_span": 0.2324846801971878,
          "initial_eprice_ema_dist": -0.04584518524702064,
          "initial_qty_pct": 0.04666094468109467,
          "markup_range": 0.04666995303815711,
          "max_n_entry_orders": 10,
          "min_markup": 0.05681528334992121,
          "n_close_orders": 30,
          "secondary_allocation": 0.4063957174341007,
          "secondary_pprice_diff": 0.1600934083680268,
          "wallet_exposure_limit": 0.1},
 "short": {"auto_unstuck_ema_dist": 0.06464599801429219,
           "auto_unstuck_wallet_exposure_threshold": 0.7544159444373274,
           "backwards_tp": true,
           "ema_span_0": 3721.941518245806,
           "ema_span_1": 3864.8000246438614,
           "enabled": true,
           "eprice_exp_base": 1.5149552413589595,
           "eprice_pprice_diff": 0.0365306119025688,
           "grid_span": 0.33554147962875935,
           "initial_eprice_ema_dist": -0.08398396667363918,
           "initial_qty_pct": 0.031699564312575944,
           "markup_range": 0.010167757843066175,
           "max_n_entry_orders": 10,
           "min_markup": 0.05868828899156317,
           "n_close_orders": 10,
           "secondary_allocation": 0,
           "secondary_pprice_diff": 0.308751246260581,
           "wallet_exposure_limit": 0.1}}