{"config_name": "static_grid_EOSUSDT_178days",
 "logging_level": 0,
 "long": {"auto_unstuck_ema_dist": 0.01741759674470927,
          "auto_unstuck_wallet_exposure_threshold": 0.4023310275479442,
          "backwards_tp": true,
          "ema_span_0": 2130.0888070182045,
          "ema_span_1": 7219.821910826582,
          "enabled": true,
          "eprice_exp_base": 1.4667428703814174,
          "eprice_pprice_diff": 0.020074216528866,
          "grid_span": 0.30224999740757313,
          "initial_eprice_ema_dist": -0.06957384900188673,
          "initial_qty_pct": 0.04793909485220675,
          "markup_range": 0.020802761253415396,
          "max_n_entry_orders": 10,
          "min_markup": 0.040070706352303656,
          "n_close_orders": 7,
          "secondary_allocation": 0.30706889353510664,
          "secondary_pprice_diff": 0.17569801109768807,
          "wallet_exposure_limit": 0.1},
 "short": {"auto_unstuck_ema_dist": 0.04184554351370993,
           "auto_unstuck_wallet_exposure_threshold": 0.7527449200853777,
           "backwards_tp": true,
           "ema_span_0": 1326.8038854693411,
           "ema_span_1": 4081.566037625925,
           "enabled": true,
           "eprice_exp_base": 1.1824829150682878,
           "eprice_pprice_diff": 0.021396262721337402,
           "grid_span": 0.5633882284446846,
           "initial_eprice_ema_dist": -0.07382432345342367,
           "initial_qty_pct": 0.04628692729138466,
           "markup_range": 0.029955461475090442,
           "max_n_entry_orders": 10,
           "min_markup": 0.06,
           "n_close_orders": 16,
           "secondary_allocation": 0.01010136348463848,
           "secondary_pprice_diff": 0.349828882953241,
           "wallet_exposure_limit": 0.1}}