{"config_name": "static_grid_EOSUSDT_206days",
 "logging_level": 0,
 "long": {"auto_unstuck_ema_dist": 0.036232323826086175,
          "auto_unstuck_wallet_exposure_threshold": 0.28881441611216413,
          "backwards_tp": true,
          "ema_span_0": 239.75747233247552,
          "ema_span_1": 5545.882119011256,
          "enabled": true,
          "eprice_exp_base": 1.1425797431167644,
          "eprice_pprice_diff": 0.021902540113762536,
          "grid_span": 0.1788737247736402,
          "initial_eprice_ema_dist": -0.028103307729714443,
          "initial_qty_pct": 0.007,
          "markup_range": 0.018606422026187144,
          "max_n_entry_orders": 11,
          "min_markup": 0.019629145153308523,
          "n_close_orders": 18,
          "secondary_allocation": 0.550259313970147,
          "secondary_pprice_diff": 0.05,
          "wallet_exposure_limit": 0.1},
 "short": {"auto_unstuck_ema_dist": 0.05337908790572682,
           "auto_unstuck_wallet_exposure_threshold": 0.32494066807821026,
           "backwards_tp": true,
           "ema_span_0": 3748.288601232304,
           "ema_span_1": 3656.6683263998757,
           "enabled": true,
           "eprice_exp_base": 1.0854589525942735,
           "eprice_pprice_diff": 0.01947540872460785,
           "grid_span": 0.1569049235062993,
           "initial_eprice_ema_dist": -0.004382457986102609,
           "initial_qty_pct": 0.0072546061050030915,
           "markup_range": 0.01873946129553015,
           "max_n_entry_orders": 13,
           "min_markup": 0.01859104880327303,
           "n_close_orders": 5,
           "secondary_allocation": 0.21300951658538528,
           "secondary_pprice_diff": 0.3054048879069995,
           "wallet_exposure_limit": 0.1}}