{"config_name": "static_grid_EOSUSDT_197days",
 "logging_level": 0,
 "long": {"auto_unstuck_ema_dist": 0.08026748977591847,
          "auto_unstuck_wallet_exposure_threshold": 0.8172743170036557,
          "backwards_tp": true,
          "ema_span_0": 590.434651471258,
          "ema_span_1": 4173.0452208395445,
          "enabled": true,
          "eprice_exp_base": 1.3129622336421143,
          "eprice_pprice_diff": 0.03238462320023362,
          "grid_span": 0.5205903822453082,
          "initial_eprice_ema_dist": -0.01223821090365211,
          "initial_qty_pct": 0.012194011132842582,
          "markup_range": 0.02039927697710181,
          "max_n_entry_orders": 10,
          "min_markup": 0.05628253447553224,
          "n_close_orders": 27,
          "secondary_allocation": 0.25472931017841194,
          "secondary_pprice_diff": 0.07407252419015575,
          "wallet_exposure_limit": 0.1},
 "short": {"auto_unstuck_ema_dist": 0.07867603003839599,
           "auto_unstuck_wallet_exposure_threshold": 0.6308332870438235,
           "backwards_tp": true,
           "ema_span_0": 374.03310006911727,
           "ema_span_1": 3615.521041256212,
           "enabled": true,
           "eprice_exp_base": 1.0063855850220464,
           "eprice_pprice_diff": 0.04328884299571299,
           "grid_span": 0.1871085003233088,
           "initial_eprice_ema_dist": -0.0714826344483723,
           "initial_qty_pct": 0.027733140347214025,
           "markup_range": 0.023415918896431253,
           "max_n_entry_orders": 10,
           "min_markup": 0.05226997515194063,
           "n_close_orders": 30,
           "secondary_allocation": 0.15962847591328844,
           "secondary_pprice_diff": 0.32399516889360225,
           "wallet_exposure_limit": 0.1}}