{"config_name": "static_grid_EOSUSDT_224days",
 "logging_level": 0,
 "long": {"auto_unstuck_ema_dist": 0.03453912284897426,
          "auto_unstuck_wallet_exposure_threshold": 0.09903291447721652,
          "backwards_tp": true,
          "ema_span_0": 866.4385232035418,
          "ema_span_1": 7454.724802535104,
          "enabled": true,
          "eprice_exp_base": 1.3603467855124747,
          "eprice_pprice_diff": 0.01710633365812779,
          "grid_span": 0.18243377780677278,
          "initial_eprice_ema_dist": -0.0036056964219314813,
          "initial_qty_pct": 0.007704898933094321,
          "markup_range": 0.016855482385374362,
          "max_n_entry_orders": 12,
          "min_markup": 0.01798776275610179,
          "n_close_orders": 13,
          "secondary_allocation": 0.04780718250050873,
          "secondary_pprice_diff": 0.14676625519526468,
          "wallet_exposure_limit": 0.1},
 "short": {"auto_unstuck_ema_dist": 0.005201491767077789,
           "auto_unstuck_wallet_exposure_threshold": 0.4388923304040528,
           "backwards_tp": true,
           "ema_span_0": 1093.7398546156055,
           "ema_span_1": 3891.319059324194,
           "enabled": true,
           "eprice_exp_base": 1.1799544818122558,
           "eprice_pprice_diff": 0.015023359744613801,
           "grid_span": 0.20018489966027758,
           "initial_eprice_ema_dist": -0.009461114444657397,
           "initial_qty_pct": 0.00985903511505866,
           "markup_range": 0.018744661420569148,
           "max_n_entry_orders": 11,
           "min_markup": 0.015105887974100576,
           "n_close_orders": 7,
           "secondary_allocation": 0.05363786297920707,
           "secondary_pprice_diff": 0.06058657707946367,
           "wallet_exposure_limit": 0.1}}