{"config_name": "static_grid_EOSUSDT_217days",
 "logging_level": 0,
 "long": {"auto_unstuck_ema_dist": 0.014736848808899162,
          "auto_unstuck_wallet_exposure_threshold": 0.43060145838745195,
          "backwards_tp": true,
          "ema_span_0": 1775.8979945392011,
          "ema_span_1": 8771.055818877237,
          "enabled": true,
          "eprice_exp_base": 1.9984167074465131,
          "eprice_pprice_diff": 0.012944782984023052,
          "grid_span": 0.30050550168117696,
          "initial_eprice_ema_dist": -0.07400905737021646,
          "initial_qty_pct": 0.00772959601049658,
          "markup_range": 0.03276301591670135,
          "max_n_entry_orders": 11,
          "min_markup": 0.007362147434501685,
          "n_close_orders": 8,
          "secondary_allocation": 0.034852373016166664,
          "secondary_pprice_diff": 0.17219967896382005,
          "wallet_exposure_limit": 0.1},
 "short": {"auto_unstuck_ema_dist": 0.010992470791172089,
           "auto_unstuck_wallet_exposure_threshold": 0.4368958699077543,
           "backwards_tp": true,
           "ema_span_0": 3799.0058414390855,
           "ema_span_1": 1251.2762468051337,
           "enabled": true,
           "eprice_exp_base": 1.2918904008816325,
           "eprice_pprice_diff": 0.022611131186061673,
           "grid_span": 0.16904892947350386,
           "initial_eprice_ema_dist": -0.012081281785507426,
           "initial_qty_pct": 0.009387633143201157,
           "markup_range": 0.02293975187113238,
           "max_n_entry_orders": 12,
           "min_markup": 0.014780034385058543,
           "n_close_orders": 17,
           "secondary_allocation": 0.2789812485488887,
           "secondary_pprice_diff": 0.11608813462008981,
           "wallet_exposure_limit": 0.1}}