{"config_name": "static_grid_EOSUSDT_146days",
 "logging_level": 0,
 "long": {"auto_unstuck_ema_dist": 0.06767392910049659,
          "auto_unstuck_wallet_exposure_threshold": 0.7697600984052069,
          "backwards_tp": true,
          "ema_span_0": 4025.0445547123004,
          "ema_span_1": 4182.5690907100425,
          "enabled": true,
          "eprice_exp_base": 1.4210714399650002,
          "eprice_pprice_diff": 0.03842785909103945,
          "grid_span": 0.3089970430383897,
          "initial_eprice_ema_dist": -0.03951597653021719,
          "initial_qty_pct": 0.016892451729117828,
          "markup_range": 0.02115655307195662,
          "max_n_entry_orders": 10,
          "min_markup": 0.06,
          "n_close_orders": 5,
          "secondary_allocation": 0.5138811843762506,
          "secondary_pprice_diff": 0.3424368870877397,
          "wallet_exposure_limit": 0.1},
 "short": {"auto_unstuck_ema_dist": 0.08692424145532904,
           "auto_unstuck_wallet_exposure_threshold": 0.698911076830986,
           "backwards_tp": true,
           "ema_span_0": 609.035929792728,
           "ema_span_1": 1785.1313190246835,
           "enabled": true,
           "eprice_exp_base": 1.4037951704531073,
           "eprice_pprice_diff": 0.011270036633586474,
           "grid_span": 0.1657095199615058,
           "initial_eprice_ema_dist": -0.07822927922563566,
           "initial_qty_pct": 0.02931360637872132,
           "markup_range": 0.042687430354346204,
           "max_n_entry_orders": 10,
           "min_markup": 0.046679764571312156,
           "n_close_orders": 23,
           "secondary_allocation": 0.19083254072130607,
           "secondary_pprice_diff": 0.19817890477574057,
           "wallet_exposure_limit": 0.1}}