{"config_name": "static_grid_EOSUSDT_255days",
 "logging_level": 0,
 "long": {"auto_unstuck_ema_dist": 0.01671304371627118,
          "auto_unstuck_wallet_exposure_threshold": 0.0791923382072679,
          "backwards_tp": true,
          "ema_span_0": 3813.738258919192,
          "ema_span_1": 10080,
          "enabled": true,
          "eprice_exp_base": 1.120119214064851,
          "eprice_pprice_diff": 0.029021544785201234,
          "grid_span": 0.18706417539921735,
          "initial_eprice_ema_dist": -0.023658982636823922,
          "initial_qty_pct": 0.013080929489667685,
          "markup_range": 0.016792648322082455,
          "max_n_entry_orders": 11,
          "min_markup": 0.0187688540449147,
          "n_close_orders": 7,
          "secondary_allocation": 0.051245572392951355,
          "secondary_pprice_diff": 0.0970555261843538,
          "wallet_exposure_limit": 0.1},
 "short": {"auto_unstuck_ema_dist": 0.04028167428299028,
           "auto_unstuck_wallet_exposure_threshold": 0.5857265620158016,
           "backwards_tp": true,
           "ema_span_0": 452.72482863158683,
           "ema_span_1": 3779.962519485728,
           "enabled": true,
           "eprice_exp_base": 1.1979184922296653,
           "eprice_pprice_diff": 0.016602157234429323,
           "grid_span": 0.1727221132063324,
           "initial_eprice_ema_dist": -0.020706377813274144,
           "initial_qty_pct": 0.008191545849007683,
           "markup_range": 0.015612359448286485,
           "max_n_entry_orders": 13,
           "min_markup": 0.017821721651966802,
           "n_close_orders": 19,
           "secondary_allocation": 0.20938375174189627,
           "secondary_pprice_diff": 0.2011551469184093,
           "wallet_exposure_limit": 0.1}}