{"config_name": "static_grid_EOSUSDT_292days",
 "logging_level": 0,
 "long": {"auto_unstuck_ema_dist": 0.08003284077267504,
          "auto_unstuck_wallet_exposure_threshold": 0.19936651588028836,
          "backwards_tp": true,
          "ema_span_0": 273.2381583394721,
          "ema_span_1": 9187.252959327461,
          "enabled": true,
          "eprice_exp_base": 1.0600188020065862,
          "eprice_pprice_diff": 0.029187907874314953,
          "grid_span": 0.1277912347948573,
          "initial_eprice_ema_dist": -0.033443239221674456,
          "initial_qty_pct": 0.007526000827798441,
          "markup_range": 0.016848359252494848,
          "max_n_entry_orders": 10,
          "min_markup": 0.015581848846533622,
          "n_close_orders": 20,
          "secondary_allocation": 0.18230275602705553,
          "secondary_pprice_diff": 0.07560089544266224,
          "wallet_exposure_limit": 0.1},
 "short": {"auto_unstuck_ema_dist": 0.029359239661186934,
           "auto_unstuck_wallet_exposure_threshold": 0.43353179658484087,
           "backwards_tp": true,
           "ema_span_0": 3267.5527058432876,
           "ema_span_1": 4550.292272372882,
           "enabled": true,
           "eprice_exp_base": 1.2403787977304486,
           "eprice_pprice_diff": 0.01565883541110137,
           "grid_span": 0.17728175607613647,
           "initial_eprice_ema_dist": -0.0030831471239676222,
           "initial_qty_pct": 0.008102874587156857,
           "markup_range": 0.00788504314323844,
           "max_n_entry_orders": 12,
           "min_markup": 0.01745095686192145,
           "n_close_orders": 17,
           "secondary_allocation": 0.03233406141420005,
           "secondary_pprice_diff": 0.22488395818050996,
           "wallet_exposure_limit": 0.1}}