{"config_name": "static_grid_EOSUSDT_179days",
 "logging_level": 0,
 "long": {"auto_unstuck_ema_dist": 0.1,
          "auto_unstuck_wallet_exposure_threshold": 0.6976932559213838,
          "backwards_tp": true,
          "ema_span_0": 538.7654724846132,
          "ema_span_1": 6903.172641107856,
          "enabled": true,
          "eprice_exp_base": 1.268275910520109,
          "eprice_pprice_diff": 0.01697008003614398,
          "grid_span": 0.33141288460878254,
          "initial_eprice_ema_dist": -0.04806425030929996,
          "initial_qty_pct": 0.027716585336990666,
          "markup_range": 0.0008605982232987976,
          "max_n_entry_orders": 10,
          "min_markup": 0.030133730614349194,
          "n_close_orders": 18,
          "secondary_allocation": 0.2525987629782609,
          "secondary_pprice_diff": 0.1282179929104554,
          "wallet_exposure_limit": 0.1},
 "short": {"auto_unstuck_ema_dist": 0.04037059063112858,
           "auto_unstuck_wallet_exposure_threshold": 0.6838437548243099,
           "backwards_tp": true,
           "ema_span_0": 1132.0873581874066,
           "ema_span_1": 3740.2715822913374,
           "enabled": true,
           "eprice_exp_base": 1.7094916499125417,
           "eprice_pprice_diff": 0.04039157432993436,
           "grid_span": 0.2529339090657611,
           "initial_eprice_ema_dist": -0.0777739870844506,
           "initial_qty_pct": 0.029961254267527656,
           "markup_range": 0.007880337973503536,
           "max_n_entry_orders": 10,
           "min_markup": 0.03578280431743428,
           "n_close_orders": 18,
           "secondary_allocation": 0.10333421396674473,
           "secondary_pprice_diff": 0.24088355464498648,
           "wallet_exposure_limit": 0.1}}