{"config_name": "static_grid_EOSUSDT_309days",
 "logging_level": 0,
 "long": {"auto_unstuck_ema_dist": 0.016920957281663512,
          "auto_unstuck_wallet_exposure_threshold": 0.24456616010652443,
          "backwards_tp": true,
          "ema_span_0": 410.29024203709815,
          "ema_span_1": 9173.816479433333,
          "enabled": true,
          "eprice_exp_base": 1.0913911645844314,
          "eprice_pprice_diff": 0.02196942768522746,
          "grid_span": 0.19787643468807897,
          "initial_eprice_ema_dist": -0.035377670057839074,
          "initial_qty_pct": 0.015180844604025391,
          "markup_range": 0.00024427598777263524,
          "max_n_entry_orders": 11,
          "min_markup": 0.014170667418549322,
          "n_close_orders": 11,
          "secondary_allocation": 0.17434270988330555,
          "secondary_pprice_diff": 0.15741037571677846,
          "wallet_exposure_limit": 0.1},
 "short": {"auto_unstuck_ema_dist": 0.04860200477618217,
           "auto_unstuck_wallet_exposure_threshold": 0.28964200481795516,
           "backwards_tp": true,
           "ema_span_0": 3827.6435930688917,
           "ema_span_1": 3287.338358085146,
           "enabled": true,
           "eprice_exp_base": 1.3649640611165454,
           "eprice_pprice_diff": 0.012019029934567011,
           "grid_span": 0.16411611269359164,
           "initial_eprice_ema_dist": -0.012230097683659333,
           "initial_qty_pct": 0.007045524416429244,
           "markup_range": 0.015713684459332633,
           "max_n_entry_orders": 12,
           "min_markup": 0.012122988843854859,
           "n_close_orders": 12,
           "secondary_allocation": 0.0752700454250509,
           "secondary_pprice_diff": 0.3254319020051091,
           "wallet_exposure_limit": 0.1}}