{"config_name": "static_grid_EOSUSDT_283days",
 "logging_level": 0,
 "long": {"auto_unstuck_ema_dist": 0.03880853672730455,
          "auto_unstuck_wallet_exposure_threshold": 0.4288806602390175,
          "backwards_tp": true,
          "ema_span_0": 1475.5923170782025,
          "ema_span_1": 4677.669352727889,
          "enabled": true,
          "eprice_exp_base": 1.3245246720083856,
          "eprice_pprice_diff": 0.014309961766269419,
          "grid_span": 0.19478104501661647,
          "initial_eprice_ema_dist": -0.02402442037668047,
          "initial_qty_pct": 0.008110690524956917,
          "markup_range": 0.001576898591410855,
          "max_n_entry_orders": 10,
          "min_markup": 0.01749197954682865,
          "n_close_orders": 12,
          "secondary_allocation": 0.2539789090847951,
          "secondary_pprice_diff": 0.21669139827679001,
          "wallet_exposure_limit": 0.1},
 "short": {"auto_unstuck_ema_dist": 0.032732061451798515,
           "auto_unstuck_wallet_exposure_threshold": 0.24878401771843422,
           "backwards_tp": true,
           "ema_span_0": 3807.902520413178,
           "ema_span_1": 2137.2526745271944,
           "enabled": true,
           "eprice_exp_base": 1.191309831996004,
           "eprice_pprice_diff": 0.011612671387146712,
           "grid_span": 0.2174080545496189,
           "initial_eprice_ema_dist": -0.017083962910416493,
           "initial_qty_pct": 0.007,
           "markup_range": 0.012713597956389515,
           "max_n_entry_orders": 9,
           "min_markup": 0.015005779320083491,
           "n_close_orders": 10,
           "secondary_allocation": 0.07040353835839486,
           "secondary_pprice_diff": 0.1627854627581833,
           "wallet_exposure_limit": 0.1}}