{"config_name": "static_grid_EOSUSDT_163days",
 "logging_level": 0,
 "long": {"auto_unstuck_ema_dist": 0.09305654179749358,
          "auto_unstuck_wallet_exposure_threshold": 0.21512744975839745,
          "backwards_tp": true,
          "ema_span_0": 3550.798676246194,
          "ema_span_1": 10080,
          "enabled": true,
          "eprice_exp_base": 1.4970194635386789,
          "eprice_pprice_diff": 0.00939247754139575,
          "grid_span": 0.2932887568447665,
          "initial_eprice_ema_dist": -0.060803530101940034,
          "initial_qty_pct": 0.021815986679640333,
          "markup_range": 0.03659223915457133,
          "max_n_entry_orders": 10,
          "min_markup": 0.03508055775221345,
          "n_close_orders": 18,
          "secondary_allocation": 0.3418971645856765,
          "secondary_pprice_diff": 0.10052191357177856,
          "wallet_exposure_limit": 0.1},
 "short": {"auto_unstuck_ema_dist": 0.05976388425012731,
           "auto_unstuck_wallet_exposure_threshold": 0.6700408785249916,
           "backwards_tp": true,
           "ema_span_0": 4015.234444984589,
           "ema_span_1": 2397.5500148668816,
           "enabled": true,
           "eprice_exp_base": 1.454731157710615,
           "eprice_pprice_diff": 0.034654242004731994,
           "grid_span": 0.29585781270349093,
           "initial_eprice_ema_dist": -0.08671411353590129,
           "initial_qty_pct": 0.014506910280368884,
           "markup_range": 0.017490615319089832,
           "max_n_entry_orders": 10,
           "min_markup": 0.053850238615324376,
           "n_close_orders": 15,
           "secondary_allocation": 0.2808049861523697,
           "secondary_pprice_diff": 0.24052615362271612,
           "wallet_exposure_limit": 0.1}}