{"config_name": "static_grid_EOSUSDT_268days",
 "logging_level": 0,
 "long": {"auto_unstuck_ema_dist": 0.02661088314758347,
          "auto_unstuck_wallet_exposure_threshold": 0.1809724952590449,
          "backwards_tp": true,
          "ema_span_0": 885.2483897527848,
          "ema_span_1": 5773.658601324966,
          "enabled": true,
          "eprice_exp_base": 1.175550833335869,
          "eprice_pprice_diff": 0.01830260028877078,
          "grid_span": 0.18625459911198716,
          "initial_eprice_ema_dist": -0.010750689399868493,
          "initial_qty_pct": 0.01303259155759317,
          "markup_range": 0.0007410635884019647,
          "max_n_entry_orders": 12,
          "min_markup": 0.02,
          "n_close_orders": 6,
          "secondary_allocation": 0.14322804740331954,
          "secondary_pprice_diff": 0.22038530350196972,
          "wallet_exposure_limit": 0.1},
 "short": {"auto_unstuck_ema_dist": 0,
           "auto_unstuck_wallet_exposure_threshold": 0.5224016818124965,
           "backwards_tp": true,
           "ema_span_0": 2684.638944495769,
           "ema_span_1": 1192.3097403286956,
           "enabled": true,
           "eprice_exp_base": 1.0530542849741225,
           "eprice_pprice_diff": 0.017123158578767516,
           "grid_span": 0.16236596552693489,
           "initial_eprice_ema_dist": 0,
           "initial_qty_pct": 0.007,
           "markup_range": 0.016482563372032386,
           "max_n_entry_orders": 11,
           "min_markup": 0.012387288460613738,
           "n_close_orders": 10,
           "secondary_allocation": 0.037588092982323996,
           "secondary_pprice_diff": 0.2687970757226138,
           "wallet_exposure_limit": 0.1}}