{"config_name": "static_grid_EOSUSDT_235days",
 "logging_level": 0,
 "long": {"auto_unstuck_ema_dist": 0.03366587988386908,
          "auto_unstuck_wallet_exposure_threshold": 0.4667340440418131,
          "backwards_tp": true,
          "ema_span_0": 2728.591117867386,
          "ema_span_1": 6029.66077893898,
          "enabled": true,
          "eprice_exp_base": 1.143913538351592,
          "eprice_pprice_diff": 0.01968736566775447,
          "grid_span": 0.18311309450991198,
          "initial_eprice_ema_dist": -0.026553762178033125,
          "initial_qty_pct": 0.012424216968665039,
          "markup_range": 0.0035709220933858527,
          "max_n_entry_orders": 10,
          "min_markup": 0.017599092499298807,
          "n_close_orders": 18,
          "secondary_allocation": 0.430777925751458,
          "secondary_pprice_diff": 0.0818690350584379,
          "wallet_exposure_limit": 0.1},
 "short": {"auto_unstuck_ema_dist": 0.04732646271375923,
           "auto_unstuck_wallet_exposure_threshold": 0.4554951712474055,
           "backwards_tp": true,
           "ema_span_0": 490.8465172339734,
           "ema_span_1": 3659.505233901972,
           "enabled": true,
           "eprice_exp_base": 1.1993965551922718,
           "eprice_pprice_diff": 0.01780921471311675,
           "grid_span": 0.1533471408213278,
           "initial_eprice_ema_dist": -0.01139608863685558,
           "initial_qty_pct": 0.007498968960392367,
           "markup_range": 0.021656849579654205,
           "max_n_entry_orders": 12,
           "min_markup": 0.014810036276624031,
           "n_close_orders": 8,
           "secondary_allocation": 0.04211009361700206,
           "secondary_pprice_diff": 0.23908315763134863,
           "wallet_exposure_limit": 0.1}}