{"config_name": "static_grid_EOSUSDT_244days",
 "logging_level": 0,
 "long": {"auto_unstuck_ema_dist": 0.06262073156687469,
          "auto_unstuck_wallet_exposure_threshold": 0.421805240885357,
          "backwards_tp": true,
          "ema_span_0": 403.60265612364714,
          "ema_span_1": 1515.8195966153442,
          "enabled": true,
          "eprice_exp_base": 1.356854803810296,
          "eprice_pprice_diff": 0.032641823261788376,
          "grid_span": 0.299903731768592,
          "initial_eprice_ema_dist": -0.03228356541119365,
          "initial_qty_pct": 0.009422824770941913,
          "markup_range": 0.03476306372653684,
          "max_n_entry_orders": 12,
          "min_markup": 0.019528370862180993,
          "n_close_orders": 12,
          "secondary_allocation": 0.0644217341186058,
          "secondary_pprice_diff": 0.43937121928345707,
          "wallet_exposure_limit": 0.1},
 "short": {"auto_unstuck_ema_dist": 0.03280783530412255,
           "auto_unstuck_wallet_exposure_threshold": 0.44302986877247896,
           "backwards_tp": true,
           "ema_span_0": 4088.974946083965,
           "ema_span_1": 4478.072534703729,
           "enabled": true,
           "eprice_exp_base": 1.0605311000806994,
           "eprice_pprice_diff": 0.01911295774033373,
           "grid_span": 0.16543987966375437,
           "initial_eprice_ema_dist": -0.016698818530898052,
           "initial_qty_pct": 0.007,
           "markup_range": 0.01558558115748927,
           "max_n_entry_orders": 13,
           "min_markup": 0.019492706198053704,
           "n_close_orders": 11,
           "secondary_allocation": 0.03409467262995481,
           "secondary_pprice_diff": 0.4331301465770645,
           "wallet_exposure_limit": 0.1}}