{"config_name": "static_grid_EOSUSDT_163days",
 "logging_level": 0,
 "long": {"auto_unstuck_ema_dist": 0.1,
          "auto_unstuck_wallet_exposure_threshold": 0.7864020295969656,
          "backwards_tp": true,
          "ema_span_0": 559.4940169712182,
          "ema_span_1": 7411.3069561931425,
          "enabled": true,
          "eprice_exp_base": 1.4350193498386454,
          "eprice_pprice_diff": 0.028857458632301065,
          "grid_span": 0.23557746896032242,
          "initial_eprice_ema_dist": -0.04621963428953238,
          "initial_qty_pct": 0.03702814770220898,
          "markup_range": 0.046198856122706015,
          "max_n_entry_orders": 10,
          "min_markup": 0.03867250883472115,
          "n_close_orders": 28,
          "secondary_allocation": 0.11501369419030251,
          "secondary_pprice_diff": 0.17897579702978633,
          "wallet_exposure_limit": 0.1},
 "short": {"auto_unstuck_ema_dist": 0.06824195231486116,
           "auto_unstuck_wallet_exposure_threshold": 0.6708740810113963,
           "backwards_tp": true,
           "ema_span_0": 3968.0948542043757,
           "ema_span_1": 3547.6857220626516,
           "enabled": true,
           "eprice_exp_base": 1.6362931539226913,
           "eprice_pprice_diff": 0.04345220271040678,
           "grid_span": 0.25574856071686797,
           "initial_eprice_ema_dist": -0.08838909209533474,
           "initial_qty_pct": 0.03513619114722775,
           "markup_range": 0.01907742192087662,
           "max_n_entry_orders": 10,
           "min_markup": 0.054141159024433304,
           "n_close_orders": 7,
           "secondary_allocation": 0.39675931377302376,
           "secondary_pprice_diff": 0.3482275206325143,
           "wallet_exposure_limit": 0.1}}