{"config_name": "static_grid_LINKUSDT_297days",
 "logging_level": 0,
 "long": {"auto_unstuck_ema_dist": 0.07927096198261842,
          "auto_unstuck_wallet_exposure_threshold": 0.40918001134318494,
          "backwards_tp": true,
          "ema_span_0": 2613.135833489196,
          "ema_span_1": 10080,
          "enabled": true,
          "eprice_exp_base": 1.0524282760748132,
          "eprice_pprice_diff": 0.03594900624588238,
          "grid_span": 0.17422265938527148,
          "initial_eprice_ema_dist": -0.022578030842432994,
          "initial_qty_pct": 0.007,
          "markup_range": 0.03504195113219649,
          "max_n_entry_orders": 9,
          "min_markup": 0.01882124275497849,
          "n_close_orders": 17,
          "secondary_allocation": 0.09952685979848616,
          "secondary_pprice_diff": 0.09458396833086805,
          "wallet_exposure_limit": 0.1},
 "short": {"auto_unstuck_ema_dist": 0.052309568017930005,
           "auto_unstuck_wallet_exposure_threshold": 0.4915371702468144,
           "backwards_tp": true,
           "ema_span_0": 3481.2822060549465,
           "ema_span_1": 5172.932297991874,
           "enabled": true,
           "eprice_exp_base": 1.109352364451015,
           "eprice_pprice_diff": 0.024667943522982634,
           "grid_span": 0.22567604783896056,
           "initial_eprice_ema_dist": -0.04071928980761891,
           "initial_qty_pct": 0.007782379143847043,
           "markup_range": 0.03227548334109632,
           "max_n_entry_orders": 12,
           "min_markup": 0.013441066866133231,
           "n_close_orders": 5,
           "secondary_allocation": 0.12802798258818718,
           "secondary_pprice_diff": 0.1812668931318589,
           "wallet_exposure_limit": 0.1}}