{"config_name": "static_grid_LINKUSDT_150days",
 "logging_level": 0,
 "long": {"auto_unstuck_ema_dist": 0.07045525702398374,
          "auto_unstuck_wallet_exposure_threshold": 0.4523633836359803,
          "backwards_tp": true,
          "ema_span_0": 2288.989345017781,
          "ema_span_1": 9876.473275397062,
          "enabled": true,
          "eprice_exp_base": 1.4534915938377297,
          "eprice_pprice_diff": 0.038598517610870756,
          "grid_span": 0.2501624797575899,
          "initial_eprice_ema_dist": -0.06602796857821441,
          "initial_qty_pct": 0.04617850053428161,
          "markup_range": 0.014188437662799612,
          "max_n_entry_orders": 10,
          "min_markup": 0.05426921503522788,
          "n_close_orders": 11,
          "secondary_allocation": 0.05150792181869085,
          "secondary_pprice_diff": 0.12862520105999303,
          "wallet_exposure_limit": 0.1},
 "short": {"auto_unstuck_ema_dist": 0.07580747718817583,
           "auto_unstuck_wallet_exposure_threshold": 0.6388796677167095,
           "backwards_tp": true,
           "ema_span_0": 2593.7589830490742,
           "ema_span_1": 2703.1916622149106,
           "enabled": true,
           "eprice_exp_base": 1.231724025302179,
           "eprice_pprice_diff": 0.02269780081556904,
           "grid_span": 0.2419293837203637,
           "initial_eprice_ema_dist": -0.0624679916922395,
           "initial_qty_pct": 0.027792977567058265,
           "markup_range": 0.035472497814899875,
           "max_n_entry_orders": 10,
           "min_markup": 0.05933378350080332,
           "n_close_orders": 18,
           "secondary_allocation": 0.15073333719759743,
           "secondary_pprice_diff": 0.2058877843836785,
           "wallet_exposure_limit": 0.1}}