{"config_name": "static_grid_LINKUSDT_215days",
 "logging_level": 0,
 "long": {"auto_unstuck_ema_dist": 0.08374988343081977,
          "auto_unstuck_wallet_exposure_threshold": 0.1833703936588047,
          "backwards_tp": true,
          "ema_span_0": 1590.3082670004387,
          "ema_span_1": 10080,
          "enabled": true,
          "eprice_exp_base": 1.0338909948875112,
          "eprice_pprice_diff": 0.006133361566707749,
          "grid_span": 0.21849428571853954,
          "initial_eprice_ema_dist": -0.009862638902286662,
          "initial_qty_pct": 0.019580855219810234,
          "markup_range": 0.021182644624304473,
          "max_n_entry_orders": 10,
          "min_markup": 0.055951337434290024,
          "n_close_orders": 7,
          "secondary_allocation": 0.2727113601002845,
          "secondary_pprice_diff": 0.05691026129930152,
          "wallet_exposure_limit": 0.1},
 "short": {"auto_unstuck_ema_dist": 0.07165476653761058,
           "auto_unstuck_wallet_exposure_threshold": 0.6073807697381014,
           "backwards_tp": true,
           "ema_span_0": 2208.4960844358084,
           "ema_span_1": 2614.0724026403773,
           "enabled": true,
           "eprice_exp_base": 1.6816169144726851,
           "eprice_pprice_diff": 0.03703372271677332,
           "grid_span": 0.1566164078228667,
           "initial_eprice_ema_dist": -0.09525320450982072,
           "initial_qty_pct": 0.03883744485861443,
           "markup_range": 0.038073307508861697,
           "max_n_entry_orders": 10,
           "min_markup": 0.05208789376933774,
           "n_close_orders": 25,
           "secondary_allocation": 0.06763369346407541,
           "secondary_pprice_diff": 0.42387916660754466,
           "wallet_exposure_limit": 0.1}}