{"config_name": "static_grid_LINKUSDT_131days",
 "logging_level": 0,
 "long": {"auto_unstuck_ema_dist": 0.009300694653565464,
          "auto_unstuck_wallet_exposure_threshold": 0.028237276325875853,
          "backwards_tp": true,
          "ema_span_0": 828.5787639980142,
          "ema_span_1": 9522.761477680724,
          "enabled": true,
          "eprice_exp_base": 1.0663717689853682,
          "eprice_pprice_diff": 0.022115326129306074,
          "grid_span": 0.24729737855773204,
          "initial_eprice_ema_dist": -0.005506103538307183,
          "initial_qty_pct": 0.013230547333206846,
          "markup_range": 0.04982994517453498,
          "max_n_entry_orders": 10,
          "min_markup": 0.052674120346574385,
          "n_close_orders": 10,
          "secondary_allocation": 0.47625277389758175,
          "secondary_pprice_diff": 0.1034605926884497,
          "wallet_exposure_limit": 0.1},
 "short": {"auto_unstuck_ema_dist": 0.07511385209082017,
           "auto_unstuck_wallet_exposure_threshold": 0.642837785643924,
           "backwards_tp": true,
           "ema_span_0": 2566.6399672632338,
           "ema_span_1": 2575.603878785982,
           "enabled": true,
           "eprice_exp_base": 1.4900475657468142,
           "eprice_pprice_diff": 0.039947640351522144,
           "grid_span": 0.17526675813009188,
           "initial_eprice_ema_dist": -0.02433129424909409,
           "initial_qty_pct": 0.037549630676390715,
           "markup_range": 0.04725357810080502,
           "max_n_entry_orders": 10,
           "min_markup": 0.049636307320458165,
           "n_close_orders": 23,
           "secondary_allocation": 0.17782588565636365,
           "secondary_pprice_diff": 0.4043560874145609,
           "wallet_exposure_limit": 0.1}}