{"config_name": "static_grid_LINKUSDT_179days",
 "logging_level": 0,
 "long": {"auto_unstuck_ema_dist": 0.09086593287771418,
          "auto_unstuck_wallet_exposure_threshold": 0.26519455288763916,
          "backwards_tp": true,
          "ema_span_0": 3380.7158457079013,
          "ema_span_1": 9030.43998142883,
          "enabled": true,
          "eprice_exp_base": 1.5704463054144482,
          "eprice_pprice_diff": 0.020703675053291144,
          "grid_span": 0.2368953856772423,
          "initial_eprice_ema_dist": -0.010873833142368033,
          "initial_qty_pct": 0.04086375373033526,
          "markup_range": 0.02827567634681523,
          "max_n_entry_orders": 10,
          "min_markup": 0.04376704991395282,
          "n_close_orders": 20,
          "secondary_allocation": 0.059869810372634794,
          "secondary_pprice_diff": 0.20380722987234515,
          "wallet_exposure_limit": 0.1},
 "short": {"auto_unstuck_ema_dist": 0.06683289506281812,
           "auto_unstuck_wallet_exposure_threshold": 0.651599202190908,
           "backwards_tp": true,
           "ema_span_0": 2305.5118704584906,
           "ema_span_1": 2142.7443777969283,
           "enabled": true,
           "eprice_exp_base": 1.0317617863723945,
           "eprice_pprice_diff": 0.03982094696800611,
           "grid_span": 0.17934016520127435,
           "initial_eprice_ema_dist": -0.04701342199106843,
           "initial_qty_pct": 0.04314236096985354,
           "markup_range": 0.03737128828690273,
           "max_n_entry_orders": 10,
           "min_markup": 0.05454545742966452,
           "n_close_orders": 20,
           "secondary_allocation": 0.007303627036296949,
           "secondary_pprice_diff": 0.41875412439701026,
           "wallet_exposure_limit": 0.1}}