{"config_name": "static_grid_LINKUSDT_164days",
 "logging_level": 0,
 "long": {"auto_unstuck_ema_dist": 0,
          "auto_unstuck_wallet_exposure_threshold": 0.2557034438569339,
          "backwards_tp": true,
          "ema_span_0": 2303.3739298031724,
          "ema_span_1": 8301.744262176067,
          "enabled": true,
          "eprice_exp_base": 1.198121887860669,
          "eprice_pprice_diff": 0.009583496243170264,
          "grid_span": 0.2454826774557965,
          "initial_eprice_ema_dist": -0.04043295679912296,
          "initial_qty_pct": 0.036894974851549314,
          "markup_range": 0.008133056719556015,
          "max_n_entry_orders": 10,
          "min_markup": 0.04263158348579879,
          "n_close_orders": 12,
          "secondary_allocation": 0.05335372732217738,
          "secondary_pprice_diff": 0.18403883127352486,
          "wallet_exposure_limit": 0.1},
 "short": {"auto_unstuck_ema_dist": 0.07528039884486142,
           "auto_unstuck_wallet_exposure_threshold": 0.646684762055392,
           "backwards_tp": true,
           "ema_span_0": 3158.448433637635,
           "ema_span_1": 2425.849933333986,
           "enabled": true,
           "eprice_exp_base": 1.1601700918097433,
           "eprice_pprice_diff": 0.03536871153447234,
           "grid_span": 0.1666268887623339,
           "initial_eprice_ema_dist": -0.06530833820065512,
           "initial_qty_pct": 0.04954885286507817,
           "markup_range": 0.03868666354472232,
           "max_n_entry_orders": 10,
           "min_markup": 0.05079968536715055,
           "n_close_orders": 17,
           "secondary_allocation": 0.0686179460188863,
           "secondary_pprice_diff": 0.45281030321199134,
           "wallet_exposure_limit": 0.1}}