{"config_name": "static_grid_LINKUSDT_138days",
 "logging_level": 0,
 "long": {"auto_unstuck_ema_dist": 0.05874603003517868,
          "auto_unstuck_wallet_exposure_threshold": 0.8421787070151184,
          "backwards_tp": true,
          "ema_span_0": 680.0409378403842,
          "ema_span_1": 10080,
          "enabled": true,
          "eprice_exp_base": 1.8441280683265862,
          "eprice_pprice_diff": 0.029575411332280886,
          "grid_span": 0.3769990570286676,
          "initial_eprice_ema_dist": -0.06594235984334007,
          "initial_qty_pct": 0.028096648912629266,
          "markup_range": 0.04067240030608288,
          "max_n_entry_orders": 10,
          "min_markup": 0.06,
          "n_close_orders": 12,
          "secondary_allocation": 0.04172166917116457,
          "secondary_pprice_diff": 0.08321381430495706,
          "wallet_exposure_limit": 0.1},
 "short": {"auto_unstuck_ema_dist": 0.07285122085911898,
           "auto_unstuck_wallet_exposure_threshold": 0.7059997790545003,
           "backwards_tp": true,
           "ema_span_0": 1973.7084244181033,
           "ema_span_1": 2473.0199166177335,
           "enabled": true,
           "eprice_exp_base": 1.9986681646951745,
           "eprice_pprice_diff": 0.020712470933491475,
           "grid_span": 0.18011102272020507,
           "initial_eprice_ema_dist": -0.09757974979991038,
           "initial_qty_pct": 0.028416172424080923,
           "markup_range": 0.05758215280280939,
           "max_n_entry_orders": 10,
           "min_markup": 0.05681795183138114,
           "n_close_orders": 22,
           "secondary_allocation": 0.427734898027904,
           "secondary_pprice_diff": 0.495288538872884,
           "wallet_exposure_limit": 0.1}}