{"config_name": "static_grid_LINKUSDT_326days",
 "logging_level": 0,
 "long": {"auto_unstuck_ema_dist": 0.07366626589266384,
          "auto_unstuck_wallet_exposure_threshold": 0.5316205040860509,
          "backwards_tp": true,
          "ema_span_0": 3113.6791323333164,
          "ema_span_1": 10019.819041849838,
          "enabled": true,
          "eprice_exp_base": 1.1520226228904415,
          "eprice_pprice_diff": 0.0231171955249484,
          "grid_span": 0.24166059037751303,
          "initial_eprice_ema_dist": -0.06405932274104559,
          "initial_qty_pct": 0.007732296221315416,
          "markup_range": 0.03272459330864654,
          "max_n_entry_orders": 12,
          "min_markup": 0.016200539873845482,
          "n_close_orders": 9,
          "secondary_allocation": 0.6415482009022307,
          "secondary_pprice_diff": 0.09302834110512398,
          "wallet_exposure_limit": 0.1},
 "short": {"auto_unstuck_ema_dist": 0.049619383101172795,
           "auto_unstuck_wallet_exposure_threshold": 0.45600682536972953,
           "backwards_tp": true,
           "ema_span_0": 3508.9165984580063,
           "ema_span_1": 4369.666372738549,
           "enabled": true,
           "eprice_exp_base": 1.0376259037235744,
           "eprice_pprice_diff": 0.02169247389425483,
           "grid_span": 0.2221651299012264,
           "initial_eprice_ema_dist": -0.03188264420972676,
           "initial_qty_pct": 0.0073917701269847905,
           "markup_range": 0.03577135162382863,
           "max_n_entry_orders": 12,
           "min_markup": 0.0124396058931106,
           "n_close_orders": 17,
           "secondary_allocation": 0.06575313200721156,
           "secondary_pprice_diff": 0.29069236193323184,
           "wallet_exposure_limit": 0.1}}