{"config_name": "static_grid_LINKUSDT_186days",
 "logging_level": 0,
 "long": {"auto_unstuck_ema_dist": 0.06671159821758278,
          "auto_unstuck_wallet_exposure_threshold": 0.04296777383801098,
          "backwards_tp": true,
          "ema_span_0": 1071.2650131731996,
          "ema_span_1": 6962.901099289496,
          "enabled": true,
          "eprice_exp_base": 1.4043586426283095,
          "eprice_pprice_diff": 0.027144919231537168,
          "grid_span": 0.3023352654196263,
          "initial_eprice_ema_dist": -0.0835953041212334,
          "initial_qty_pct": 0.049123689767159626,
          "markup_range": 0.00645089487698786,
          "max_n_entry_orders": 10,
          "min_markup": 0.049356123141875353,
          "n_close_orders": 7,
          "secondary_allocation": 0.1714590566660395,
          "secondary_pprice_diff": 0.27890297486808907,
          "wallet_exposure_limit": 0.1},
 "short": {"auto_unstuck_ema_dist": 0.047683902385112255,
           "auto_unstuck_wallet_exposure_threshold": 0.466111268164464,
           "backwards_tp": true,
           "ema_span_0": 393.91056956836013,
           "ema_span_1": 1511.5297542156757,
           "enabled": true,
           "eprice_exp_base": 1.8218639356270956,
           "eprice_pprice_diff": 0.02380631330065923,
           "grid_span": 0.12371754472391434,
           "initial_eprice_ema_dist": -0.0004079515362957892,
           "initial_qty_pct": 0.0341667393511233,
           "markup_range": 0.002973379634834947,
           "max_n_entry_orders": 10,
           "min_markup": 0.041679126812959294,
           "n_close_orders": 25,
           "secondary_allocation": 0.11020199449762043,
           "secondary_pprice_diff": 0.3246694336136653,
           "wallet_exposure_limit": 0.1}}