{"config_name": "static_grid_LINKUSDT_237days",
 "logging_level": 0,
 "long": {"auto_unstuck_ema_dist": 0.08747814286835465,
          "auto_unstuck_wallet_exposure_threshold": 0.5554823856007225,
          "backwards_tp": true,
          "ema_span_0": 3551.412631159525,
          "ema_span_1": 10011.361562837734,
          "enabled": true,
          "eprice_exp_base": 1.3640965644240257,
          "eprice_pprice_diff": 0.023197548117656484,
          "grid_span": 0.22626067682804707,
          "initial_eprice_ema_dist": -0.04139114911480324,
          "initial_qty_pct": 0.007256624709438159,
          "markup_range": 0.02923382202696031,
          "max_n_entry_orders": 12,
          "min_markup": 0.01444925798999924,
          "n_close_orders": 5,
          "secondary_allocation": 0.6219949900371092,
          "secondary_pprice_diff": 0.07571229855756138,
          "wallet_exposure_limit": 0.1},
 "short": {"auto_unstuck_ema_dist": 0.034664129127007864,
           "auto_unstuck_wallet_exposure_threshold": 0.32050245937837585,
           "backwards_tp": true,
           "ema_span_0": 863.9489711262751,
           "ema_span_1": 3685.6315923050634,
           "enabled": true,
           "eprice_exp_base": 1.1038345224039168,
           "eprice_pprice_diff": 0.015548700590909747,
           "grid_span": 0.13967472823051016,
           "initial_eprice_ema_dist": -0.0027016779345135225,
           "initial_qty_pct": 0.01312221374946609,
           "markup_range": 0.007758355313137775,
           "max_n_entry_orders": 12,
           "min_markup": 0.011247615207677916,
           "n_close_orders": 8,
           "secondary_allocation": 0.11497376709945795,
           "secondary_pprice_diff": 0.20272777351354201,
           "wallet_exposure_limit": 0.1}}