{"config_name": "static_grid_LINKUSDT_272days",
 "logging_level": 0,
 "long": {"auto_unstuck_ema_dist": 0.08580589087935683,
          "auto_unstuck_wallet_exposure_threshold": 0.37904902185858913,
          "backwards_tp": true,
          "ema_span_0": 3759.2320231960657,
          "ema_span_1": 9881.916861793226,
          "enabled": true,
          "eprice_exp_base": 1.1379632037619898,
          "eprice_pprice_diff": 0.02849189073007006,
          "grid_span": 0.22728713592290195,
          "initial_eprice_ema_dist": -0.027185669126867703,
          "initial_qty_pct": 0.008413134789300282,
          "markup_range": 0.0292841106521775,
          "max_n_entry_orders": 12,
          "min_markup": 0.018571659513405274,
          "n_close_orders": 13,
          "secondary_allocation": 0.5389140348312049,
          "secondary_pprice_diff": 0.06781015919808157,
          "wallet_exposure_limit": 0.1},
 "short": {"auto_unstuck_ema_dist": 0.03707180953703551,
           "auto_unstuck_wallet_exposure_threshold": 0.4937886326931099,
           "backwards_tp": true,
           "ema_span_0": 2567.970310028062,
           "ema_span_1": 5115.829420244343,
           "enabled": true,
           "eprice_exp_base": 1.060345630696993,
           "eprice_pprice_diff": 0.025115619145625198,
           "grid_span": 0.23133740992706248,
           "initial_eprice_ema_dist": -0.041854241465699014,
           "initial_qty_pct": 0.007107552489349433,
           "markup_range": 0.02951164797176048,
           "max_n_entry_orders": 12,
           "min_markup": 0.016914142639743265,
           "n_close_orders": 16,
           "secondary_allocation": 0.10750752557534606,
           "secondary_pprice_diff": 0.3357322859684594,
           "wallet_exposure_limit": 0.1}}