{"config_name": "static_grid_LINKUSDT_259days",
 "logging_level": 0,
 "long": {"auto_unstuck_ema_dist": 0.08275520012249873,
          "auto_unstuck_wallet_exposure_threshold": 0.4963706592017289,
          "backwards_tp": true,
          "ema_span_0": 3417.2518067023616,
          "ema_span_1": 9379.969274848865,
          "enabled": true,
          "eprice_exp_base": 1.2815075524867212,
          "eprice_pprice_diff": 0.02697167266356869,
          "grid_span": 0.2265882830210849,
          "initial_eprice_ema_dist": -0.020856008856301036,
          "initial_qty_pct": 0.007647934034619443,
          "markup_range": 0.03278069801525753,
          "max_n_entry_orders": 12,
          "min_markup": 0.014438163716244519,
          "n_close_orders": 7,
          "secondary_allocation": 0.25925643474214377,
          "secondary_pprice_diff": 0.364047615277391,
          "wallet_exposure_limit": 0.1},
 "short": {"auto_unstuck_ema_dist": 0.022479893960581396,
           "auto_unstuck_wallet_exposure_threshold": 0.1320356002633637,
           "backwards_tp": true,
           "ema_span_0": 3414.84948618745,
           "ema_span_1": 4240.886422752819,
           "enabled": true,
           "eprice_exp_base": 1.0411760738744833,
           "eprice_pprice_diff": 0.030699355940492987,
           "grid_span": 0.16220153959854802,
           "initial_eprice_ema_dist": -0.023309583795173595,
           "initial_qty_pct": 0.008681406509680705,
           "markup_range": 0.037602423055617715,
           "max_n_entry_orders": 13,
           "min_markup": 0.019153744048501134,
           "n_close_orders": 18,
           "secondary_allocation": 0.6778105933161415,
           "secondary_pprice_diff": 0.05343762812355637,
           "wallet_exposure_limit": 0.1}}