{"config_name": "static_grid_LINKUSDT_314days",
 "logging_level": 0,
 "long": {"auto_unstuck_ema_dist": 0.028652966806604813,
          "auto_unstuck_wallet_exposure_threshold": 0.3766347558956252,
          "backwards_tp": true,
          "ema_span_0": 2097.477791181841,
          "ema_span_1": 9932.975161445942,
          "enabled": true,
          "eprice_exp_base": 1.2511034815758084,
          "eprice_pprice_diff": 0.025252893644126948,
          "grid_span": 0.23532978485615152,
          "initial_eprice_ema_dist": -0.029999030659077677,
          "initial_qty_pct": 0.007,
          "markup_range": 0.03637573394033764,
          "max_n_entry_orders": 9,
          "min_markup": 0.009668567833498705,
          "n_close_orders": 9,
          "secondary_allocation": 0.20205742480617267,
          "secondary_pprice_diff": 0.3215480195942393,
          "wallet_exposure_limit": 0.1},
 "short": {"auto_unstuck_ema_dist": 0.04320004375351943,
           "auto_unstuck_wallet_exposure_threshold": 0.13367318866520475,
           "backwards_tp": true,
           "ema_span_0": 3365.4935454206466,
           "ema_span_1": 4120.630658787757,
           "enabled": true,
           "eprice_exp_base": 1,
           "eprice_pprice_diff": 0.028344071563069638,
           "grid_span": 0.16708745638938224,
           "initial_eprice_ema_dist": -0.029113564271880922,
           "initial_qty_pct": 0.007457323000299533,
           "markup_range": 0.035873152736908116,
           "max_n_entry_orders": 12,
           "min_markup": 0.017483949261631077,
           "n_close_orders": 17,
           "secondary_allocation": 0.6102915646295968,
           "secondary_pprice_diff": 0.05168055016489289,
           "wallet_exposure_limit": 0.1}}