{"config_name": "static_grid_LINKUSDT_148days",
 "logging_level": 0,
 "long": {"auto_unstuck_ema_dist": 0.09286948540594991,
          "auto_unstuck_wallet_exposure_threshold": 0.5039917588906467,
          "backwards_tp": true,
          "ema_span_0": 2374.2438946594593,
          "ema_span_1": 8033.6127983922715,
          "enabled": true,
          "eprice_exp_base": 2.061745358468758,
          "eprice_pprice_diff": 0.029398081799660275,
          "grid_span": 0.24155757254641783,
          "initial_eprice_ema_dist": -0.034687713137509305,
          "initial_qty_pct": 0.014661796095616658,
          "markup_range": 0.021432061661880317,
          "max_n_entry_orders": 10,
          "min_markup": 0.06,
          "n_close_orders": 21,
          "secondary_allocation": 0.05567819791989643,
          "secondary_pprice_diff": 0.18265623027303407,
          "wallet_exposure_limit": 0.1},
 "short": {"auto_unstuck_ema_dist": 0.0736678145586482,
           "auto_unstuck_wallet_exposure_threshold": 0.818904728693348,
           "backwards_tp": true,
           "ema_span_0": 2327.17739537073,
           "ema_span_1": 2911.5245105012314,
           "enabled": true,
           "eprice_exp_base": 1.350858307381038,
           "eprice_pprice_diff": 0.014299043728549432,
           "grid_span": 0.3183350389535247,
           "initial_eprice_ema_dist": -0.030164255841971955,
           "initial_qty_pct": 0.010183216179765774,
           "markup_range": 0.052623686362705646,
           "max_n_entry_orders": 10,
           "min_markup": 0.039052556468843626,
           "n_close_orders": 19,
           "secondary_allocation": 0.1488221221275064,
           "secondary_pprice_diff": 0.21246748007516597,
           "wallet_exposure_limit": 0.1}}