{"config_name": "static_grid_LINKUSDT_247days",
 "logging_level": 0,
 "long": {"auto_unstuck_ema_dist": 0.07926891040610025,
          "auto_unstuck_wallet_exposure_threshold": 0.6,
          "backwards_tp": true,
          "ema_span_0": 3208.491832287416,
          "ema_span_1": 9655.948280757952,
          "enabled": true,
          "eprice_exp_base": 1.3122606717619436,
          "eprice_pprice_diff": 0.028010802593903247,
          "grid_span": 0.22320069865130676,
          "initial_eprice_ema_dist": -0.010841287857811806,
          "initial_qty_pct": 0.007029582978785175,
          "markup_range": 0.027228239726920626,
          "max_n_entry_orders": 12,
          "min_markup": 0.009255734944882814,
          "n_close_orders": 9,
          "secondary_allocation": 0.38792282165266356,
          "secondary_pprice_diff": 0.08786906453761713,
          "wallet_exposure_limit": 0.1},
 "short": {"auto_unstuck_ema_dist": 0.03763083730471899,
           "auto_unstuck_wallet_exposure_threshold": 0.5899312404426523,
           "backwards_tp": true,
           "ema_span_0": 2002.8960990989954,
           "ema_span_1": 4961.323095588497,
           "enabled": true,
           "eprice_exp_base": 1.0932920989995287,
           "eprice_pprice_diff": 0.026535378483516555,
           "grid_span": 0.21150333696145468,
           "initial_eprice_ema_dist": -0.03272922201176033,
           "initial_qty_pct": 0.007,
           "markup_range": 0.03782068051185618,
           "max_n_entry_orders": 13,
           "min_markup": 0.0111512416048277,
           "n_close_orders": 13,
           "secondary_allocation": 0.07681200582041124,
           "secondary_pprice_diff": 0.4053382258373759,
           "wallet_exposure_limit": 0.1}}