{"config_name": "static_grid_LINKUSDT_167days",
 "logging_level": 0,
 "long": {"auto_unstuck_ema_dist": 0.07121129088327556,
          "auto_unstuck_wallet_exposure_threshold": 0.3952410359565245,
          "backwards_tp": true,
          "ema_span_0": 1788.9973189564264,
          "ema_span_1": 9949.120756005232,
          "enabled": true,
          "eprice_exp_base": 1.525699289677808,
          "eprice_pprice_diff": 0.012748081329879143,
          "grid_span": 0.22963430384062908,
          "initial_eprice_ema_dist": -0.0012675371987233672,
          "initial_qty_pct": 0.02321718036276218,
          "markup_range": 0.027384182503730946,
          "max_n_entry_orders": 10,
          "min_markup": 0.055941648845430424,
          "n_close_orders": 11,
          "secondary_allocation": 0.023640837339011282,
          "secondary_pprice_diff": 0.4161001340971237,
          "wallet_exposure_limit": 0.1},
 "short": {"auto_unstuck_ema_dist": 0.07139491425333895,
           "auto_unstuck_wallet_exposure_threshold": 0.6481911281692412,
           "backwards_tp": true,
           "ema_span_0": 1971.3660173603737,
           "ema_span_1": 2550.4531441563518,
           "enabled": true,
           "eprice_exp_base": 1.724783022930506,
           "eprice_pprice_diff": 0.03389358522658255,
           "grid_span": 0.12616055249929647,
           "initial_eprice_ema_dist": -0.062481359513784855,
           "initial_qty_pct": 0.0291128798251735,
           "markup_range": 0.034244442059313526,
           "max_n_entry_orders": 10,
           "min_markup": 0.0526762447898812,
           "n_close_orders": 10,
           "secondary_allocation": 0.2866230870448889,
           "secondary_pprice_diff": 0.08771352223531546,
           "wallet_exposure_limit": 0.1}}