{"config_name": "static_grid_LINKUSDT_207days",
 "logging_level": 0,
 "long": {"auto_unstuck_ema_dist": 0.1,
          "auto_unstuck_wallet_exposure_threshold": 0.2820188403172962,
          "backwards_tp": true,
          "ema_span_0": 3374.0399931907205,
          "ema_span_1": 10080,
          "enabled": true,
          "eprice_exp_base": 1.1589571486774284,
          "eprice_pprice_diff": 0.008867207115721998,
          "grid_span": 0.2752156614069392,
          "initial_eprice_ema_dist": -0.014063282723938982,
          "initial_qty_pct": 0.02665368377334894,
          "markup_range": 0.03123585010155149,
          "max_n_entry_orders": 10,
          "min_markup": 0.049766074291510885,
          "n_close_orders": 11,
          "secondary_allocation": 0.1883195084383249,
          "secondary_pprice_diff": 0.2095377360734409,
          "wallet_exposure_limit": 0.1},
 "short": {"auto_unstuck_ema_dist": 0.07332522318162214,
           "auto_unstuck_wallet_exposure_threshold": 0.7415156438044533,
           "backwards_tp": true,
           "ema_span_0": 2518.028239822221,
           "ema_span_1": 2473.376020233777,
           "enabled": true,
           "eprice_exp_base": 1.4006514609768326,
           "eprice_pprice_diff": 0.04164239465184608,
           "grid_span": 0.22039318084875617,
           "initial_eprice_ema_dist": -0.04441657728779341,
           "initial_qty_pct": 0.048746637057606915,
           "markup_range": 0.00434810205563318,
           "max_n_entry_orders": 10,
           "min_markup": 0.06,
           "n_close_orders": 7,
           "secondary_allocation": 0.27955072601358033,
           "secondary_pprice_diff": 0.4751450884799305,
           "wallet_exposure_limit": 0.1}}