{"config_name": "static_grid_LINKUSDT_209days",
 "logging_level": 0,
 "long": {"auto_unstuck_ema_dist": 0.04862016238499702,
          "auto_unstuck_wallet_exposure_threshold": 0.2681091651372923,
          "backwards_tp": true,
          "ema_span_0": 1626.2599772858562,
          "ema_span_1": 9871.548611745842,
          "enabled": true,
          "eprice_exp_base": 1.1818155541815425,
          "eprice_pprice_diff": 0.025839931450189056,
          "grid_span": 0.23160523302403027,
          "initial_eprice_ema_dist": -0.030736632008139295,
          "initial_qty_pct": 0.007,
          "markup_range": 0.038757786273686236,
          "max_n_entry_orders": 13,
          "min_markup": 0.012993784681931062,
          "n_close_orders": 8,
          "secondary_allocation": 0.6792752005132572,
          "secondary_pprice_diff": 0.05,
          "wallet_exposure_limit": 0.1},
 "short": {"auto_unstuck_ema_dist": 0.03485107582965087,
           "auto_unstuck_wallet_exposure_threshold": 0.5270992176796806,
           "backwards_tp": true,
           "ema_span_0": 1475.9986798607163,
           "ema_span_1": 4566.218341449257,
           "enabled": true,
           "eprice_exp_base": 1.1042111613626358,
           "eprice_pprice_diff": 0.021346178265896364,
           "grid_span": 0.18345286963188143,
           "initial_eprice_ema_dist": -0.024351118807778,
           "initial_qty_pct": 0.007336849375461355,
           "markup_range": 0.02382547921320637,
           "max_n_entry_orders": 10,
           "min_markup": 0.014337640555432029,
           "n_close_orders": 6,
           "secondary_allocation": 0.25476669655934076,
           "secondary_pprice_diff": 0.058954149980388185,
           "wallet_exposure_limit": 0.1}}