{"config_name": "static_grid_LINKUSDT_203days",
 "logging_level": 0,
 "long": {"auto_unstuck_ema_dist": 0.08668581675861227,
          "auto_unstuck_wallet_exposure_threshold": 0.1827260260401566,
          "backwards_tp": true,
          "ema_span_0": 2560.396090745685,
          "ema_span_1": 8949.40138024004,
          "enabled": true,
          "eprice_exp_base": 1.620190653653966,
          "eprice_pprice_diff": 0.0169845111830053,
          "grid_span": 0.25235820085474425,
          "initial_eprice_ema_dist": -0.01038711175818186,
          "initial_qty_pct": 0.0254004186321398,
          "markup_range": 0.03867692140591227,
          "max_n_entry_orders": 10,
          "min_markup": 0.05247148664531364,
          "n_close_orders": 29,
          "secondary_allocation": 0.07166249324265496,
          "secondary_pprice_diff": 0.4542395267579167,
          "wallet_exposure_limit": 0.1},
 "short": {"auto_unstuck_ema_dist": 0.08903997902093083,
           "auto_unstuck_wallet_exposure_threshold": 0.09780057106885875,
           "backwards_tp": true,
           "ema_span_0": 983.6609247652559,
           "ema_span_1": 1908.1902108475322,
           "enabled": true,
           "eprice_exp_base": 2.028570850989408,
           "eprice_pprice_diff": 0.01764299698549068,
           "grid_span": 0.21555694229137679,
           "initial_eprice_ema_dist": -0.09431777959288178,
           "initial_qty_pct": 0.0472910836177549,
           "markup_range": 0.04912279329192498,
           "max_n_entry_orders": 10,
           "min_markup": 0.0510023311354495,
           "n_close_orders": 14,
           "secondary_allocation": 0.35294231491690564,
           "secondary_pprice_diff": 0.09458061597875135,
           "wallet_exposure_limit": 0.1}}