{"config_name": "static_grid_LINKUSDT_227days",
 "logging_level": 0,
 "long": {"auto_unstuck_ema_dist": 0.09083423131638083,
          "auto_unstuck_wallet_exposure_threshold": 0.4025842811237161,
          "backwards_tp": true,
          "ema_span_0": 4079.8636374269195,
          "ema_span_1": 9363.233766059655,
          "enabled": true,
          "eprice_exp_base": 1.0512438975874472,
          "eprice_pprice_diff": 0.028398371586778846,
          "grid_span": 0.2540573476793677,
          "initial_eprice_ema_dist": -0.06224162443838788,
          "initial_qty_pct": 0.007,
          "markup_range": 0.025904683080123263,
          "max_n_entry_orders": 11,
          "min_markup": 0.018387121123733335,
          "n_close_orders": 18,
          "secondary_allocation": 0.5826396005734932,
          "secondary_pprice_diff": 0.0632554140430199,
          "wallet_exposure_limit": 0.1},
 "short": {"auto_unstuck_ema_dist": 0.04491272815028997,
           "auto_unstuck_wallet_exposure_threshold": 0.3351654997611689,
           "backwards_tp": true,
           "ema_span_0": 2693.8553211604635,
           "ema_span_1": 2635.8446754408023,
           "enabled": true,
           "eprice_exp_base": 1.0369030518140872,
           "eprice_pprice_diff": 0.027346305808961965,
           "grid_span": 0.20515879622888317,
           "initial_eprice_ema_dist": -0.039963965363580226,
           "initial_qty_pct": 0.007021934441448535,
           "markup_range": 0.027046615331107898,
           "max_n_entry_orders": 12,
           "min_markup": 0.01925610918801303,
           "n_close_orders": 19,
           "secondary_allocation": 0.20293228772195038,
           "secondary_pprice_diff": 0.29343616280581786,
           "wallet_exposure_limit": 0.1}}