{"config_name": "static_grid_LINKUSDT_227days",
 "logging_level": 0,
 "long": {"auto_unstuck_ema_dist": 0.08148193380933803,
          "auto_unstuck_wallet_exposure_threshold": 0.46466412419139447,
          "backwards_tp": true,
          "ema_span_0": 3116.5443826488554,
          "ema_span_1": 9597.237221278512,
          "enabled": true,
          "eprice_exp_base": 1.1370865279352582,
          "eprice_pprice_diff": 0.03546025960077356,
          "grid_span": 0.2505124132876717,
          "initial_eprice_ema_dist": -0.044562209728352786,
          "initial_qty_pct": 0.009615696985232385,
          "markup_range": 0.031130712265652023,
          "max_n_entry_orders": 12,
          "min_markup": 0.01997305996315167,
          "n_close_orders": 11,
          "secondary_allocation": 0.2241046628959548,
          "secondary_pprice_diff": 0.09363123651159967,
          "wallet_exposure_limit": 0.1},
 "short": {"auto_unstuck_ema_dist": 0.048640404479144375,
           "auto_unstuck_wallet_exposure_threshold": 0.048604023657129944,
           "backwards_tp": true,
           "ema_span_0": 2138.932149845724,
           "ema_span_1": 162.20028590046377,
           "enabled": true,
           "eprice_exp_base": 1.1114150790001944,
           "eprice_pprice_diff": 0.022901770183759242,
           "grid_span": 0.2325193635281757,
           "initial_eprice_ema_dist": -0.03569147380474218,
           "initial_qty_pct": 0.007055285411184593,
           "markup_range": 0.025453828454766583,
           "max_n_entry_orders": 11,
           "min_markup": 0.019984127353458475,
           "n_close_orders": 10,
           "secondary_allocation": 0.02549049786673125,
           "secondary_pprice_diff": 0.05117966677117025,
           "wallet_exposure_limit": 0.1}}