{"config_name": "static_grid_MANAUSDT_260days",
 "logging_level": 0,
 "long": {"auto_unstuck_ema_dist": 0.014539724495527342,
          "auto_unstuck_wallet_exposure_threshold": 0.43845273603460366,
          "backwards_tp": true,
          "ema_span_0": 2822.8583056093394,
          "ema_span_1": 8596.006887802461,
          "enabled": true,
          "eprice_exp_base": 1.2366233225957506,
          "eprice_pprice_diff": 0.03591927457736869,
          "grid_span": 0.1704932504942117,
          "initial_eprice_ema_dist": -0.025788150047615595,
          "initial_qty_pct": 0.00746542496945027,
          "markup_range": 0.03503347867856918,
          "max_n_entry_orders": 8,
          "min_markup": 0.015578777341254646,
          "n_close_orders": 15,
          "secondary_allocation": 0.23510129303630348,
          "secondary_pprice_diff": 0.12172625955565589,
          "wallet_exposure_limit": 0.1},
 "short": {"auto_unstuck_ema_dist": 0.03488593853202706,
           "auto_unstuck_wallet_exposure_threshold": 0.5718744142900115,
           "backwards_tp": true,
           "ema_span_0": 466.1242629356159,
           "ema_span_1": 488.81264252100743,
           "enabled": true,
           "eprice_exp_base": 1.8397035157778696,
           "eprice_pprice_diff": 0.01133891565887331,
           "grid_span": 0.1376474949093061,
           "initial_eprice_ema_dist": -0.09138298145023206,
           "initial_qty_pct": 0.01082829865920089,
           "markup_range": 0.0015675277728415538,
           "max_n_entry_orders": 12,
           "min_markup": 0.0038265522384447314,
           "n_close_orders": 14,
           "secondary_allocation": 0,
           "secondary_pprice_diff": 0.4213611159479829,
           "wallet_exposure_limit": 0.1}}