{"config_name": "static_grid_MANAUSDT_183days",
 "logging_level": 0,
 "long": {"auto_unstuck_ema_dist": 0.0065022688542381475,
          "auto_unstuck_wallet_exposure_threshold": 0.5229384108211848,
          "backwards_tp": true,
          "ema_span_0": 363.519231659896,
          "ema_span_1": 8027.6330114464145,
          "enabled": true,
          "eprice_exp_base": 1.8426533370512208,
          "eprice_pprice_diff": 0.018545505994980196,
          "grid_span": 0.26601773535806766,
          "initial_eprice_ema_dist": -0.006907228121962715,
          "initial_qty_pct": 0.012778526083783145,
          "markup_range": 0.04726979030522938,
          "max_n_entry_orders": 10,
          "min_markup": 0.05132164714980323,
          "n_close_orders": 27,
          "secondary_allocation": 0.24384682768974125,
          "secondary_pprice_diff": 0.45544645942023887,
          "wallet_exposure_limit": 0.1},
 "short": {"auto_unstuck_ema_dist": 0.08206182581452717,
           "auto_unstuck_wallet_exposure_threshold": 0.45423052303337713,
           "backwards_tp": true,
           "ema_span_0": 2902.4962318523685,
           "ema_span_1": 9360.706341982434,
           "enabled": true,
           "eprice_exp_base": 2.0698189554318924,
           "eprice_pprice_diff": 0.002,
           "grid_span": 0.10095557766803394,
           "initial_eprice_ema_dist": -0.05323361851931761,
           "initial_qty_pct": 0.016508232726505385,
           "markup_range": 0.02584392939485995,
           "max_n_entry_orders": 10,
           "min_markup": 0.04543002623580113,
           "n_close_orders": 18,
           "secondary_allocation": 0.03234752659941213,
           "secondary_pprice_diff": 0.07641636686917294,
           "wallet_exposure_limit": 0.1}}