{"config_name": "static_grid_MANAUSDT_300days",
 "logging_level": 0,
 "long": {"auto_unstuck_ema_dist": 0.05138470197930279,
          "auto_unstuck_wallet_exposure_threshold": 0.5597279153172784,
          "backwards_tp": true,
          "ema_span_0": 2938.135905130791,
          "ema_span_1": 8101.57073350979,
          "enabled": true,
          "eprice_exp_base": 1.2654953656396677,
          "eprice_pprice_diff": 0.036843712985910854,
          "grid_span": 0.26637902406926434,
          "initial_eprice_ema_dist": -0.03397626820688848,
          "initial_qty_pct": 0.007008555465325422,
          "markup_range": 0.03600814746826009,
          "max_n_entry_orders": 11,
          "min_markup": 0.01548202204977057,
          "n_close_orders": 5,
          "secondary_allocation": 0.10566608593792305,
          "secondary_pprice_diff": 0.16644644702964417,
          "wallet_exposure_limit": 0.1},
 "short": {"auto_unstuck_ema_dist": 0.0497167834906867,
           "auto_unstuck_wallet_exposure_threshold": 0.5830770618379,
           "backwards_tp": true,
           "ema_span_0": 1118.8378871539178,
           "ema_span_1": 3033.5732182116317,
           "enabled": true,
           "eprice_exp_base": 1.3866292481195055,
           "eprice_pprice_diff": 0.016362163528625764,
           "grid_span": 0.13516632597146058,
           "initial_eprice_ema_dist": -0.05238200438215365,
           "initial_qty_pct": 0.008609033483050144,
           "markup_range": 0.00496120791681458,
           "max_n_entry_orders": 9,
           "min_markup": 0.0061172627436795746,
           "n_close_orders": 17,
           "secondary_allocation": 0.37030884594749075,
           "secondary_pprice_diff": 0.24927681967104015,
           "wallet_exposure_limit": 0.1}}