{"config_name": "static_grid_MANAUSDT_238days",
 "logging_level": 0,
 "long": {"auto_unstuck_ema_dist": 0.04243501128321464,
          "auto_unstuck_wallet_exposure_threshold": 0.3717680904969585,
          "backwards_tp": true,
          "ema_span_0": 3682.4499515185225,
          "ema_span_1": 6761.007767567487,
          "enabled": true,
          "eprice_exp_base": 1.1925339373151842,
          "eprice_pprice_diff": 0.03468932585190299,
          "grid_span": 0.18508727903899516,
          "initial_eprice_ema_dist": -0.030486494547298015,
          "initial_qty_pct": 0.007,
          "markup_range": 0.03667721592612212,
          "max_n_entry_orders": 11,
          "min_markup": 0.015817600648440566,
          "n_close_orders": 11,
          "secondary_allocation": 0.17974668127118765,
          "secondary_pprice_diff": 0.1257162998128113,
          "wallet_exposure_limit": 0.1},
 "short": {"auto_unstuck_ema_dist": 0.09815873913176652,
           "auto_unstuck_wallet_exposure_threshold": 0.34805501187801824,
           "backwards_tp": true,
           "ema_span_0": 126.53460340471656,
           "ema_span_1": 943.9651293499898,
           "enabled": true,
           "eprice_exp_base": 1.7710119804198874,
           "eprice_pprice_diff": 0.014089300352914776,
           "grid_span": 0.13409477282909216,
           "initial_eprice_ema_dist": -0.07242395195315081,
           "initial_qty_pct": 0.015248612638571909,
           "markup_range": 0.011740336827560326,
           "max_n_entry_orders": 12,
           "min_markup": 0.014952413774839107,
           "n_close_orders": 7,
           "secondary_allocation": 0.1341362686806914,
           "secondary_pprice_diff": 0.07582406752235679,
           "wallet_exposure_limit": 0.1}}