{"config_name": "static_grid_MANAUSDT_166days",
 "logging_level": 0,
 "long": {"auto_unstuck_ema_dist": 0.00024169147962064264,
          "auto_unstuck_wallet_exposure_threshold": 0.6214868790354307,
          "backwards_tp": true,
          "ema_span_0": 887.0031281630645,
          "ema_span_1": 10018.6892274814,
          "enabled": true,
          "eprice_exp_base": 1.1911154952702434,
          "eprice_pprice_diff": 0.05,
          "grid_span": 0.22849249848059985,
          "initial_eprice_ema_dist": -0.019126124374262123,
          "initial_qty_pct": 0.012727291344807446,
          "markup_range": 0.05465672699980704,
          "max_n_entry_orders": 10,
          "min_markup": 0.06,
          "n_close_orders": 16,
          "secondary_allocation": 0.2880475915440019,
          "secondary_pprice_diff": 0.42875234968558273,
          "wallet_exposure_limit": 0.1},
 "short": {"auto_unstuck_ema_dist": 0.07705064194898752,
           "auto_unstuck_wallet_exposure_threshold": 0.47316761514813055,
           "backwards_tp": true,
           "ema_span_0": 1579.6107485217503,
           "ema_span_1": 9733.395376667668,
           "enabled": true,
           "eprice_exp_base": 1.1084749976814816,
           "eprice_pprice_diff": 0.00703061139596498,
           "grid_span": 0.14623704858704295,
           "initial_eprice_ema_dist": -0.09511566896003983,
           "initial_qty_pct": 0.0422161915430537,
           "markup_range": 0.02589880509402979,
           "max_n_entry_orders": 10,
           "min_markup": 0.05995360287347778,
           "n_close_orders": 10,
           "secondary_allocation": 0.20129711039259027,
           "secondary_pprice_diff": 0.25812664618245346,
           "wallet_exposure_limit": 0.1}}