{"config_name": "static_grid_MANAUSDT_228days",
 "logging_level": 0,
 "long": {"auto_unstuck_ema_dist": 0.0754092385727748,
          "auto_unstuck_wallet_exposure_threshold": 0.4634381297736319,
          "backwards_tp": true,
          "ema_span_0": 3878.8480950492826,
          "ema_span_1": 9238.762297755973,
          "enabled": true,
          "eprice_exp_base": 1.2021556051690183,
          "eprice_pprice_diff": 0.040784820965137636,
          "grid_span": 0.18369384660076962,
          "initial_eprice_ema_dist": -0.00040495498572752663,
          "initial_qty_pct": 0.007,
          "markup_range": 0.031120756683118783,
          "max_n_entry_orders": 12,
          "min_markup": 0.019456131331609488,
          "n_close_orders": 14,
          "secondary_allocation": 0.20185885000294898,
          "secondary_pprice_diff": 0.11211362411135137,
          "wallet_exposure_limit": 0.1},
 "short": {"auto_unstuck_ema_dist": 0.03693354795115989,
           "auto_unstuck_wallet_exposure_threshold": 0.3495526011575923,
           "backwards_tp": true,
           "ema_span_0": 4157.826748347749,
           "ema_span_1": 9454.68019250518,
           "enabled": true,
           "eprice_exp_base": 1.12064351576575,
           "eprice_pprice_diff": 0.012225128524220781,
           "grid_span": 0.1043580162331223,
           "initial_eprice_ema_dist": -0.03652457252181257,
           "initial_qty_pct": 0.0330686438787837,
           "markup_range": 0.012485207022363349,
           "max_n_entry_orders": 13,
           "min_markup": 0.007564481438251296,
           "n_close_orders": 6,
           "secondary_allocation": 0.014258957362597245,
           "secondary_pprice_diff": 0.21352706182359454,
           "wallet_exposure_limit": 0.1}}