{"config_name": "static_grid_MANAUSDT_316days",
 "logging_level": 0,
 "long": {"auto_unstuck_ema_dist": 0.03482957217692406,
          "auto_unstuck_wallet_exposure_threshold": 0.45024467318711087,
          "backwards_tp": true,
          "ema_span_0": 3179.7736920772695,
          "ema_span_1": 9834.225990827903,
          "enabled": true,
          "eprice_exp_base": 1.2717036817352174,
          "eprice_pprice_diff": 0.032406829870529126,
          "grid_span": 0.19373393992178042,
          "initial_eprice_ema_dist": -0.01589421267973638,
          "initial_qty_pct": 0.007,
          "markup_range": 0.034909806258716015,
          "max_n_entry_orders": 12,
          "min_markup": 0.011790202331459401,
          "n_close_orders": 11,
          "secondary_allocation": 0.6205985166746888,
          "secondary_pprice_diff": 0.09593477669475456,
          "wallet_exposure_limit": 0.1},
 "short": {"auto_unstuck_ema_dist": 0.012640782649821403,
           "auto_unstuck_wallet_exposure_threshold": 0.5941162722404738,
           "backwards_tp": true,
           "ema_span_0": 800.8729380324392,
           "ema_span_1": 515.2413899984188,
           "enabled": true,
           "eprice_exp_base": 1.7855635224820632,
           "eprice_pprice_diff": 0.010953974124534463,
           "grid_span": 0.13752257172362894,
           "initial_eprice_ema_dist": -0.0066214033189013165,
           "initial_qty_pct": 0.012797125293322175,
           "markup_range": 0.0036958898719277856,
           "max_n_entry_orders": 9,
           "min_markup": 0.003149743143507467,
           "n_close_orders": 6,
           "secondary_allocation": 0.211157050389191,
           "secondary_pprice_diff": 0.4742613545873538,
           "wallet_exposure_limit": 0.1}}