{"config_name": "static_grid_MANAUSDT_228days",
 "logging_level": 0,
 "long": {"auto_unstuck_ema_dist": 0.006974709907731547,
          "auto_unstuck_wallet_exposure_threshold": 0.48767896220514645,
          "backwards_tp": true,
          "ema_span_0": 3411.3773938807835,
          "ema_span_1": 7699.548092035733,
          "enabled": true,
          "eprice_exp_base": 1.1392074033295203,
          "eprice_pprice_diff": 0.04212001332634743,
          "grid_span": 0.2642479475795039,
          "initial_eprice_ema_dist": -0.041834740965858506,
          "initial_qty_pct": 0.007795686389699451,
          "markup_range": 0.033963309425384704,
          "max_n_entry_orders": 13,
          "min_markup": 0.016017425618006204,
          "n_close_orders": 6,
          "secondary_allocation": 0.42680251498768856,
          "secondary_pprice_diff": 0.05701119776607678,
          "wallet_exposure_limit": 0.1},
 "short": {"auto_unstuck_ema_dist": 0.033435430886611134,
           "auto_unstuck_wallet_exposure_threshold": 0.20722200497995497,
           "backwards_tp": true,
           "ema_span_0": 2587.8201962720373,
           "ema_span_1": 2836.8597712592295,
           "enabled": true,
           "eprice_exp_base": 1.4051314390388554,
           "eprice_pprice_diff": 0.016829146463749185,
           "grid_span": 0.14536196019730813,
           "initial_eprice_ema_dist": -0.09678416523810085,
           "initial_qty_pct": 0.011845976348620764,
           "markup_range": 0.011458805394149625,
           "max_n_entry_orders": 11,
           "min_markup": 0.013375305822784213,
           "n_close_orders": 6,
           "secondary_allocation": 0.13823766660836959,
           "secondary_pprice_diff": 0.2992745759375278,
           "wallet_exposure_limit": 0.1}}