{"config_name": "static_grid_MANAUSDT_177days",
 "logging_level": 0,
 "long": {"auto_unstuck_ema_dist": 0.04542143802884983,
          "auto_unstuck_wallet_exposure_threshold": 0.7203004691934658,
          "backwards_tp": true,
          "ema_span_0": 2645.2846260488745,
          "ema_span_1": 9767.808302078423,
          "enabled": true,
          "eprice_exp_base": 1.8199681106222776,
          "eprice_pprice_diff": 0.03929873810613577,
          "grid_span": 0.2752832655995874,
          "initial_eprice_ema_dist": -0.09760502358844497,
          "initial_qty_pct": 0.013160108468086455,
          "markup_range": 0.012484027188128004,
          "max_n_entry_orders": 10,
          "min_markup": 0.053460940190165764,
          "n_close_orders": 17,
          "secondary_allocation": 0.49176098238989646,
          "secondary_pprice_diff": 0.10688879610629506,
          "wallet_exposure_limit": 0.1},
 "short": {"auto_unstuck_ema_dist": 0.01845392547831836,
           "auto_unstuck_wallet_exposure_threshold": 0.9536506724368679,
           "backwards_tp": true,
           "ema_span_0": 2634.2524723046768,
           "ema_span_1": 7439.226222766211,
           "enabled": true,
           "eprice_exp_base": 1.0518610449382275,
           "eprice_pprice_diff": 0.012486996654542623,
           "grid_span": 0.31970835650088586,
           "initial_eprice_ema_dist": -0.08810477434749689,
           "initial_qty_pct": 0.045321081307032565,
           "markup_range": 0.0035913783307920232,
           "max_n_entry_orders": 10,
           "min_markup": 0.030451324325645738,
           "n_close_orders": 24,
           "secondary_allocation": 0.1668608585420427,
           "secondary_pprice_diff": 0.4451954963930147,
           "wallet_exposure_limit": 0.1}}