{"config_name": "static_grid_NEARUSDT_139days",
 "logging_level": 0,
 "long": {"auto_unstuck_ema_dist": 0.09788305167904986,
          "auto_unstuck_wallet_exposure_threshold": 0.2169991212999405,
          "backwards_tp": true,
          "ema_span_0": 3272.731354817708,
          "ema_span_1": 7919.049215556718,
          "enabled": true,
          "eprice_exp_base": 1.202079651084868,
          "eprice_pprice_diff": 0.03939373776538252,
          "grid_span": 0.39238362277014727,
          "initial_eprice_ema_dist": -0.018309455521475136,
          "initial_qty_pct": 0.011594061367089094,
          "markup_range": 0.034127373931640025,
          "max_n_entry_orders": 10,
          "min_markup": 0.05681877785051471,
          "n_close_orders": 14,
          "secondary_allocation": 0.0792283165471153,
          "secondary_pprice_diff": 0.3812692627976675,
          "wallet_exposure_limit": 0.1},
 "short": {"auto_unstuck_ema_dist": 0.07876072210254725,
           "auto_unstuck_wallet_exposure_threshold": 0.712959329277038,
           "backwards_tp": true,
           "ema_span_0": 1846.9339473517757,
           "ema_span_1": 3094.9052949196303,
           "enabled": true,
           "eprice_exp_base": 1.1484953403069467,
           "eprice_pprice_diff": 0.044504405748421995,
           "grid_span": 0.46863304993424004,
           "initial_eprice_ema_dist": -0.08110196704829879,
           "initial_qty_pct": 0.04181078433157746,
           "markup_range": 0.019706056829286323,
           "max_n_entry_orders": 10,
           "min_markup": 0.054716546425389215,
           "n_close_orders": 10,
           "secondary_allocation": 0.09376974345835787,
           "secondary_pprice_diff": 0.49487192287991993,
           "wallet_exposure_limit": 0.1}}