{"config_name": "static_grid_NEARUSDT_175days",
 "logging_level": 0,
 "long": {"auto_unstuck_ema_dist": 0.06367982283384366,
          "auto_unstuck_wallet_exposure_threshold": 0.31322018103075977,
          "backwards_tp": true,
          "ema_span_0": 3598.80817254248,
          "ema_span_1": 9741.767096961976,
          "enabled": true,
          "eprice_exp_base": 1.503650463219083,
          "eprice_pprice_diff": 0.03978178173340158,
          "grid_span": 0.45356125450345,
          "initial_eprice_ema_dist": -0.04861239866552615,
          "initial_qty_pct": 0.015469394922380688,
          "markup_range": 0.0566412809623092,
          "max_n_entry_orders": 10,
          "min_markup": 0.02543482072413098,
          "n_close_orders": 22,
          "secondary_allocation": 0.007967118119855742,
          "secondary_pprice_diff": 0.3375875998813696,
          "wallet_exposure_limit": 0.1},
 "short": {"auto_unstuck_ema_dist": 0.08830986821115094,
           "auto_unstuck_wallet_exposure_threshold": 0.6655306305526114,
           "backwards_tp": true,
           "ema_span_0": 773.0661235562693,
           "ema_span_1": 2376.8212300739956,
           "enabled": true,
           "eprice_exp_base": 1.7447503515170606,
           "eprice_pprice_diff": 0.025120704540077397,
           "grid_span": 0.1029120356226291,
           "initial_eprice_ema_dist": -0.07590435877345808,
           "initial_qty_pct": 0.042353638804550404,
           "markup_range": 0.05554990227599252,
           "max_n_entry_orders": 10,
           "min_markup": 0.05159593338540775,
           "n_close_orders": 18,
           "secondary_allocation": 0.2264636193329293,
           "secondary_pprice_diff": 0.4408295322315946,
           "wallet_exposure_limit": 0.1}}