{"config_name": "static_grid_NEARUSDT_249days",
 "logging_level": 0,
 "long": {"auto_unstuck_ema_dist": 0.062439770582633204,
          "auto_unstuck_wallet_exposure_threshold": 0.014081470499535655,
          "backwards_tp": true,
          "ema_span_0": 2203.593494567074,
          "ema_span_1": 9817.382902027388,
          "enabled": true,
          "eprice_exp_base": 1.28288128898745,
          "eprice_pprice_diff": 0.03756251327037781,
          "grid_span": 0.20311792556752484,
          "initial_eprice_ema_dist": -0.05675327151995558,
          "initial_qty_pct": 0.007,
          "markup_range": 0.04,
          "max_n_entry_orders": 11,
          "min_markup": 0.016090236888929903,
          "n_close_orders": 6,
          "secondary_allocation": 0.36575234322659234,
          "secondary_pprice_diff": 0.12207342973806995,
          "wallet_exposure_limit": 0.1},
 "short": {"auto_unstuck_ema_dist": 0.052313248786700454,
           "auto_unstuck_wallet_exposure_threshold": 0.3639483860989955,
           "backwards_tp": true,
           "ema_span_0": 759.1237311570138,
           "ema_span_1": 565.6181310462923,
           "enabled": true,
           "eprice_exp_base": 1.1685193180002027,
           "eprice_pprice_diff": 0.02257557359219813,
           "grid_span": 0.2750087788458314,
           "initial_eprice_ema_dist": -0.07223681785556058,
           "initial_qty_pct": 0.007769221786599436,
           "markup_range": 0.017367585821097396,
           "max_n_entry_orders": 13,
           "min_markup": 0.012813611187534426,
           "n_close_orders": 8,
           "secondary_allocation": 0.09774181142465832,
           "secondary_pprice_diff": 0.13896780783413099,
           "wallet_exposure_limit": 0.1}}