{"config_name": "static_grid_NEARUSDT_195days",
 "logging_level": 0,
 "long": {"auto_unstuck_ema_dist": 0.0030185244031488926,
          "auto_unstuck_wallet_exposure_threshold": 0.1587411798970707,
          "backwards_tp": true,
          "ema_span_0": 770.7149482237023,
          "ema_span_1": 9085.974932278143,
          "enabled": true,
          "eprice_exp_base": 1.5419285121857162,
          "eprice_pprice_diff": 0.03213127798239413,
          "grid_span": 0.3170312559329757,
          "initial_eprice_ema_dist": -0.07843032830542761,
          "initial_qty_pct": 0.029866973710494717,
          "markup_range": 0.01793493033050624,
          "max_n_entry_orders": 10,
          "min_markup": 0.022889409297124356,
          "n_close_orders": 11,
          "secondary_allocation": 0.1768967559115742,
          "secondary_pprice_diff": 0.19335337090336957,
          "wallet_exposure_limit": 0.1},
 "short": {"auto_unstuck_ema_dist": 0.012575319910497661,
           "auto_unstuck_wallet_exposure_threshold": 0.5249823859421413,
           "backwards_tp": true,
           "ema_span_0": 2706.9705765272156,
           "ema_span_1": 2136.6797111470532,
           "enabled": true,
           "eprice_exp_base": 1.4571614733436469,
           "eprice_pprice_diff": 0.017538029992383984,
           "grid_span": 0.12177991825629096,
           "initial_eprice_ema_dist": -0.09920447367140856,
           "initial_qty_pct": 0.03250541701937845,
           "markup_range": 0.04565772853345331,
           "max_n_entry_orders": 10,
           "min_markup": 0.05516422934398028,
           "n_close_orders": 27,
           "secondary_allocation": 0.02171725867120203,
           "secondary_pprice_diff": 0.4144960442110332,
           "wallet_exposure_limit": 0.1}}