{"config_name": "static_grid_NEARUSDT_178days",
 "logging_level": 0,
 "long": {"auto_unstuck_ema_dist": 0.08059875240625011,
          "auto_unstuck_wallet_exposure_threshold": 0.3133360192838533,
          "backwards_tp": true,
          "ema_span_0": 3936.2294176079718,
          "ema_span_1": 9101.500821118405,
          "enabled": true,
          "eprice_exp_base": 1.2420854404997423,
          "eprice_pprice_diff": 0.04527702500358854,
          "grid_span": 0.42881859089557467,
          "initial_eprice_ema_dist": -0.026095771115907315,
          "initial_qty_pct": 0.027202991670680837,
          "markup_range": 0.013251060225316793,
          "max_n_entry_orders": 10,
          "min_markup": 0.05492909545537153,
          "n_close_orders": 10,
          "secondary_allocation": 0.09826263947726532,
          "secondary_pprice_diff": 0.2338403264002079,
          "wallet_exposure_limit": 0.1},
 "short": {"auto_unstuck_ema_dist": 0.09434910110387155,
           "auto_unstuck_wallet_exposure_threshold": 0.6637173563101675,
           "backwards_tp": true,
           "ema_span_0": 4089.2818129788097,
           "ema_span_1": 4344.226884796946,
           "enabled": true,
           "eprice_exp_base": 1.5211175498688798,
           "eprice_pprice_diff": 0.008237853139448765,
           "grid_span": 0.1369473948138355,
           "initial_eprice_ema_dist": -0.07191489869930326,
           "initial_qty_pct": 0.021458164150269715,
           "markup_range": 0.02816582414597458,
           "max_n_entry_orders": 10,
           "min_markup": 0.013832513409940171,
           "n_close_orders": 18,
           "secondary_allocation": 0.13326100176968125,
           "secondary_pprice_diff": 0.23005425917612748,
           "wallet_exposure_limit": 0.1}}