{"config_name": "static_grid_NEARUSDT_302days",
 "logging_level": 0,
 "long": {"auto_unstuck_ema_dist": 0.08565286080336759,
          "auto_unstuck_wallet_exposure_threshold": 0.3331107292795591,
          "backwards_tp": true,
          "ema_span_0": 2898.9492836529894,
          "ema_span_1": 8122.78640483615,
          "enabled": true,
          "eprice_exp_base": 1.406450438252291,
          "eprice_pprice_diff": 0.021905396051403844,
          "grid_span": 0.2612885160360609,
          "initial_eprice_ema_dist": -0.06564801612247745,
          "initial_qty_pct": 0.007,
          "markup_range": 0.006644220983874634,
          "max_n_entry_orders": 12,
          "min_markup": 0.007701327490187354,
          "n_close_orders": 14,
          "secondary_allocation": 0.048554150020441014,
          "secondary_pprice_diff": 0.4234656060474881,
          "wallet_exposure_limit": 0.1},
 "short": {"auto_unstuck_ema_dist": 0.09092845546061001,
           "auto_unstuck_wallet_exposure_threshold": 0.04392875591029081,
           "backwards_tp": true,
           "ema_span_0": 2716.584086109269,
           "ema_span_1": 2213.833856443067,
           "enabled": true,
           "eprice_exp_base": 1.04523323620041,
           "eprice_pprice_diff": 0.020013121354170323,
           "grid_span": 0.23396910529394452,
           "initial_eprice_ema_dist": -0.0468809304216138,
           "initial_qty_pct": 0.007,
           "markup_range": 0.01662862833259517,
           "max_n_entry_orders": 12,
           "min_markup": 0.011192080182503015,
           "n_close_orders": 8,
           "secondary_allocation": 0.28385718593004944,
           "secondary_pprice_diff": 0.08421379415149158,
           "wallet_exposure_limit": 0.1}}