{"config_name": "static_grid_NEARUSDT_205days",
 "logging_level": 0,
 "long": {"auto_unstuck_ema_dist": 0.09713486740283989,
          "auto_unstuck_wallet_exposure_threshold": 0.6173273165048367,
          "backwards_tp": true,
          "ema_span_0": 2416.3064435197102,
          "ema_span_1": 8387.246527982006,
          "enabled": true,
          "eprice_exp_base": 1.8339392696459518,
          "eprice_pprice_diff": 0.028712914618007332,
          "grid_span": 0.442006660670438,
          "initial_eprice_ema_dist": -0.08053157089039134,
          "initial_qty_pct": 0.02528038374307143,
          "markup_range": 0.049199042257525985,
          "max_n_entry_orders": 10,
          "min_markup": 0.048201711034155846,
          "n_close_orders": 20,
          "secondary_allocation": 0.2656997815730582,
          "secondary_pprice_diff": 0.11675774208065122,
          "wallet_exposure_limit": 0.1},
 "short": {"auto_unstuck_ema_dist": 0.07807898602465631,
           "auto_unstuck_wallet_exposure_threshold": 0.6597987190507009,
           "backwards_tp": true,
           "ema_span_0": 597.9963832242156,
           "ema_span_1": 1440,
           "enabled": true,
           "eprice_exp_base": 1.4426644807808078,
           "eprice_pprice_diff": 0.006422975082181969,
           "grid_span": 0.1,
           "initial_eprice_ema_dist": -0.059572074725548055,
           "initial_qty_pct": 0.024769577890719492,
           "markup_range": 0.04468837705456033,
           "max_n_entry_orders": 10,
           "min_markup": 0.050092837784995556,
           "n_close_orders": 30,
           "secondary_allocation": 0.655844047910755,
           "secondary_pprice_diff": 0.08665001558458253,
           "wallet_exposure_limit": 0.1}}