{"config_name": "static_grid_NEARUSDT_117days",
 "logging_level": 0,
 "long": {"auto_unstuck_ema_dist": 0.03351546247286711,
          "auto_unstuck_wallet_exposure_threshold": 0.6241269291200344,
          "backwards_tp": true,
          "ema_span_0": 3424.495399685558,
          "ema_span_1": 7541.419365640023,
          "enabled": true,
          "eprice_exp_base": 1.4141039073815813,
          "eprice_pprice_diff": 0.03117538023356618,
          "grid_span": 0.3920945408642221,
          "initial_eprice_ema_dist": -0.021100040866385422,
          "initial_qty_pct": 0.01,
          "markup_range": 0.02785204039657518,
          "max_n_entry_orders": 10,
          "min_markup": 0.06,
          "n_close_orders": 12,
          "secondary_allocation": 0.633228367414439,
          "secondary_pprice_diff": 0.08659075759815577,
          "wallet_exposure_limit": 0.1},
 "short": {"auto_unstuck_ema_dist": 0.09646154154335664,
           "auto_unstuck_wallet_exposure_threshold": 0.8006909536625103,
           "backwards_tp": true,
           "ema_span_0": 1104.5364422879368,
           "ema_span_1": 1440,
           "enabled": true,
           "eprice_exp_base": 1.5780560657681848,
           "eprice_pprice_diff": 0.017142179524363203,
           "grid_span": 0.15751289135245053,
           "initial_eprice_ema_dist": -0.1,
           "initial_qty_pct": 0.026740836029977948,
           "markup_range": 0.05444253557534484,
           "max_n_entry_orders": 10,
           "min_markup": 0.05737613440472688,
           "n_close_orders": 17,
           "secondary_allocation": 0.0122595192487284,
           "secondary_pprice_diff": 0.4604753038758911,
           "wallet_exposure_limit": 0.1}}