{"config_name": "static_grid_NEARUSDT_228days",
 "logging_level": 0,
 "long": {"auto_unstuck_ema_dist": 0.05810029801452027,
          "auto_unstuck_wallet_exposure_threshold": 0.6,
          "backwards_tp": true,
          "ema_span_0": 1851.4757396802988,
          "ema_span_1": 7792.859740508768,
          "enabled": true,
          "eprice_exp_base": 1.052505841941955,
          "eprice_pprice_diff": 0.04810350926806504,
          "grid_span": 0.2897053037289564,
          "initial_eprice_ema_dist": -0.002962232440959953,
          "initial_qty_pct": 0.007,
          "markup_range": 0.023058655688679056,
          "max_n_entry_orders": 10,
          "min_markup": 0.01992159659635149,
          "n_close_orders": 10,
          "secondary_allocation": 0.05921619874725952,
          "secondary_pprice_diff": 0.14114801442828873,
          "wallet_exposure_limit": 0.1},
 "short": {"auto_unstuck_ema_dist": 0.05440594454432565,
           "auto_unstuck_wallet_exposure_threshold": 0.12286775525748499,
           "backwards_tp": true,
           "ema_span_0": 520.3512451359535,
           "ema_span_1": 397.16780220066596,
           "enabled": true,
           "eprice_exp_base": 1.1895759408032112,
           "eprice_pprice_diff": 0.014467047256776246,
           "grid_span": 0.20722118864106956,
           "initial_eprice_ema_dist": -0.09050084792712278,
           "initial_qty_pct": 0.007,
           "markup_range": 0.005062945811027064,
           "max_n_entry_orders": 11,
           "min_markup": 0.01882963345517441,
           "n_close_orders": 18,
           "secondary_allocation": 0.017721225577804797,
           "secondary_pprice_diff": 0.07672212049270567,
           "wallet_exposure_limit": 0.1}}