{"config_name": "static_grid_NEARUSDT_183days",
 "logging_level": 0,
 "long": {"auto_unstuck_ema_dist": 0.07903548851076182,
          "auto_unstuck_wallet_exposure_threshold": 0.5619305841634977,
          "backwards_tp": true,
          "ema_span_0": 4048.347807107175,
          "ema_span_1": 8277.075170580458,
          "enabled": true,
          "eprice_exp_base": 1.0271363501379216,
          "eprice_pprice_diff": 0.04888241921422641,
          "grid_span": 0.3162166624200607,
          "initial_eprice_ema_dist": -0.0004582537082732929,
          "initial_qty_pct": 0.010233807654804966,
          "markup_range": 0.05543110691439469,
          "max_n_entry_orders": 10,
          "min_markup": 0.0335371145314453,
          "n_close_orders": 20,
          "secondary_allocation": 0.6846070506077826,
          "secondary_pprice_diff": 0.23070055628988803,
          "wallet_exposure_limit": 0.1},
 "short": {"auto_unstuck_ema_dist": 0.06139602776224218,
           "auto_unstuck_wallet_exposure_threshold": 0.04671440044490884,
           "backwards_tp": true,
           "ema_span_0": 1515.6762928735272,
           "ema_span_1": 1512.435170149852,
           "enabled": true,
           "eprice_exp_base": 1.2135391193993308,
           "eprice_pprice_diff": 0.009845686989862443,
           "grid_span": 0.21874791960061762,
           "initial_eprice_ema_dist": -0.08974400144136262,
           "initial_qty_pct": 0.028049329895912835,
           "markup_range": 0.033928574308442296,
           "max_n_entry_orders": 10,
           "min_markup": 0.05110946760740485,
           "n_close_orders": 11,
           "secondary_allocation": 0.4860223088564501,
           "secondary_pprice_diff": 0.1296668932958771,
           "wallet_exposure_limit": 0.1}}