{"config_name": "static_grid_NEARUSDT_276days",
 "logging_level": 0,
 "long": {"auto_unstuck_ema_dist": 0.024947990286297003,
          "auto_unstuck_wallet_exposure_threshold": 0.3458031463562175,
          "backwards_tp": true,
          "ema_span_0": 1619.0425614185365,
          "ema_span_1": 9191.622453479597,
          "enabled": true,
          "eprice_exp_base": 1.0888708381736165,
          "eprice_pprice_diff": 0.04710284461440114,
          "grid_span": 0.27730669501196714,
          "initial_eprice_ema_dist": -0.04968718930288356,
          "initial_qty_pct": 0.007679487276800693,
          "markup_range": 0.039952024443537563,
          "max_n_entry_orders": 10,
          "min_markup": 0.016847334971045083,
          "n_close_orders": 9,
          "secondary_allocation": 0.5889478644511016,
          "secondary_pprice_diff": 0.05007116665530051,
          "wallet_exposure_limit": 0.1},
 "short": {"auto_unstuck_ema_dist": 0.020589098758417673,
           "auto_unstuck_wallet_exposure_threshold": 0.29797746757889665,
           "backwards_tp": true,
           "ema_span_0": 520.8348119871753,
           "ema_span_1": 3104.5021186687145,
           "enabled": true,
           "eprice_exp_base": 1.09017421581075,
           "eprice_pprice_diff": 0.019928282877995376,
           "grid_span": 0.3064319446627377,
           "initial_eprice_ema_dist": -0.042072466890377025,
           "initial_qty_pct": 0.007,
           "markup_range": 0.019063353175274366,
           "max_n_entry_orders": 13,
           "min_markup": 0.016088667697087607,
           "n_close_orders": 6,
           "secondary_allocation": 0.02709566904427672,
           "secondary_pprice_diff": 0.4643335802503923,
           "wallet_exposure_limit": 0.1}}