{"config_name": "static_grid_NEOUSDT_340days",
 "logging_level": 0,
 "long": {"auto_unstuck_ema_dist": 0.051610358418447445,
          "auto_unstuck_wallet_exposure_threshold": 0.363574554650308,
          "backwards_tp": true,
          "ema_span_0": 2657.736114260403,
          "ema_span_1": 9202.172634201748,
          "enabled": true,
          "eprice_exp_base": 1.080409846959071,
          "eprice_pprice_diff": 0.024703606200975142,
          "grid_span": 0.18056579711620674,
          "initial_eprice_ema_dist": -0.028867789632292314,
          "initial_qty_pct": 0.010427517465281384,
          "markup_range": 0.02835524060996949,
          "max_n_entry_orders": 12,
          "min_markup": 0.009040333522992605,
          "n_close_orders": 7,
          "secondary_allocation": 0.07447701091665049,
          "secondary_pprice_diff": 0.15186427331856975,
          "wallet_exposure_limit": 0.1},
 "short": {"auto_unstuck_ema_dist": 0.08929997959027651,
           "auto_unstuck_wallet_exposure_threshold": 0.4829063046200036,
           "backwards_tp": true,
           "ema_span_0": 2560.085910866278,
           "ema_span_1": 6799.042565842257,
           "enabled": true,
           "eprice_exp_base": 1.1738858317992005,
           "eprice_pprice_diff": 0.01906417833343954,
           "grid_span": 0.2222867236059859,
           "initial_eprice_ema_dist": -0.04839983353250677,
           "initial_qty_pct": 0.008139184027560689,
           "markup_range": 0.005358975284654971,
           "max_n_entry_orders": 13,
           "min_markup": 0.012899860293215253,
           "n_close_orders": 9,
           "secondary_allocation": 0.04057614215919392,
           "secondary_pprice_diff": 0.24192814438096258,
           "wallet_exposure_limit": 0.1}}