{"config_name": "static_grid_NEOUSDT_182days",
 "logging_level": 0,
 "long": {"auto_unstuck_ema_dist": 0.028918183473211304,
          "auto_unstuck_wallet_exposure_threshold": 0.24231539060358118,
          "backwards_tp": true,
          "ema_span_0": 558.9673436379348,
          "ema_span_1": 7921.738176446163,
          "enabled": true,
          "eprice_exp_base": 1.7254432419968526,
          "eprice_pprice_diff": 0.026915915220104537,
          "grid_span": 0.22411101774745132,
          "initial_eprice_ema_dist": -0.0014952855515860653,
          "initial_qty_pct": 0.03337287239585347,
          "markup_range": 0.030439961159735327,
          "max_n_entry_orders": 10,
          "min_markup": 0.0474704116994113,
          "n_close_orders": 22,
          "secondary_allocation": 0.08219196318926648,
          "secondary_pprice_diff": 0.05819095419956556,
          "wallet_exposure_limit": 0.1},
 "short": {"auto_unstuck_ema_dist": 0.06070983955595095,
           "auto_unstuck_wallet_exposure_threshold": 0.8289220712455586,
           "backwards_tp": true,
           "ema_span_0": 1358.9656865928923,
           "ema_span_1": 1884.3408242480511,
           "enabled": true,
           "eprice_exp_base": 1.6632922516782374,
           "eprice_pprice_diff": 0.028695522958168615,
           "grid_span": 0.18359803540857222,
           "initial_eprice_ema_dist": -0.06816882642804231,
           "initial_qty_pct": 0.04634640973814325,
           "markup_range": 0.06,
           "max_n_entry_orders": 10,
           "min_markup": 0.06,
           "n_close_orders": 21,
           "secondary_allocation": 0.06855180940364158,
           "secondary_pprice_diff": 0.06921708892487136,
           "wallet_exposure_limit": 0.1}}