{"config_name": "static_grid_NEOUSDT_235days",
 "logging_level": 0,
 "long": {"auto_unstuck_ema_dist": 0.0021080138873198363,
          "auto_unstuck_wallet_exposure_threshold": 0.46701347809993776,
          "backwards_tp": true,
          "ema_span_0": 617.3758722429186,
          "ema_span_1": 2676.3532053105423,
          "enabled": true,
          "eprice_exp_base": 1.0970567831422582,
          "eprice_pprice_diff": 0.02028827553982985,
          "grid_span": 0.1930844478106795,
          "initial_eprice_ema_dist": -0.011322927086123334,
          "initial_qty_pct": 0.007617310800500607,
          "markup_range": 0.018619773481561547,
          "max_n_entry_orders": 12,
          "min_markup": 0.01941940613407372,
          "n_close_orders": 9,
          "secondary_allocation": 0,
          "secondary_pprice_diff": 0.1401253290545085,
          "wallet_exposure_limit": 0.1},
 "short": {"auto_unstuck_ema_dist": 0.06109986603788914,
           "auto_unstuck_wallet_exposure_threshold": 0.5336827839945216,
           "backwards_tp": true,
           "ema_span_0": 2086.155115511501,
           "ema_span_1": 6967.407666332078,
           "enabled": true,
           "eprice_exp_base": 1.4355203351975883,
           "eprice_pprice_diff": 0.012148044258047237,
           "grid_span": 0.1404602912743211,
           "initial_eprice_ema_dist": 0,
           "initial_qty_pct": 0.01322538561970792,
           "markup_range": 0.012024603416969204,
           "max_n_entry_orders": 11,
           "min_markup": 0.013297468681217828,
           "n_close_orders": 5,
           "secondary_allocation": 0.39690580206212045,
           "secondary_pprice_diff": 0.11307976514555185,
           "wallet_exposure_limit": 0.1}}