{"config_name": "static_grid_NEOUSDT_270days",
 "logging_level": 0,
 "long": {"auto_unstuck_ema_dist": 0.021333690614516693,
          "auto_unstuck_wallet_exposure_threshold": 0.23740858762546713,
          "backwards_tp": true,
          "ema_span_0": 1373.2170189757474,
          "ema_span_1": 1084.9410514354363,
          "enabled": true,
          "eprice_exp_base": 1.0676156370563028,
          "eprice_pprice_diff": 0.014285589966575953,
          "grid_span": 0.1650136816840728,
          "initial_eprice_ema_dist": -0.00924485482390768,
          "initial_qty_pct": 0.011465496390108123,
          "markup_range": 0.011497168901797028,
          "max_n_entry_orders": 13,
          "min_markup": 0.015937389209466257,
          "n_close_orders": 15,
          "secondary_allocation": 0.01336738366340276,
          "secondary_pprice_diff": 0.350927489115029,
          "wallet_exposure_limit": 0.1},
 "short": {"auto_unstuck_ema_dist": 0.03438051654810479,
           "auto_unstuck_wallet_exposure_threshold": 0.4582073978069023,
           "backwards_tp": true,
           "ema_span_0": 455.8656185576457,
           "ema_span_1": 5190.2111880614875,
           "enabled": true,
           "eprice_exp_base": 1.0304251204174182,
           "eprice_pprice_diff": 0.017330851365757627,
           "grid_span": 0.2006294986312021,
           "initial_eprice_ema_dist": -0.020372138216315703,
           "initial_qty_pct": 0.0077914441947658855,
           "markup_range": 0.007143570215197221,
           "max_n_entry_orders": 12,
           "min_markup": 0.009163567334489071,
           "n_close_orders": 13,
           "secondary_allocation": 0.08901500811558016,
           "secondary_pprice_diff": 0.060481909455445654,
           "wallet_exposure_limit": 0.1}}