{"config_name": "static_grid_NEOUSDT_294days",
 "logging_level": 0,
 "long": {"auto_unstuck_ema_dist": 0.06204530341579208,
          "auto_unstuck_wallet_exposure_threshold": 0.100599694188704,
          "backwards_tp": true,
          "ema_span_0": 2228.950177760697,
          "ema_span_1": 1881.2198534711597,
          "enabled": true,
          "eprice_exp_base": 1.1361561927648323,
          "eprice_pprice_diff": 0.014596869742632836,
          "grid_span": 0.1776742786484366,
          "initial_eprice_ema_dist": -0.0174026186757796,
          "initial_qty_pct": 0.009065435677678936,
          "markup_range": 0.008857412785501576,
          "max_n_entry_orders": 12,
          "min_markup": 0.01807207544687954,
          "n_close_orders": 17,
          "secondary_allocation": 0.015817013142428372,
          "secondary_pprice_diff": 0.18259501791768432,
          "wallet_exposure_limit": 0.1},
 "short": {"auto_unstuck_ema_dist": 0.004460963142569607,
           "auto_unstuck_wallet_exposure_threshold": 0.2903027494962972,
           "backwards_tp": true,
           "ema_span_0": 3066.912739264337,
           "ema_span_1": 9845.397826462198,
           "enabled": true,
           "eprice_exp_base": 1.063296595491101,
           "eprice_pprice_diff": 0.018600061912068793,
           "grid_span": 0.15904228082820906,
           "initial_eprice_ema_dist": -0.0214038948106183,
           "initial_qty_pct": 0.01010659775876304,
           "markup_range": 1.7302362053335627e-05,
           "max_n_entry_orders": 13,
           "min_markup": 0.017000505505275185,
           "n_close_orders": 6,
           "secondary_allocation": 0.07865376868705265,
           "secondary_pprice_diff": 0.06706177025381821,
           "wallet_exposure_limit": 0.1}}