{"config_name": "static_grid_NEOUSDT_288days",
 "logging_level": 0,
 "long": {"auto_unstuck_ema_dist": 0.01431066752149448,
          "auto_unstuck_wallet_exposure_threshold": 0.12174786949547672,
          "backwards_tp": true,
          "ema_span_0": 559.7150948540941,
          "ema_span_1": 2723.5041946091724,
          "enabled": true,
          "eprice_exp_base": 1.0798209178942038,
          "eprice_pprice_diff": 0.015168636612328033,
          "grid_span": 0.1439871053609933,
          "initial_eprice_ema_dist": -0.01121191293115646,
          "initial_qty_pct": 0.00859852561617623,
          "markup_range": 0.00998761102951717,
          "max_n_entry_orders": 12,
          "min_markup": 0.015868574948983114,
          "n_close_orders": 10,
          "secondary_allocation": 0.019704345312004864,
          "secondary_pprice_diff": 0.0905476473951922,
          "wallet_exposure_limit": 0.1},
 "short": {"auto_unstuck_ema_dist": 0.0951290828113437,
           "auto_unstuck_wallet_exposure_threshold": 0.34610599869383474,
           "backwards_tp": true,
           "ema_span_0": 3813.913701709235,
           "ema_span_1": 5459.067192336921,
           "enabled": true,
           "eprice_exp_base": 1.091268520005628,
           "eprice_pprice_diff": 0.022186269861108963,
           "grid_span": 0.23245929716957436,
           "initial_eprice_ema_dist": -0.030493007497033486,
           "initial_qty_pct": 0.0070769870435842255,
           "markup_range": 0.00954094654264403,
           "max_n_entry_orders": 12,
           "min_markup": 0.018472162340937,
           "n_close_orders": 6,
           "secondary_allocation": 0.04664286723453793,
           "secondary_pprice_diff": 0.14584393802871903,
           "wallet_exposure_limit": 0.1}}