{"config_name": "static_grid_NEOUSDT_207days",
 "logging_level": 0,
 "long": {"auto_unstuck_ema_dist": 0.022070073934839774,
          "auto_unstuck_wallet_exposure_threshold": 0.46668467079185505,
          "backwards_tp": true,
          "ema_span_0": 3080.6736631339586,
          "ema_span_1": 3400.5727575171427,
          "enabled": true,
          "eprice_exp_base": 1.2871852301539346,
          "eprice_pprice_diff": 0.015437702443886998,
          "grid_span": 0.1716625696492721,
          "initial_eprice_ema_dist": -0.013993300710401661,
          "initial_qty_pct": 0.007256476106810144,
          "markup_range": 0.024326074049078217,
          "max_n_entry_orders": 12,
          "min_markup": 0.010352486605332419,
          "n_close_orders": 20,
          "secondary_allocation": 0.13400439959148616,
          "secondary_pprice_diff": 0.2648267751521226,
          "wallet_exposure_limit": 0.1},
 "short": {"auto_unstuck_ema_dist": 0.06758649557723843,
           "auto_unstuck_wallet_exposure_threshold": 0.5843028630006493,
           "backwards_tp": true,
           "ema_span_0": 1695.8751251420508,
           "ema_span_1": 6254.481033789194,
           "enabled": true,
           "eprice_exp_base": 1.041760926096542,
           "eprice_pprice_diff": 0.011589970659377223,
           "grid_span": 0.2527070712539129,
           "initial_eprice_ema_dist": -0.010579000625390775,
           "initial_qty_pct": 0.007738537956085368,
           "markup_range": 0.01304512638705542,
           "max_n_entry_orders": 13,
           "min_markup": 0.01602826423192882,
           "n_close_orders": 19,
           "secondary_allocation": 0.0684255536470484,
           "secondary_pprice_diff": 0.14349453736738849,
           "wallet_exposure_limit": 0.1}}