{"config_name": "static_grid_NEOUSDT_284days",
 "logging_level": 0,
 "long": {"auto_unstuck_ema_dist": 0.07972418425634006,
          "auto_unstuck_wallet_exposure_threshold": 0.3704741255373327,
          "backwards_tp": true,
          "ema_span_0": 3932.0741850947643,
          "ema_span_1": 3826.2986135171464,
          "enabled": true,
          "eprice_exp_base": 1.0906380973850787,
          "eprice_pprice_diff": 0.01937515971024394,
          "grid_span": 0.17314214112945986,
          "initial_eprice_ema_dist": -0.05397994613839283,
          "initial_qty_pct": 0.007,
          "markup_range": 0.02098859703019552,
          "max_n_entry_orders": 13,
          "min_markup": 0.010147909170428715,
          "n_close_orders": 8,
          "secondary_allocation": 0.19703704858636575,
          "secondary_pprice_diff": 0.3417821800666047,
          "wallet_exposure_limit": 0.1},
 "short": {"auto_unstuck_ema_dist": 0.06663293290336768,
           "auto_unstuck_wallet_exposure_threshold": 0.27700580735803426,
           "backwards_tp": true,
           "ema_span_0": 1185.707504860426,
           "ema_span_1": 3978.5189729828976,
           "enabled": true,
           "eprice_exp_base": 1.373364355836809,
           "eprice_pprice_diff": 0.013449077058689331,
           "grid_span": 0.2216258288777387,
           "initial_eprice_ema_dist": -0.046397491832157814,
           "initial_qty_pct": 0.00756033782449501,
           "markup_range": 0.014639731151472017,
           "max_n_entry_orders": 10,
           "min_markup": 0.007788831321144297,
           "n_close_orders": 10,
           "secondary_allocation": 0.09538996250482548,
           "secondary_pprice_diff": 0.3194576492644576,
           "wallet_exposure_limit": 0.1}}