{"config_name": "static_grid_NEOUSDT_206days",
 "logging_level": 0,
 "long": {"auto_unstuck_ema_dist": 0.07032773494242307,
          "auto_unstuck_wallet_exposure_threshold": 0.03476391389194907,
          "backwards_tp": true,
          "ema_span_0": 886.0597801899875,
          "ema_span_1": 9234.588509426903,
          "enabled": true,
          "eprice_exp_base": 1.4942145216081486,
          "eprice_pprice_diff": 0.042335039011429314,
          "grid_span": 0.22487530033590744,
          "initial_eprice_ema_dist": -0.00472713773716681,
          "initial_qty_pct": 0.04367227344092355,
          "markup_range": 0.05692252384185931,
          "max_n_entry_orders": 10,
          "min_markup": 0.0385593339890195,
          "n_close_orders": 28,
          "secondary_allocation": 0.37951128780096965,
          "secondary_pprice_diff": 0.06454597836782268,
          "wallet_exposure_limit": 0.1},
 "short": {"auto_unstuck_ema_dist": 0.043818897538898866,
           "auto_unstuck_wallet_exposure_threshold": 0.7823045479832514,
           "backwards_tp": true,
           "ema_span_0": 779.9431216348903,
           "ema_span_1": 2163.566893087424,
           "enabled": true,
           "eprice_exp_base": 1.0895980688369356,
           "eprice_pprice_diff": 0.025988737034903057,
           "grid_span": 0.262667085459395,
           "initial_eprice_ema_dist": -0.06192658093932656,
           "initial_qty_pct": 0.012006093431941298,
           "markup_range": 0.06,
           "max_n_entry_orders": 10,
           "min_markup": 0.06,
           "n_close_orders": 23,
           "secondary_allocation": 0.006184208864699415,
           "secondary_pprice_diff": 0.10247422379688323,
           "wallet_exposure_limit": 0.1}}