{"config_name": "static_grid_NEOUSDT_178days",
 "logging_level": 0,
 "long": {"auto_unstuck_ema_dist": 0.029390825806941735,
          "auto_unstuck_wallet_exposure_threshold": 0.4412961621545231,
          "backwards_tp": true,
          "ema_span_0": 794.8273543168461,
          "ema_span_1": 8722.662098056562,
          "enabled": true,
          "eprice_exp_base": 1.0274060145108503,
          "eprice_pprice_diff": 0.022901130913510585,
          "grid_span": 0.2865625228429916,
          "initial_eprice_ema_dist": -0.023328947117803617,
          "initial_qty_pct": 0.012276989023983872,
          "markup_range": 0.005487461138602887,
          "max_n_entry_orders": 10,
          "min_markup": 0.031912053522778754,
          "n_close_orders": 12,
          "secondary_allocation": 0.1048147830677406,
          "secondary_pprice_diff": 0.4224203130024173,
          "wallet_exposure_limit": 0.1},
 "short": {"auto_unstuck_ema_dist": 0.05684430011089394,
           "auto_unstuck_wallet_exposure_threshold": 0.7915636490220256,
           "backwards_tp": true,
           "ema_span_0": 2193.2314696584726,
           "ema_span_1": 2007.2298336507324,
           "enabled": true,
           "eprice_exp_base": 1.9489753500419609,
           "eprice_pprice_diff": 0.014291815171325,
           "grid_span": 0.23416662624439694,
           "initial_eprice_ema_dist": -0.07898327869710627,
           "initial_qty_pct": 0.04268583380879519,
           "markup_range": 0.0550736177018272,
           "max_n_entry_orders": 10,
           "min_markup": 0.058835863928485554,
           "n_close_orders": 14,
           "secondary_allocation": 0.0535964100496992,
           "secondary_pprice_diff": 0.13120966749476595,
           "wallet_exposure_limit": 0.1}}