{"config_name": "static_grid_NEOUSDT_218days",
 "logging_level": 0,
 "long": {"auto_unstuck_ema_dist": 0.0417289583659442,
          "auto_unstuck_wallet_exposure_threshold": 0.3900817735054941,
          "backwards_tp": true,
          "ema_span_0": 2490.6319491299087,
          "ema_span_1": 6075.312119273904,
          "enabled": true,
          "eprice_exp_base": 1.0916080801583858,
          "eprice_pprice_diff": 0.018258850730713823,
          "grid_span": 0.19255520833600384,
          "initial_eprice_ema_dist": -0.019845479105535472,
          "initial_qty_pct": 0.007,
          "markup_range": 0.012361803566511181,
          "max_n_entry_orders": 11,
          "min_markup": 0.017487573656994743,
          "n_close_orders": 17,
          "secondary_allocation": 0.005397881455732233,
          "secondary_pprice_diff": 0.14687588843743662,
          "wallet_exposure_limit": 0.1},
 "short": {"auto_unstuck_ema_dist": 0.07184300389827461,
           "auto_unstuck_wallet_exposure_threshold": 0.4934229065618291,
           "backwards_tp": true,
           "ema_span_0": 2012.8296125714799,
           "ema_span_1": 6929.009977562198,
           "enabled": true,
           "eprice_exp_base": 1.0756125855232261,
           "eprice_pprice_diff": 0.012275755301939365,
           "grid_span": 0.2248146516550612,
           "initial_eprice_ema_dist": -0.021314823790413478,
           "initial_qty_pct": 0.007768914847574509,
           "markup_range": 0.011670519869031795,
           "max_n_entry_orders": 11,
           "min_markup": 0.013651520006207118,
           "n_close_orders": 8,
           "secondary_allocation": 0.12710232263346244,
           "secondary_pprice_diff": 0.29960815068855423,
           "wallet_exposure_limit": 0.1}}