{"config_name": "static_grid_NEOUSDT_198days",
 "logging_level": 0,
 "long": {"auto_unstuck_ema_dist": 0.05920362514418301,
          "auto_unstuck_wallet_exposure_threshold": 0.2882701514423045,
          "backwards_tp": true,
          "ema_span_0": 360,
          "ema_span_1": 9611.891012209837,
          "enabled": true,
          "eprice_exp_base": 1.2752575222866285,
          "eprice_pprice_diff": 0.0318712343201643,
          "grid_span": 0.22156783972149607,
          "initial_eprice_ema_dist": -0.0037538392407342252,
          "initial_qty_pct": 0.03520087918720445,
          "markup_range": 0.050957431412202416,
          "max_n_entry_orders": 10,
          "min_markup": 0.039787449616493456,
          "n_close_orders": 7,
          "secondary_allocation": 0.4490125090603204,
          "secondary_pprice_diff": 0.0734512541932842,
          "wallet_exposure_limit": 0.1},
 "short": {"auto_unstuck_ema_dist": 0.06283813556303273,
           "auto_unstuck_wallet_exposure_threshold": 0.6941981669350283,
           "backwards_tp": true,
           "ema_span_0": 1472.5457046090032,
           "ema_span_1": 1726.2718298660195,
           "enabled": true,
           "eprice_exp_base": 1.685424478661388,
           "eprice_pprice_diff": 0.03505578733578932,
           "grid_span": 0.10363793058582751,
           "initial_eprice_ema_dist": -0.09498440143433604,
           "initial_qty_pct": 0.037157253849892956,
           "markup_range": 0.030395603494593276,
           "max_n_entry_orders": 10,
           "min_markup": 0.059797404707864155,
           "n_close_orders": 25,
           "secondary_allocation": 0.09161470049605866,
           "secondary_pprice_diff": 0.183795134161078,
           "wallet_exposure_limit": 0.1}}