{"config_name": "static_grid_NEOUSDT_256days",
 "logging_level": 0,
 "long": {"auto_unstuck_ema_dist": 0.049221124784412824,
          "auto_unstuck_wallet_exposure_threshold": 0.3917945812573347,
          "backwards_tp": true,
          "ema_span_0": 3497.8378183073514,
          "ema_span_1": 2468.88424399558,
          "enabled": true,
          "eprice_exp_base": 1.082389202219692,
          "eprice_pprice_diff": 0.022555490743458584,
          "grid_span": 0.19430633518093038,
          "initial_eprice_ema_dist": -0.0016611165621489665,
          "initial_qty_pct": 0.007628579297368554,
          "markup_range": 0.03914972245739288,
          "max_n_entry_orders": 11,
          "min_markup": 0.01630778608902646,
          "n_close_orders": 15,
          "secondary_allocation": 0.11854805225527922,
          "secondary_pprice_diff": 0.38503160875904807,
          "wallet_exposure_limit": 0.1},
 "short": {"auto_unstuck_ema_dist": 0.08582962868896936,
           "auto_unstuck_wallet_exposure_threshold": 0.6,
           "backwards_tp": true,
           "ema_span_0": 2575.899648283917,
           "ema_span_1": 6963.627008993411,
           "enabled": true,
           "eprice_exp_base": 1.0198864804101997,
           "eprice_pprice_diff": 0.01591204638031719,
           "grid_span": 0.2113738294597324,
           "initial_eprice_ema_dist": -0.0202923469050455,
           "initial_qty_pct": 0.007372878310877681,
           "markup_range": 0.013185877288961007,
           "max_n_entry_orders": 10,
           "min_markup": 0.01903392093371136,
           "n_close_orders": 16,
           "secondary_allocation": 0.1385439846215192,
           "secondary_pprice_diff": 0.26873540499895066,
           "wallet_exposure_limit": 0.1}}