{"config_name": "static_grid_NEOUSDT_164days",
 "logging_level": 0,
 "long": {"auto_unstuck_ema_dist": 0.03754588587532613,
          "auto_unstuck_wallet_exposure_threshold": 0.2899970156501772,
          "backwards_tp": true,
          "ema_span_0": 1428.6822809073392,
          "ema_span_1": 9242.89409097049,
          "enabled": true,
          "eprice_exp_base": 1.770326236691409,
          "eprice_pprice_diff": 0.05,
          "grid_span": 0.2165429755635309,
          "initial_eprice_ema_dist": -0.0003345119378636019,
          "initial_qty_pct": 0.01119002612917671,
          "markup_range": 0.05842314534556051,
          "max_n_entry_orders": 10,
          "min_markup": 0.03983907415844655,
          "n_close_orders": 7,
          "secondary_allocation": 0.0023586452612288328,
          "secondary_pprice_diff": 0.21096292292808622,
          "wallet_exposure_limit": 0.1},
 "short": {"auto_unstuck_ema_dist": 0.03351625745069885,
           "auto_unstuck_wallet_exposure_threshold": 0.8222248924738651,
           "backwards_tp": true,
           "ema_span_0": 3060.64030707657,
           "ema_span_1": 8408.240578314257,
           "enabled": true,
           "eprice_exp_base": 1.4040750860402642,
           "eprice_pprice_diff": 0.04658642546391774,
           "grid_span": 0.1861186060010847,
           "initial_eprice_ema_dist": -0.09119928609421309,
           "initial_qty_pct": 0.038411500382454715,
           "markup_range": 0.058613458722436604,
           "max_n_entry_orders": 10,
           "min_markup": 0.05895935734061901,
           "n_close_orders": 16,
           "secondary_allocation": 0.34525905068036566,
           "secondary_pprice_diff": 0.3880297904817761,
           "wallet_exposure_limit": 0.1}}