{"config_name": "static_grid_NEOUSDT_225days",
 "logging_level": 0,
 "long": {"auto_unstuck_ema_dist": 0.07747933636389644,
          "auto_unstuck_wallet_exposure_threshold": 0.38637654324283155,
          "backwards_tp": true,
          "ema_span_0": 820.5972096614169,
          "ema_span_1": 9283.261729209948,
          "enabled": true,
          "eprice_exp_base": 1.15748147706879,
          "eprice_pprice_diff": 0.016658975956541498,
          "grid_span": 0.17642898995022965,
          "initial_eprice_ema_dist": -0.03512547346778297,
          "initial_qty_pct": 0.007,
          "markup_range": 0.016274299214103193,
          "max_n_entry_orders": 12,
          "min_markup": 0.017343305955620576,
          "n_close_orders": 7,
          "secondary_allocation": 0.19764673282183506,
          "secondary_pprice_diff": 0.39863242427721945,
          "wallet_exposure_limit": 0.1},
 "short": {"auto_unstuck_ema_dist": 0.004429473104309066,
           "auto_unstuck_wallet_exposure_threshold": 0.5537219772574942,
           "backwards_tp": true,
           "ema_span_0": 3600.720528025964,
           "ema_span_1": 7509.433072095691,
           "enabled": true,
           "eprice_exp_base": 1.114938990089502,
           "eprice_pprice_diff": 0.01765278448062331,
           "grid_span": 0.2504498746074118,
           "initial_eprice_ema_dist": -0.015974230535839667,
           "initial_qty_pct": 0.007,
           "markup_range": 0.026356845266934197,
           "max_n_entry_orders": 13,
           "min_markup": 0.012588756053958388,
           "n_close_orders": 13,
           "secondary_allocation": 0.07821310751014358,
           "secondary_pprice_diff": 0.20567047554477927,
           "wallet_exposure_limit": 0.1}}