{"config_name": "static_grid_NEOUSDT_140days",
 "logging_level": 0,
 "long": {"auto_unstuck_ema_dist": 0.029474512764432522,
          "auto_unstuck_wallet_exposure_threshold": 0.23940680002729622,
          "backwards_tp": true,
          "ema_span_0": 1066.716147359197,
          "ema_span_1": 9242.992728304775,
          "enabled": true,
          "eprice_exp_base": 1.8398456768723013,
          "eprice_pprice_diff": 0.04322881462705757,
          "grid_span": 0.20400058386458064,
          "initial_eprice_ema_dist": -0.006225109258775074,
          "initial_qty_pct": 0.032760533656349865,
          "markup_range": 0.04263270826930275,
          "max_n_entry_orders": 10,
          "min_markup": 0.037267288964627936,
          "n_close_orders": 8,
          "secondary_allocation": 0.04360580867551157,
          "secondary_pprice_diff": 0.4701942758552773,
          "wallet_exposure_limit": 0.1},
 "short": {"auto_unstuck_ema_dist": 0.044384658488202756,
           "auto_unstuck_wallet_exposure_threshold": 0.6872398774929943,
           "backwards_tp": true,
           "ema_span_0": 1478.3054927524609,
           "ema_span_1": 5072.797468162544,
           "enabled": true,
           "eprice_exp_base": 1.0180695058602007,
           "eprice_pprice_diff": 0.04048885350930103,
           "grid_span": 0.3371514853263893,
           "initial_eprice_ema_dist": -0.07089707827575498,
           "initial_qty_pct": 0.029372043389649577,
           "markup_range": 0.05126316120875789,
           "max_n_entry_orders": 10,
           "min_markup": 0.05526602484986733,
           "n_close_orders": 28,
           "secondary_allocation": 0.1359218767195056,
           "secondary_pprice_diff": 0.31023826304710533,
           "wallet_exposure_limit": 0.1}}