{"config_name": "static_grid_NEOUSDT_164days",
 "logging_level": 0,
 "long": {"auto_unstuck_ema_dist": 0.018045821000521038,
          "auto_unstuck_wallet_exposure_threshold": 0.48015024316736604,
          "backwards_tp": true,
          "ema_span_0": 767.9548495626962,
          "ema_span_1": 8352.873351430582,
          "enabled": true,
          "eprice_exp_base": 1.4125496297609819,
          "eprice_pprice_diff": 0.030963838200486586,
          "grid_span": 0.24129663644259955,
          "initial_eprice_ema_dist": -0.0062864219240949485,
          "initial_qty_pct": 0.049375591140211034,
          "markup_range": 0.014298838059430462,
          "max_n_entry_orders": 10,
          "min_markup": 0.05246084105530677,
          "n_close_orders": 22,
          "secondary_allocation": 0.06699608986442006,
          "secondary_pprice_diff": 0.1616850039963255,
          "wallet_exposure_limit": 0.1},
 "short": {"auto_unstuck_ema_dist": 0.05359267874229791,
           "auto_unstuck_wallet_exposure_threshold": 0.8180660217226298,
           "backwards_tp": true,
           "ema_span_0": 2006.940787484129,
           "ema_span_1": 1440,
           "enabled": true,
           "eprice_exp_base": 1.5002698687264293,
           "eprice_pprice_diff": 0.03814579161723056,
           "grid_span": 0.1699963081108506,
           "initial_eprice_ema_dist": -0.054670235443125895,
           "initial_qty_pct": 0.020542912825308585,
           "markup_range": 0.0527314791976094,
           "max_n_entry_orders": 10,
           "min_markup": 0.057081693365845135,
           "n_close_orders": 27,
           "secondary_allocation": 0.03237072552091677,
           "secondary_pprice_diff": 0.1683770377294993,
           "wallet_exposure_limit": 0.1}}