{"config_name": "static_grid_NEOUSDT_245days",
 "logging_level": 0,
 "long": {"auto_unstuck_ema_dist": 0.06745227191729858,
          "auto_unstuck_wallet_exposure_threshold": 0.3397416812438757,
          "backwards_tp": true,
          "ema_span_0": 3750.2865624605656,
          "ema_span_1": 3645.779679595009,
          "enabled": true,
          "eprice_exp_base": 1.157512745268088,
          "eprice_pprice_diff": 0.01915264372934005,
          "grid_span": 0.18849204041316783,
          "initial_eprice_ema_dist": -0.01946453390689953,
          "initial_qty_pct": 0.007889888373171788,
          "markup_range": 0.02040615764684575,
          "max_n_entry_orders": 13,
          "min_markup": 0.01312794853297807,
          "n_close_orders": 9,
          "secondary_allocation": 0.09935956961707032,
          "secondary_pprice_diff": 0.09066911725283644,
          "wallet_exposure_limit": 0.1},
 "short": {"auto_unstuck_ema_dist": 0.029267601437094008,
           "auto_unstuck_wallet_exposure_threshold": 0.5018251593272312,
           "backwards_tp": true,
           "ema_span_0": 1250.7983440283601,
           "ema_span_1": 6929.954037416253,
           "enabled": true,
           "eprice_exp_base": 1.186093053171155,
           "eprice_pprice_diff": 0.012763419216712233,
           "grid_span": 0.23034330496924113,
           "initial_eprice_ema_dist": -0.014942148559860749,
           "initial_qty_pct": 0.007681034491287722,
           "markup_range": 0.01959976312839775,
           "max_n_entry_orders": 11,
           "min_markup": 0.010016530504453036,
           "n_close_orders": 8,
           "secondary_allocation": 0.03240097822372045,
           "secondary_pprice_diff": 0.4859009923865896,
           "wallet_exposure_limit": 0.1}}