{"config_name": "static_grid_NEOUSDT_150days",
 "logging_level": 0,
 "long": {"auto_unstuck_ema_dist": 0.04633647959775276,
          "auto_unstuck_wallet_exposure_threshold": 0.0019494419611072455,
          "backwards_tp": true,
          "ema_span_0": 1438.896924118527,
          "ema_span_1": 7763.365278478658,
          "enabled": true,
          "eprice_exp_base": 1.0415182615920793,
          "eprice_pprice_diff": 0.041442252113793016,
          "grid_span": 0.2227473047423393,
          "initial_eprice_ema_dist": -0.002131399157018476,
          "initial_qty_pct": 0.01273748419744777,
          "markup_range": 0.03144000877044488,
          "max_n_entry_orders": 10,
          "min_markup": 0.0426476042610567,
          "n_close_orders": 11,
          "secondary_allocation": 0.007385955675070072,
          "secondary_pprice_diff": 0.2574677866491505,
          "wallet_exposure_limit": 0.1},
 "short": {"auto_unstuck_ema_dist": 0.060126590278641256,
           "auto_unstuck_wallet_exposure_threshold": 0.793328756766695,
           "backwards_tp": true,
           "ema_span_0": 1486.3126382602716,
           "ema_span_1": 2332.1502575147233,
           "enabled": true,
           "eprice_exp_base": 1.5575893744551887,
           "eprice_pprice_diff": 0.033993240738077385,
           "grid_span": 0.1597697800732815,
           "initial_eprice_ema_dist": -0.035328256842467376,
           "initial_qty_pct": 0.042673710054605005,
           "markup_range": 0.05005148391088273,
           "max_n_entry_orders": 10,
           "min_markup": 0.058508544423345056,
           "n_close_orders": 18,
           "secondary_allocation": 0.22149465410500685,
           "secondary_pprice_diff": 0.33707881677673834,
           "wallet_exposure_limit": 0.1}}