{"config_name": "static_grid_NEOUSDT_311days",
 "logging_level": 0,
 "long": {"auto_unstuck_ema_dist": 0.017049174689561956,
          "auto_unstuck_wallet_exposure_threshold": 0.07774402787540477,
          "backwards_tp": true,
          "ema_span_0": 1771.346926844909,
          "ema_span_1": 1088.8786433833725,
          "enabled": true,
          "eprice_exp_base": 1.106325981954103,
          "eprice_pprice_diff": 0.017094600149234317,
          "grid_span": 0.15947538646782383,
          "initial_eprice_ema_dist": -0.00339843670510925,
          "initial_qty_pct": 0.0075699664002771925,
          "markup_range": 0.01652694123862211,
          "max_n_entry_orders": 13,
          "min_markup": 0.019155838467700463,
          "n_close_orders": 15,
          "secondary_allocation": 0.04806811869190905,
          "secondary_pprice_diff": 0.3181735756783997,
          "wallet_exposure_limit": 0.1},
 "short": {"auto_unstuck_ema_dist": 0.04956814599245338,
           "auto_unstuck_wallet_exposure_threshold": 0.3059822952723316,
           "backwards_tp": true,
           "ema_span_0": 2157.899078854806,
           "ema_span_1": 7857.911831531344,
           "enabled": true,
           "eprice_exp_base": 1.4111876223989375,
           "eprice_pprice_diff": 0.013518346921256679,
           "grid_span": 0.1497993218079866,
           "initial_eprice_ema_dist": -0.011648744686429338,
           "initial_qty_pct": 0.007193091940059735,
           "markup_range": 0.00542800060434338,
           "max_n_entry_orders": 12,
           "min_markup": 0.01558293885707761,
           "n_close_orders": 7,
           "secondary_allocation": 0.1748452371122671,
           "secondary_pprice_diff": 0.1934760354269393,
           "wallet_exposure_limit": 0.1}}