{"config_name": "static_grid_NEOUSDT_325days",
 "logging_level": 0,
 "long": {"auto_unstuck_ema_dist": 0.04589313693788542,
          "auto_unstuck_wallet_exposure_threshold": 0.0036180795636034826,
          "backwards_tp": true,
          "ema_span_0": 1124.734884570876,
          "ema_span_1": 586.406462408607,
          "enabled": true,
          "eprice_exp_base": 1,
          "eprice_pprice_diff": 0.01741367007906469,
          "grid_span": 0.17145745531336465,
          "initial_eprice_ema_dist": -0.09108915095546255,
          "initial_qty_pct": 0.007183724580641772,
          "markup_range": 0.016880734916425433,
          "max_n_entry_orders": 13,
          "min_markup": 0.008384907873731189,
          "n_close_orders": 9,
          "secondary_allocation": 0.026816883493724145,
          "secondary_pprice_diff": 0.37935265868651463,
          "wallet_exposure_limit": 0.1},
 "short": {"auto_unstuck_ema_dist": 0.07798698076856533,
           "auto_unstuck_wallet_exposure_threshold": 0.1507252144340874,
           "backwards_tp": true,
           "ema_span_0": 4120.507203885146,
           "ema_span_1": 5808.863630137386,
           "enabled": true,
           "eprice_exp_base": 1.407475141042112,
           "eprice_pprice_diff": 0.012674230580125869,
           "grid_span": 0.1523924036048171,
           "initial_eprice_ema_dist": -0.015573841495845283,
           "initial_qty_pct": 0.007,
           "markup_range": 0.013785884985847405,
           "max_n_entry_orders": 13,
           "min_markup": 0.007008991855255557,
           "n_close_orders": 7,
           "secondary_allocation": 0.02543651088566906,
           "secondary_pprice_diff": 0.3261734051965861,
           "wallet_exposure_limit": 0.1}}