{"config_name": "static_grid_ONEUSDT_292days",
 "logging_level": 0,
 "long": {"auto_unstuck_ema_dist": 0.02351585463653281,
          "auto_unstuck_wallet_exposure_threshold": 0.3514059521973973,
          "backwards_tp": true,
          "ema_span_0": 3839.6409879654893,
          "ema_span_1": 9744.60563151904,
          "enabled": true,
          "eprice_exp_base": 1.254176489049794,
          "eprice_pprice_diff": 0.04113437288019402,
          "grid_span": 0.3158119315617712,
          "initial_eprice_ema_dist": -0.08890049984930391,
          "initial_qty_pct": 0.009718451804541919,
          "markup_range": 0.03628051716035354,
          "max_n_entry_orders": 8,
          "min_markup": 0.013509246145961393,
          "n_close_orders": 20,
          "secondary_allocation": 0.060238723080155744,
          "secondary_pprice_diff": 0.48732072672400356,
          "wallet_exposure_limit": 0.1},
 "short": {"auto_unstuck_ema_dist": 0.08922841616303567,
           "auto_unstuck_wallet_exposure_threshold": 0.11015178048608103,
           "backwards_tp": true,
           "ema_span_0": 120,
           "ema_span_1": 421.2055217228621,
           "enabled": true,
           "eprice_exp_base": 1.8619258661011955,
           "eprice_pprice_diff": 0.02269768891952999,
           "grid_span": 0.22621531546229667,
           "initial_eprice_ema_dist": -0.07192137720805032,
           "initial_qty_pct": 0.00815641684459967,
           "markup_range": 0.00034814531090426935,
           "max_n_entry_orders": 11,
           "min_markup": 0.012015849498285462,
           "n_close_orders": 13,
           "secondary_allocation": 0.6922082157857975,
           "secondary_pprice_diff": 0.3510996047386159,
           "wallet_exposure_limit": 0.1}}