{"config_name": "static_grid_ONEUSDT_206days",
 "logging_level": 0,
 "long": {"auto_unstuck_ema_dist": 0.04943954229831549,
          "auto_unstuck_wallet_exposure_threshold": 0.4772695187776045,
          "backwards_tp": true,
          "ema_span_0": 3984.0065847782935,
          "ema_span_1": 9703.99233404848,
          "enabled": true,
          "eprice_exp_base": 1.252767894057679,
          "eprice_pprice_diff": 0.042339093532047345,
          "grid_span": 0.3268188935575068,
          "initial_eprice_ema_dist": -0.0051133295176636825,
          "initial_qty_pct": 0.007,
          "markup_range": 0.03937383759404153,
          "max_n_entry_orders": 13,
          "min_markup": 0.02,
          "n_close_orders": 10,
          "secondary_allocation": 0.13309639560894082,
          "secondary_pprice_diff": 0.0876815738748524,
          "wallet_exposure_limit": 0.1},
 "short": {"auto_unstuck_ema_dist": 0.017687327788118167,
           "auto_unstuck_wallet_exposure_threshold": 0.4251565799305332,
           "backwards_tp": true,
           "ema_span_0": 1699.927773408014,
           "ema_span_1": 2504.7482275997627,
           "enabled": true,
           "eprice_exp_base": 1.0307004440182819,
           "eprice_pprice_diff": 0.012776244982585021,
           "grid_span": 0.12166728501542294,
           "initial_eprice_ema_dist": -0.09174379963730483,
           "initial_qty_pct": 0.010088824266154947,
           "markup_range": 0.010581002823862139,
           "max_n_entry_orders": 11,
           "min_markup": 0.0053137406874949975,
           "n_close_orders": 17,
           "secondary_allocation": 0.15617097247599793,
           "secondary_pprice_diff": 0.34753714408235226,
           "wallet_exposure_limit": 0.1}}