{"config_name": "static_grid_ONEUSDT_268days",
 "logging_level": 0,
 "long": {"auto_unstuck_ema_dist": 0.051060303965348414,
          "auto_unstuck_wallet_exposure_threshold": 0.547881460198424,
          "backwards_tp": true,
          "ema_span_0": 2073.8822297971565,
          "ema_span_1": 8588.364569875357,
          "enabled": true,
          "eprice_exp_base": 1.965269444661296,
          "eprice_pprice_diff": 0.029737992473610232,
          "grid_span": 0.29279225517673,
          "initial_eprice_ema_dist": -0.028769122208789726,
          "initial_qty_pct": 0.04498597047494643,
          "markup_range": 0.022250332867113868,
          "max_n_entry_orders": 10,
          "min_markup": 0.014578876609224696,
          "n_close_orders": 15,
          "secondary_allocation": 0.41723343264619994,
          "secondary_pprice_diff": 0.10071736754015528,
          "wallet_exposure_limit": 0.1},
 "short": {"auto_unstuck_ema_dist": 0.08597497037317575,
           "auto_unstuck_wallet_exposure_threshold": 0.11041799107376174,
           "backwards_tp": true,
           "ema_span_0": 667.9560253837728,
           "ema_span_1": 8266.575132130602,
           "enabled": true,
           "eprice_exp_base": 1.0978300734602873,
           "eprice_pprice_diff": 0.049151536471717536,
           "grid_span": 0.434663097696666,
           "initial_eprice_ema_dist": -0.012924736444533175,
           "initial_qty_pct": 0.014572737898858108,
           "markup_range": 0.029721678526322664,
           "max_n_entry_orders": 7,
           "min_markup": 0.003439265482791609,
           "n_close_orders": 7,
           "secondary_allocation": 0.5781523530732131,
           "secondary_pprice_diff": 0.43958521744315066,
           "wallet_exposure_limit": 0.1}}