{"config_name": "static_grid_ONEUSDT_150days",
 "logging_level": 0,
 "long": {"auto_unstuck_ema_dist": 0.0756142315018473,
          "auto_unstuck_wallet_exposure_threshold": 0.5210572516035621,
          "backwards_tp": true,
          "ema_span_0": 2081.8551856965933,
          "ema_span_1": 7913.832561007476,
          "enabled": true,
          "eprice_exp_base": 1.4832040866194924,
          "eprice_pprice_diff": 0.040408874276198055,
          "grid_span": 0.5198892150981711,
          "initial_eprice_ema_dist": -0.003257426312171582,
          "initial_qty_pct": 0.04907695231992958,
          "markup_range": 0.0283673702994413,
          "max_n_entry_orders": 10,
          "min_markup": 0.049507807745688075,
          "n_close_orders": 7,
          "secondary_allocation": 0.3002380520908624,
          "secondary_pprice_diff": 0.156518240399955,
          "wallet_exposure_limit": 0.1},
 "short": {"auto_unstuck_ema_dist": 0.0720578884640278,
           "auto_unstuck_wallet_exposure_threshold": 0.84911492218227,
           "backwards_tp": true,
           "ema_span_0": 2633.856307533487,
           "ema_span_1": 4192.908605760648,
           "enabled": true,
           "eprice_exp_base": 2.0004181012996782,
           "eprice_pprice_diff": 0.013392312894422472,
           "grid_span": 0.6444631575584747,
           "initial_eprice_ema_dist": -0.05451339230511966,
           "initial_qty_pct": 0.010925658196372994,
           "markup_range": 0.006651700675773978,
           "max_n_entry_orders": 10,
           "min_markup": 0.03921068281877401,
           "n_close_orders": 25,
           "secondary_allocation": 0.1952358958066724,
           "secondary_pprice_diff": 0.0699078447985966,
           "wallet_exposure_limit": 0.1}}