{"config_name": "static_grid_ONEUSDT_310days",
 "logging_level": 0,
 "long": {"auto_unstuck_ema_dist": 0.055896883446336025,
          "auto_unstuck_wallet_exposure_threshold": 0.07073930150885241,
          "backwards_tp": true,
          "ema_span_0": 1919.33240945655,
          "ema_span_1": 2999.5670671954167,
          "enabled": true,
          "eprice_exp_base": 1.2170604815943609,
          "eprice_pprice_diff": 0.0423771542556425,
          "grid_span": 0.24350845440064323,
          "initial_eprice_ema_dist": -0.02488707709724422,
          "initial_qty_pct": 0.01005990863305803,
          "markup_range": 0.027862943846104934,
          "max_n_entry_orders": 10,
          "min_markup": 0.01557269470469258,
          "n_close_orders": 13,
          "secondary_allocation": 0.6653336301512889,
          "secondary_pprice_diff": 0.11835703292007903,
          "wallet_exposure_limit": 0.1},
 "short": {"auto_unstuck_ema_dist": 0.09523742787636905,
           "auto_unstuck_wallet_exposure_threshold": 0.4825892286133276,
           "backwards_tp": true,
           "ema_span_0": 2661.5911712519687,
           "ema_span_1": 7638.884900009403,
           "enabled": true,
           "eprice_exp_base": 1.3742425249404335,
           "eprice_pprice_diff": 0.026346719697491205,
           "grid_span": 0.18465567453093992,
           "initial_eprice_ema_dist": -0.024100385625679267,
           "initial_qty_pct": 0.007,
           "markup_range": 0.008985103436641087,
           "max_n_entry_orders": 13,
           "min_markup": 0.019182352167734833,
           "n_close_orders": 13,
           "secondary_allocation": 0.6844381938950131,
           "secondary_pprice_diff": 0.08813345046609974,
           "wallet_exposure_limit": 0.1}}