{"config_name": "static_grid_ONEUSDT_163days",
 "logging_level": 0,
 "long": {"auto_unstuck_ema_dist": 0.08892222264189775,
          "auto_unstuck_wallet_exposure_threshold": 0.5777150663887818,
          "backwards_tp": true,
          "ema_span_0": 4133.728383070149,
          "ema_span_1": 6946.528409905699,
          "enabled": true,
          "eprice_exp_base": 1.4975933998886826,
          "eprice_pprice_diff": 0.03836327349141863,
          "grid_span": 0.5238331765795955,
          "initial_eprice_ema_dist": -0.004662669080618432,
          "initial_qty_pct": 0.012500823795414671,
          "markup_range": 0.032906397685890286,
          "max_n_entry_orders": 10,
          "min_markup": 0.047225652800016844,
          "n_close_orders": 20,
          "secondary_allocation": 0.38802126964932304,
          "secondary_pprice_diff": 0.18865818038368892,
          "wallet_exposure_limit": 0.1},
 "short": {"auto_unstuck_ema_dist": 0.07146444349061842,
           "auto_unstuck_wallet_exposure_threshold": 0.8461144387239599,
           "backwards_tp": true,
           "ema_span_0": 3922.610539244886,
           "ema_span_1": 4106.275886562105,
           "enabled": true,
           "eprice_exp_base": 1.2967745484250894,
           "eprice_pprice_diff": 0.03750825674679397,
           "grid_span": 0.21552848065958027,
           "initial_eprice_ema_dist": -0.05685138681476622,
           "initial_qty_pct": 0.0492857587722192,
           "markup_range": 0.004272253097564658,
           "max_n_entry_orders": 10,
           "min_markup": 0.03332216170962104,
           "n_close_orders": 17,
           "secondary_allocation": 0.19822829671476438,
           "secondary_pprice_diff": 0.32705186136856207,
           "wallet_exposure_limit": 0.1}}