{"config_name": "static_grid_ONEUSDT_133days",
 "logging_level": 0,
 "long": {"auto_unstuck_ema_dist": 0.05566975050042845,
          "auto_unstuck_wallet_exposure_threshold": 0.533910011855002,
          "backwards_tp": true,
          "ema_span_0": 3432.90776191424,
          "ema_span_1": 8987.71956067819,
          "enabled": true,
          "eprice_exp_base": 1.8648784775327722,
          "eprice_pprice_diff": 0.03446427810125004,
          "grid_span": 0.5099305730539266,
          "initial_eprice_ema_dist": -0.02411578026305121,
          "initial_qty_pct": 0.02965497276648303,
          "markup_range": 0.051623033455730445,
          "max_n_entry_orders": 10,
          "min_markup": 0.05496046884736475,
          "n_close_orders": 9,
          "secondary_allocation": 0.26590952593125333,
          "secondary_pprice_diff": 0.22698636538321348,
          "wallet_exposure_limit": 0.1},
 "short": {"auto_unstuck_ema_dist": 0.0008445911018375614,
           "auto_unstuck_wallet_exposure_threshold": 0.7488111241953779,
           "backwards_tp": true,
           "ema_span_0": 503.70581516250786,
           "ema_span_1": 4506.573314384238,
           "enabled": true,
           "eprice_exp_base": 1.0906052770781567,
           "eprice_pprice_diff": 0.04800529919954668,
           "grid_span": 0.2636261395293709,
           "initial_eprice_ema_dist": -0.09042530820587612,
           "initial_qty_pct": 0.024482052240713897,
           "markup_range": 0.00790678985576544,
           "max_n_entry_orders": 10,
           "min_markup": 0.02711409838164676,
           "n_close_orders": 6,
           "secondary_allocation": 0.06302900437360939,
           "secondary_pprice_diff": 0.4591175068281933,
           "wallet_exposure_limit": 0.1}}