{"config_name": "static_grid_ONEUSDT_180days",
 "logging_level": 0,
 "long": {"auto_unstuck_ema_dist": 0.08043579183133989,
          "auto_unstuck_wallet_exposure_threshold": 0.8036502162787693,
          "backwards_tp": true,
          "ema_span_0": 3384.9597411227082,
          "ema_span_1": 8989.446213055946,
          "enabled": true,
          "eprice_exp_base": 1.4424252698259123,
          "eprice_pprice_diff": 0.040283893067551944,
          "grid_span": 0.5022578892733836,
          "initial_eprice_ema_dist": -0.004244522729771801,
          "initial_qty_pct": 0.014367948467852793,
          "markup_range": 0.047875258640411596,
          "max_n_entry_orders": 10,
          "min_markup": 0.054429977022072966,
          "n_close_orders": 16,
          "secondary_allocation": 0.5172854740753566,
          "secondary_pprice_diff": 0.0877575816483308,
          "wallet_exposure_limit": 0.1},
 "short": {"auto_unstuck_ema_dist": 0.07265627716274643,
           "auto_unstuck_wallet_exposure_threshold": 0.8492048115314158,
           "backwards_tp": true,
           "ema_span_0": 4188.3745919598205,
           "ema_span_1": 2833.5547854365655,
           "enabled": true,
           "eprice_exp_base": 1.8801070118915686,
           "eprice_pprice_diff": 0.026103567001036214,
           "grid_span": 0.1,
           "initial_eprice_ema_dist": -0.06091580283069887,
           "initial_qty_pct": 0.014784906464820136,
           "markup_range": 0.006250276402913598,
           "max_n_entry_orders": 10,
           "min_markup": 0.037517721107960436,
           "n_close_orders": 29,
           "secondary_allocation": 0.3010498269662354,
           "secondary_pprice_diff": 0.36890242017314423,
           "wallet_exposure_limit": 0.1}}