{"config_name": "static_grid_ONEUSDT_245days",
 "logging_level": 0,
 "long": {"auto_unstuck_ema_dist": 0.06141116753691408,
          "auto_unstuck_wallet_exposure_threshold": 0.5960700775685931,
          "backwards_tp": true,
          "ema_span_0": 2780.5329339511627,
          "ema_span_1": 8030.364899162783,
          "enabled": true,
          "eprice_exp_base": 1.063056960864671,
          "eprice_pprice_diff": 0.05,
          "grid_span": 0.2543480463478354,
          "initial_eprice_ema_dist": -0.08096469313459494,
          "initial_qty_pct": 0.007194295569134481,
          "markup_range": 0.037714579926828196,
          "max_n_entry_orders": 12,
          "min_markup": 0.019903103264604552,
          "n_close_orders": 7,
          "secondary_allocation": 0.285950220126682,
          "secondary_pprice_diff": 0.1115176741734468,
          "wallet_exposure_limit": 0.1},
 "short": {"auto_unstuck_ema_dist": 0.09898808847037738,
           "auto_unstuck_wallet_exposure_threshold": 0.04327787133127378,
           "backwards_tp": true,
           "ema_span_0": 1081.656598714807,
           "ema_span_1": 874.6191888560032,
           "enabled": true,
           "eprice_exp_base": 2.0807597889626557,
           "eprice_pprice_diff": 0.003631908810491327,
           "grid_span": 0.267448461190074,
           "initial_eprice_ema_dist": -0.09656311890213698,
           "initial_qty_pct": 0.027164054784848637,
           "markup_range": 0.012738010510428449,
           "max_n_entry_orders": 7,
           "min_markup": 0.01643370543060348,
           "n_close_orders": 17,
           "secondary_allocation": 0.07965163157295674,
           "secondary_pprice_diff": 0.4626668884824584,
           "wallet_exposure_limit": 0.1}}