{"config_name": "static_grid_ONEUSDT_324days",
 "logging_level": 0,
 "long": {"auto_unstuck_ema_dist": 0.06233945138346602,
          "auto_unstuck_wallet_exposure_threshold": 0.27452734840257426,
          "backwards_tp": true,
          "ema_span_0": 3090.434948913886,
          "ema_span_1": 9376.276397260192,
          "enabled": true,
          "eprice_exp_base": 1.142787094942894,
          "eprice_pprice_diff": 0.044858539625035304,
          "grid_span": 0.3485219319236824,
          "initial_eprice_ema_dist": -0.06459318946478301,
          "initial_qty_pct": 0.007037783552582017,
          "markup_range": 0.038357550500010135,
          "max_n_entry_orders": 13,
          "min_markup": 0.019314659797300435,
          "n_close_orders": 18,
          "secondary_allocation": 0.048052426111359736,
          "secondary_pprice_diff": 0.34637407436364814,
          "wallet_exposure_limit": 0.1},
 "short": {"auto_unstuck_ema_dist": 0.05234028394241452,
           "auto_unstuck_wallet_exposure_threshold": 0.39049964379842417,
           "backwards_tp": true,
           "ema_span_0": 193.80648753064804,
           "ema_span_1": 841.1884836416799,
           "enabled": true,
           "eprice_exp_base": 1.0952280014956646,
           "eprice_pprice_diff": 0.022709110664564453,
           "grid_span": 0.13336388676126879,
           "initial_eprice_ema_dist": -0.05479008719020921,
           "initial_qty_pct": 0.010275514282945793,
           "markup_range": 0.00488946268640551,
           "max_n_entry_orders": 12,
           "min_markup": 0.008484497277560123,
           "n_close_orders": 14,
           "secondary_allocation": 0.662344442729815,
           "secondary_pprice_diff": 0.10371216536558558,
           "wallet_exposure_limit": 0.1}}