{"config_name": "static_grid_ONEUSDT_205days",
 "logging_level": 0,
 "long": {"auto_unstuck_ema_dist": 0.08662051019818834,
          "auto_unstuck_wallet_exposure_threshold": 0.4705584832462384,
          "backwards_tp": true,
          "ema_span_0": 3161.2866944305656,
          "ema_span_1": 3365.6179416799996,
          "enabled": true,
          "eprice_exp_base": 1.8960813545938244,
          "eprice_pprice_diff": 0.013276853258796479,
          "grid_span": 0.34677678201968243,
          "initial_eprice_ema_dist": -0.018476479530842596,
          "initial_qty_pct": 0.04860150817479659,
          "markup_range": 0.04290570419217136,
          "max_n_entry_orders": 10,
          "min_markup": 0.04661706081024157,
          "n_close_orders": 7,
          "secondary_allocation": 0.39291416089220027,
          "secondary_pprice_diff": 0.32423912670082683,
          "wallet_exposure_limit": 0.1},
 "short": {"auto_unstuck_ema_dist": 0.08866621850136723,
           "auto_unstuck_wallet_exposure_threshold": 0.9507103079095444,
           "backwards_tp": true,
           "ema_span_0": 3103.759935713597,
           "ema_span_1": 2918.01418407853,
           "enabled": true,
           "eprice_exp_base": 1.4128557565834954,
           "eprice_pprice_diff": 0.011536819537027475,
           "grid_span": 0.450795908655797,
           "initial_eprice_ema_dist": -0.043786968291188236,
           "initial_qty_pct": 0.015598792099922267,
           "markup_range": 0.009960353308320668,
           "max_n_entry_orders": 10,
           "min_markup": 0.05627398952106332,
           "n_close_orders": 16,
           "secondary_allocation": 0.18021136183909867,
           "secondary_pprice_diff": 0.06572131246884882,
           "wallet_exposure_limit": 0.1}}