{"config_name": "static_grid_ONEUSDT_177days",
 "logging_level": 0,
 "long": {"auto_unstuck_ema_dist": 0.07044045863079981,
          "auto_unstuck_wallet_exposure_threshold": 0.4770381211119635,
          "backwards_tp": true,
          "ema_span_0": 3811.716951940528,
          "ema_span_1": 8019.033467458947,
          "enabled": true,
          "eprice_exp_base": 1.4045531952515387,
          "eprice_pprice_diff": 0.044548439971684096,
          "grid_span": 0.5056891717236355,
          "initial_eprice_ema_dist": -0.02734838626573194,
          "initial_qty_pct": 0.03246803471873033,
          "markup_range": 0.04313603081448313,
          "max_n_entry_orders": 10,
          "min_markup": 0.05351341271803138,
          "n_close_orders": 26,
          "secondary_allocation": 0.3841915920570142,
          "secondary_pprice_diff": 0.3583955512581295,
          "wallet_exposure_limit": 0.1},
 "short": {"auto_unstuck_ema_dist": 0.08362400809049311,
           "auto_unstuck_wallet_exposure_threshold": 0.8588376468184354,
           "backwards_tp": true,
           "ema_span_0": 3780.156499991192,
           "ema_span_1": 3846.400855096589,
           "enabled": true,
           "eprice_exp_base": 1.6837430031595557,
           "eprice_pprice_diff": 0.03726336316163091,
           "grid_span": 0.414053505880596,
           "initial_eprice_ema_dist": -0.05491976383027874,
           "initial_qty_pct": 0.03340192370252405,
           "markup_range": 0.014381762565244378,
           "max_n_entry_orders": 10,
           "min_markup": 0.04536061834329351,
           "n_close_orders": 8,
           "secondary_allocation": 0.13841660243183262,
           "secondary_pprice_diff": 0.05503247564157236,
           "wallet_exposure_limit": 0.1}}