{"config_name": "static_grid_ONEUSDT_217days",
 "logging_level": 0,
 "long": {"auto_unstuck_ema_dist": 0.05372500894731237,
          "auto_unstuck_wallet_exposure_threshold": 0.5579800495785686,
          "backwards_tp": true,
          "ema_span_0": 1716.37352480164,
          "ema_span_1": 8387.30085782005,
          "enabled": true,
          "eprice_exp_base": 1.021231262339862,
          "eprice_pprice_diff": 0.019728174162495154,
          "grid_span": 0.26889287026173947,
          "initial_eprice_ema_dist": -0.022197055111846123,
          "initial_qty_pct": 0.007,
          "markup_range": 0.025353435508538847,
          "max_n_entry_orders": 10,
          "min_markup": 0.013172988578330793,
          "n_close_orders": 14,
          "secondary_allocation": 0.6884560545494837,
          "secondary_pprice_diff": 0.09805154395613648,
          "wallet_exposure_limit": 0.1},
 "short": {"auto_unstuck_ema_dist": 0.018263593625349763,
           "auto_unstuck_wallet_exposure_threshold": 0.47795547007210365,
           "backwards_tp": true,
           "ema_span_0": 2354.4508723315885,
           "ema_span_1": 2267.260426657389,
           "enabled": true,
           "eprice_exp_base": 1.0879703312421904,
           "eprice_pprice_diff": 0.012317472719102288,
           "grid_span": 0.13699280974174544,
           "initial_eprice_ema_dist": -0.05959117869970478,
           "initial_qty_pct": 0.00749568611235096,
           "markup_range": 0.010919675309370675,
           "max_n_entry_orders": 11,
           "min_markup": 0.009873643934070787,
           "n_close_orders": 14,
           "secondary_allocation": 0,
           "secondary_pprice_diff": 0.06305619570036267,
           "wallet_exposure_limit": 0.1}}