{"config_name": "static_grid_ONEUSDT_255days",
 "logging_level": 0,
 "long": {"auto_unstuck_ema_dist": 0.017851363514590945,
          "auto_unstuck_wallet_exposure_threshold": 0.20391053618645433,
          "backwards_tp": true,
          "ema_span_0": 3817.14855539446,
          "ema_span_1": 8971.440628519624,
          "enabled": true,
          "eprice_exp_base": 1.1056659820010095,
          "eprice_pprice_diff": 0.04334170138856645,
          "grid_span": 0.3510057965991242,
          "initial_eprice_ema_dist": -0.08526373459609994,
          "initial_qty_pct": 0.007,
          "markup_range": 0.037731867481842075,
          "max_n_entry_orders": 13,
          "min_markup": 0.019127140544353546,
          "n_close_orders": 14,
          "secondary_allocation": 0.18961710894671166,
          "secondary_pprice_diff": 0.36028681121963063,
          "wallet_exposure_limit": 0.1},
 "short": {"auto_unstuck_ema_dist": 0.028778699409927243,
           "auto_unstuck_wallet_exposure_threshold": 0.046921698711159726,
           "backwards_tp": true,
           "ema_span_0": 571.8872405525765,
           "ema_span_1": 728.6023976732024,
           "enabled": true,
           "eprice_exp_base": 1.1807601805862618,
           "eprice_pprice_diff": 0.02172044587567857,
           "grid_span": 0.1600295633986523,
           "initial_eprice_ema_dist": -0.057248451342993424,
           "initial_qty_pct": 0.010334793896865162,
           "markup_range": 0.0010331990229001783,
           "max_n_entry_orders": 13,
           "min_markup": 0.008533290141502175,
           "n_close_orders": 14,
           "secondary_allocation": 0.5976021077873152,
           "secondary_pprice_diff": 0.07975029047939974,
           "wallet_exposure_limit": 0.1}}