{"config_name": "static_grid_ONEUSDT_283days",
 "logging_level": 0,
 "long": {"auto_unstuck_ema_dist": 0.008937826478256387,
          "auto_unstuck_wallet_exposure_threshold": 0.5133512690376764,
          "backwards_tp": true,
          "ema_span_0": 3205.7649320269697,
          "ema_span_1": 9006.318553571986,
          "enabled": true,
          "eprice_exp_base": 1.0411699277562205,
          "eprice_pprice_diff": 0.048290847074390554,
          "grid_span": 0.350946443864158,
          "initial_eprice_ema_dist": -0.004572600203851239,
          "initial_qty_pct": 0.007,
          "markup_range": 0.034638809794702546,
          "max_n_entry_orders": 12,
          "min_markup": 0.019180500124617004,
          "n_close_orders": 16,
          "secondary_allocation": 0.29342105811743646,
          "secondary_pprice_diff": 0.3999663239136464,
          "wallet_exposure_limit": 0.1},
 "short": {"auto_unstuck_ema_dist": 0.1,
           "auto_unstuck_wallet_exposure_threshold": 0.004770512544505779,
           "backwards_tp": true,
           "ema_span_0": 538.8339100325855,
           "ema_span_1": 686.8816417710833,
           "enabled": true,
           "eprice_exp_base": 1.4868026717438099,
           "eprice_pprice_diff": 0.02590567650638844,
           "grid_span": 0.6199636230874138,
           "initial_eprice_ema_dist": -0.1,
           "initial_qty_pct": 0.012900613761817094,
           "markup_range": 0.031029457887246915,
           "max_n_entry_orders": 11,
           "min_markup": 0.012634238549456446,
           "n_close_orders": 11,
           "secondary_allocation": 0.6811844581547787,
           "secondary_pprice_diff": 0.3665378882529439,
           "wallet_exposure_limit": 0.1}}