{"config_name": "static_grid_ONEUSDT_235days",
 "logging_level": 0,
 "long": {"auto_unstuck_ema_dist": 0.035076638298005176,
          "auto_unstuck_wallet_exposure_threshold": 0.24414471445137317,
          "backwards_tp": true,
          "ema_span_0": 3927.6688754355173,
          "ema_span_1": 9373.671378783069,
          "enabled": true,
          "eprice_exp_base": 1.1028477658177482,
          "eprice_pprice_diff": 0.04473520142847607,
          "grid_span": 0.3471750779867418,
          "initial_eprice_ema_dist": -0.07800088018631998,
          "initial_qty_pct": 0.007,
          "markup_range": 0.038800923452808944,
          "max_n_entry_orders": 13,
          "min_markup": 0.02,
          "n_close_orders": 8,
          "secondary_allocation": 0.11150279029990182,
          "secondary_pprice_diff": 0.14531564560220714,
          "wallet_exposure_limit": 0.1},
 "short": {"auto_unstuck_ema_dist": 0.01974239579146472,
           "auto_unstuck_wallet_exposure_threshold": 0.44088890950217924,
           "backwards_tp": true,
           "ema_span_0": 1067.9260899988972,
           "ema_span_1": 556.1932028096954,
           "enabled": true,
           "eprice_exp_base": 1.6431947435730618,
           "eprice_pprice_diff": 0.011559131018499863,
           "grid_span": 0.21668507829637876,
           "initial_eprice_ema_dist": -0.060337562253087555,
           "initial_qty_pct": 0.007691336208467594,
           "markup_range": 0.005795922688131353,
           "max_n_entry_orders": 9,
           "min_markup": 0.007076102439475438,
           "n_close_orders": 11,
           "secondary_allocation": 0.1548513665547086,
           "secondary_pprice_diff": 0.0844622605087385,
           "wallet_exposure_limit": 0.1}}