{"config_name": "static_grid_ONEUSDT_197days",
 "logging_level": 0,
 "long": {"auto_unstuck_ema_dist": 0.08582797604452515,
          "auto_unstuck_wallet_exposure_threshold": 0.40462883188543275,
          "backwards_tp": true,
          "ema_span_0": 2974.314085760247,
          "ema_span_1": 9686.214358551624,
          "enabled": true,
          "eprice_exp_base": 1.3264064868833993,
          "eprice_pprice_diff": 0.004866561498065453,
          "grid_span": 0.49520992026987143,
          "initial_eprice_ema_dist": -0.0015353712752178591,
          "initial_qty_pct": 0.015374470812896689,
          "markup_range": 0.05837013919303846,
          "max_n_entry_orders": 10,
          "min_markup": 0.0503113725369846,
          "n_close_orders": 22,
          "secondary_allocation": 0.495265725602935,
          "secondary_pprice_diff": 0.055227331707614936,
          "wallet_exposure_limit": 0.1},
 "short": {"auto_unstuck_ema_dist": 0.0934206466990528,
           "auto_unstuck_wallet_exposure_threshold": 0.8516842229766189,
           "backwards_tp": true,
           "ema_span_0": 4030.4772376500746,
           "ema_span_1": 4347.365912929892,
           "enabled": true,
           "eprice_exp_base": 1.7904891402689747,
           "eprice_pprice_diff": 0.0028408410534779592,
           "grid_span": 0.10676664422979525,
           "initial_eprice_ema_dist": -0.058458280943285285,
           "initial_qty_pct": 0.015614914941391878,
           "markup_range": 0.012520893092074777,
           "max_n_entry_orders": 10,
           "min_markup": 0.04159890451762416,
           "n_close_orders": 11,
           "secondary_allocation": 0.019207208216418435,
           "secondary_pprice_diff": 0.31485693894380107,
           "wallet_exposure_limit": 0.1}}