{"config_name": "static_grid_ONEUSDT_288days",
 "logging_level": 0,
 "long": {"auto_unstuck_ema_dist": 0.04331804451033634,
          "auto_unstuck_wallet_exposure_threshold": 0.29298660140235744,
          "backwards_tp": true,
          "ema_span_0": 3461.18526874881,
          "ema_span_1": 8968.295944954056,
          "enabled": true,
          "eprice_exp_base": 1.215550415758496,
          "eprice_pprice_diff": 0.05,
          "grid_span": 0.3500849973765098,
          "initial_eprice_ema_dist": -0.0725182751747851,
          "initial_qty_pct": 0.007020722921486359,
          "markup_range": 0.03867615942103824,
          "max_n_entry_orders": 13,
          "min_markup": 0.02,
          "n_close_orders": 11,
          "secondary_allocation": 0.12714234535431032,
          "secondary_pprice_diff": 0.09981513881502765,
          "wallet_exposure_limit": 0.1},
 "short": {"auto_unstuck_ema_dist": 0.019516815413704352,
           "auto_unstuck_wallet_exposure_threshold": 0.024286965256258335,
           "backwards_tp": true,
           "ema_span_0": 2371.65362068806,
           "ema_span_1": 2216.460978160658,
           "enabled": true,
           "eprice_exp_base": 1.0290054052894702,
           "eprice_pprice_diff": 0.03104867490270115,
           "grid_span": 0.1,
           "initial_eprice_ema_dist": -0.008008846877835969,
           "initial_qty_pct": 0.008057188133000713,
           "markup_range": 0.008341023007355841,
           "max_n_entry_orders": 13,
           "min_markup": 0.008333925302783148,
           "n_close_orders": 7,
           "secondary_allocation": 0.6136038752176055,
           "secondary_pprice_diff": 0.05977336299622641,
           "wallet_exposure_limit": 0.1}}