{"config_name": "static_grid_ONEUSDT_163days",
 "logging_level": 0,
 "long": {"auto_unstuck_ema_dist": 0.06827711849298743,
          "auto_unstuck_wallet_exposure_threshold": 0.5108408897105059,
          "backwards_tp": true,
          "ema_span_0": 3191.119674663092,
          "ema_span_1": 10080,
          "enabled": true,
          "eprice_exp_base": 1.4865716210406614,
          "eprice_pprice_diff": 0.03367557366675444,
          "grid_span": 0.3527119614754139,
          "initial_eprice_ema_dist": -0.03454912276468526,
          "initial_qty_pct": 0.014237093767400903,
          "markup_range": 0.055475035039403535,
          "max_n_entry_orders": 10,
          "min_markup": 0.057679418979508845,
          "n_close_orders": 6,
          "secondary_allocation": 0.6404054483490019,
          "secondary_pprice_diff": 0.35893157447416757,
          "wallet_exposure_limit": 0.1},
 "short": {"auto_unstuck_ema_dist": 0.07259283942410283,
           "auto_unstuck_wallet_exposure_threshold": 0.930178519732635,
           "backwards_tp": true,
           "ema_span_0": 2777.5785547481946,
           "ema_span_1": 3418.159377985649,
           "enabled": true,
           "eprice_exp_base": 1.0740301874523404,
           "eprice_pprice_diff": 0.01703232835118712,
           "grid_span": 0.16867964798369042,
           "initial_eprice_ema_dist": -0.04539713604153643,
           "initial_qty_pct": 0.016833542461311662,
           "markup_range": 0.010147173784889692,
           "max_n_entry_orders": 10,
           "min_markup": 0.036132070526759395,
           "n_close_orders": 19,
           "secondary_allocation": 0.03632095045650968,
           "secondary_pprice_diff": 0.20757525945595018,
           "wallet_exposure_limit": 0.1}}