{"config_name": "static_grid_ONEUSDT_224days",
 "logging_level": 0,
 "long": {"auto_unstuck_ema_dist": 0.014421260801694669,
          "auto_unstuck_wallet_exposure_threshold": 0.29293513725288767,
          "backwards_tp": true,
          "ema_span_0": 1635.6237660983554,
          "ema_span_1": 5448.373624231742,
          "enabled": true,
          "eprice_exp_base": 1.1953595140466877,
          "eprice_pprice_diff": 0.03833400050405846,
          "grid_span": 0.30446404433802,
          "initial_eprice_ema_dist": -0.010051260355525289,
          "initial_qty_pct": 0.007409642858631288,
          "markup_range": 0.03525463747957771,
          "max_n_entry_orders": 11,
          "min_markup": 0.012501745651165104,
          "n_close_orders": 11,
          "secondary_allocation": 0.1319202124436587,
          "secondary_pprice_diff": 0.30175451756401284,
          "wallet_exposure_limit": 0.1},
 "short": {"auto_unstuck_ema_dist": 0.02207232807859513,
           "auto_unstuck_wallet_exposure_threshold": 0.5135577294652801,
           "backwards_tp": true,
           "ema_span_0": 3288.0771665549273,
           "ema_span_1": 1740.81123067559,
           "enabled": true,
           "eprice_exp_base": 1.0732122116915435,
           "eprice_pprice_diff": 0.010608995061093628,
           "grid_span": 0.14604874307920976,
           "initial_eprice_ema_dist": -0.056469124600917416,
           "initial_qty_pct": 0.008327172079607793,
           "markup_range": 0.008547743058781223,
           "max_n_entry_orders": 9,
           "min_markup": 0.010270795595642625,
           "n_close_orders": 5,
           "secondary_allocation": 0.13307657596061706,
           "secondary_pprice_diff": 0.4089959285024059,
           "wallet_exposure_limit": 0.1}}