{"config_name": "static_grid_THETAUSDT_136days",
 "logging_level": 0,
 "long": {"auto_unstuck_ema_dist": 0.0374654634858795,
          "auto_unstuck_wallet_exposure_threshold": 0.30780075489456815,
          "backwards_tp": true,
          "ema_span_0": 3359.2033050027817,
          "ema_span_1": 8489.077528576321,
          "enabled": true,
          "eprice_exp_base": 1.7823723519491,
          "eprice_pprice_diff": 0.049132277401065926,
          "grid_span": 0.25832964232093886,
          "initial_eprice_ema_dist": -0.051900866982390985,
          "initial_qty_pct": 0.01007924815263373,
          "markup_range": 0.021683309909856154,
          "max_n_entry_orders": 10,
          "min_markup": 0.05782132238406608,
          "n_close_orders": 5,
          "secondary_allocation": 0.4108970760887961,
          "secondary_pprice_diff": 0.06555340417524604,
          "wallet_exposure_limit": 0.1},
 "short": {"auto_unstuck_ema_dist": 0.014870262339633787,
           "auto_unstuck_wallet_exposure_threshold": 0.8711857193547332,
           "backwards_tp": true,
           "ema_span_0": 1768.7486402588452,
           "ema_span_1": 3096.2286485073037,
           "enabled": true,
           "eprice_exp_base": 1.8804019587159453,
           "eprice_pprice_diff": 0.012361975063631354,
           "grid_span": 0.22372054607829528,
           "initial_eprice_ema_dist": -0.03335643181240425,
           "initial_qty_pct": 0.020986324246409446,
           "markup_range": 0.04298136004541153,
           "max_n_entry_orders": 10,
           "min_markup": 0.053637647085961686,
           "n_close_orders": 8,
           "secondary_allocation": 0.14440204150403071,
           "secondary_pprice_diff": 0.48557210011092417,
           "wallet_exposure_limit": 0.1}}