{"config_name": "static_grid_THETAUSDT_212days",
 "logging_level": 0,
 "long": {"auto_unstuck_ema_dist": 0.030433279621485114,
          "auto_unstuck_wallet_exposure_threshold": 0.3078870560324286,
          "backwards_tp": true,
          "ema_span_0": 3239.347587643496,
          "ema_span_1": 6824.024719719548,
          "enabled": true,
          "eprice_exp_base": 1.1032992916419988,
          "eprice_pprice_diff": 0.03885041478284364,
          "grid_span": 0.2824002720001929,
          "initial_eprice_ema_dist": -0.030555979584190096,
          "initial_qty_pct": 0.03593127877719965,
          "markup_range": 0.023632158030326866,
          "max_n_entry_orders": 10,
          "min_markup": 0.05515209452225323,
          "n_close_orders": 21,
          "secondary_allocation": 0.5383777414433403,
          "secondary_pprice_diff": 0.1374234603561575,
          "wallet_exposure_limit": 0.1},
 "short": {"auto_unstuck_ema_dist": 0.05071277765957878,
           "auto_unstuck_wallet_exposure_threshold": 0.78888654706795,
           "backwards_tp": true,
           "ema_span_0": 1998.7074786020348,
           "ema_span_1": 2420.2228062780396,
           "enabled": true,
           "eprice_exp_base": 1.2812868717915662,
           "eprice_pprice_diff": 0.024566708388226756,
           "grid_span": 0.2577821402980799,
           "initial_eprice_ema_dist": -0.07877405229681961,
           "initial_qty_pct": 0.03734093171996931,
           "markup_range": 0.04005372492530716,
           "max_n_entry_orders": 10,
           "min_markup": 0.051654044907305394,
           "n_close_orders": 8,
           "secondary_allocation": 0.06905253147980311,
           "secondary_pprice_diff": 0.3632458198954752,
           "wallet_exposure_limit": 0.1}}