{"config_name": "static_grid_THETAUSDT_182days",
 "logging_level": 0,
 "long": {"auto_unstuck_ema_dist": 0.03928902182732927,
          "auto_unstuck_wallet_exposure_threshold": 0.2113907398113065,
          "backwards_tp": true,
          "ema_span_0": 3325.534352223102,
          "ema_span_1": 8568.997331653121,
          "enabled": true,
          "eprice_exp_base": 2.0878661053813437,
          "eprice_pprice_diff": 0.012173557946115438,
          "grid_span": 0.2687627626586711,
          "initial_eprice_ema_dist": -0.0018464695692640976,
          "initial_qty_pct": 0.027519650709024616,
          "markup_range": 0.03962543974444831,
          "max_n_entry_orders": 10,
          "min_markup": 0.002,
          "n_close_orders": 16,
          "secondary_allocation": 0.13000048734057412,
          "secondary_pprice_diff": 0.09026561968157701,
          "wallet_exposure_limit": 0.1},
 "short": {"auto_unstuck_ema_dist": 0.039494993401955086,
           "auto_unstuck_wallet_exposure_threshold": 0.9644950853300122,
           "backwards_tp": true,
           "ema_span_0": 3648.507758760167,
           "ema_span_1": 4787.413696411592,
           "enabled": true,
           "eprice_exp_base": 1.0507004759017642,
           "eprice_pprice_diff": 0.03343821871051308,
           "grid_span": 0.11894161530699182,
           "initial_eprice_ema_dist": -0.018348862748518803,
           "initial_qty_pct": 0.03834487087506202,
           "markup_range": 0.05203706716969663,
           "max_n_entry_orders": 10,
           "min_markup": 0.04557096184162838,
           "n_close_orders": 20,
           "secondary_allocation": 0.5106410763987159,
           "secondary_pprice_diff": 0.3050239156577104,
           "wallet_exposure_limit": 0.1}}