{"config_name": "static_grid_THETAUSDT_190days",
 "logging_level": 0,
 "long": {"auto_unstuck_ema_dist": 0.018607183859976312,
          "auto_unstuck_wallet_exposure_threshold": 0.2719935958841261,
          "backwards_tp": true,
          "ema_span_0": 2703.840185687403,
          "ema_span_1": 8298.598766183111,
          "enabled": true,
          "eprice_exp_base": 2.0572034465150093,
          "eprice_pprice_diff": 0.009173986175829974,
          "grid_span": 0.22189226948086366,
          "initial_eprice_ema_dist": -0.09718569435698254,
          "initial_qty_pct": 0.022120394620412338,
          "markup_range": 0.022869378857010715,
          "max_n_entry_orders": 10,
          "min_markup": 0.015713179556968746,
          "n_close_orders": 15,
          "secondary_allocation": 0.04493350429839989,
          "secondary_pprice_diff": 0.1271882675661845,
          "wallet_exposure_limit": 0.1},
 "short": {"auto_unstuck_ema_dist": 0.027647973856717523,
           "auto_unstuck_wallet_exposure_threshold": 0.9196604442881077,
           "backwards_tp": true,
           "ema_span_0": 3842.447656622626,
           "ema_span_1": 3829.131797643356,
           "enabled": true,
           "eprice_exp_base": 1.5774370428741893,
           "eprice_pprice_diff": 0.046859793347483754,
           "grid_span": 0.3068264049489157,
           "initial_eprice_ema_dist": -0.008042930948715997,
           "initial_qty_pct": 0.03354166836398974,
           "markup_range": 0.006191431045870374,
           "max_n_entry_orders": 10,
           "min_markup": 0.03473729504514028,
           "n_close_orders": 26,
           "secondary_allocation": 0.16911612829676173,
           "secondary_pprice_diff": 0.14938815273239467,
           "wallet_exposure_limit": 0.1}}