{"config_name": "static_grid_THETAUSDT_225days",
 "logging_level": 0,
 "long": {"auto_unstuck_ema_dist": 0.04824602478669891,
          "auto_unstuck_wallet_exposure_threshold": 0.3421292349997227,
          "backwards_tp": true,
          "ema_span_0": 4127.75220461981,
          "ema_span_1": 8428.73301062826,
          "enabled": true,
          "eprice_exp_base": 1.1463506216302315,
          "eprice_pprice_diff": 0.0254779213169567,
          "grid_span": 0.25452425501674175,
          "initial_eprice_ema_dist": -0.010032766514947805,
          "initial_qty_pct": 0.007090142969774361,
          "markup_range": 0.029677181059860336,
          "max_n_entry_orders": 12,
          "min_markup": 0.01398130651889013,
          "n_close_orders": 20,
          "secondary_allocation": 0.2650779346442217,
          "secondary_pprice_diff": 0.07102028544084082,
          "wallet_exposure_limit": 0.1},
 "short": {"auto_unstuck_ema_dist": 0,
           "auto_unstuck_wallet_exposure_threshold": 0.5884476255912894,
           "backwards_tp": true,
           "ema_span_0": 3758.7584819305616,
           "ema_span_1": 7912.152033851181,
           "enabled": true,
           "eprice_exp_base": 1.1477791811272189,
           "eprice_pprice_diff": 0.017903350529772027,
           "grid_span": 0.2850605165415133,
           "initial_eprice_ema_dist": -0.016709589180970097,
           "initial_qty_pct": 0.007396730490958414,
           "markup_range": 0.018785364983829364,
           "max_n_entry_orders": 12,
           "min_markup": 0.01983291826292744,
           "n_close_orders": 17,
           "secondary_allocation": 0.018980810703167872,
           "secondary_pprice_diff": 0.14801462971950036,
           "wallet_exposure_limit": 0.1}}