{"config_name": "static_grid_THETAUSDT_245days",
 "logging_level": 0,
 "long": {"auto_unstuck_ema_dist": 0.045102418176818856,
          "auto_unstuck_wallet_exposure_threshold": 0.31401474461607853,
          "backwards_tp": true,
          "ema_span_0": 506.5419398763586,
          "ema_span_1": 434.87836314483945,
          "enabled": true,
          "eprice_exp_base": 1.0161747974946398,
          "eprice_pprice_diff": 0.01818449076169866,
          "grid_span": 0.13855375134131087,
          "initial_eprice_ema_dist": -0.014536590441252578,
          "initial_qty_pct": 0.011950799743875067,
          "markup_range": 0.0036391930922398943,
          "max_n_entry_orders": 12,
          "min_markup": 0.013723479393597469,
          "n_close_orders": 15,
          "secondary_allocation": 0.09339291030786788,
          "secondary_pprice_diff": 0.15236169136711367,
          "wallet_exposure_limit": 0.1},
 "short": {"auto_unstuck_ema_dist": 0.023132869621934622,
           "auto_unstuck_wallet_exposure_threshold": 0.4497297319223762,
           "backwards_tp": true,
           "ema_span_0": 4134.773403523943,
           "ema_span_1": 5608.3038626524385,
           "enabled": true,
           "eprice_exp_base": 1.0755314277896528,
           "eprice_pprice_diff": 0.018694250758859953,
           "grid_span": 0.16117807287812963,
           "initial_eprice_ema_dist": 0,
           "initial_qty_pct": 0.009090297746826976,
           "markup_range": 0.014639696237475788,
           "max_n_entry_orders": 11,
           "min_markup": 0.014701404521696436,
           "n_close_orders": 6,
           "secondary_allocation": 0.05989143538921918,
           "secondary_pprice_diff": 0.37940577559349864,
           "wallet_exposure_limit": 0.1}}