{"config_name": "static_grid_THETAUSDT_294days",
 "logging_level": 0,
 "long": {"auto_unstuck_ema_dist": 0.04108659576985782,
          "auto_unstuck_wallet_exposure_threshold": 0.3060855654601649,
          "backwards_tp": true,
          "ema_span_0": 3534.910060606843,
          "ema_span_1": 4335.3039153308055,
          "enabled": true,
          "eprice_exp_base": 1.1144360912732518,
          "eprice_pprice_diff": 0.02170307836231508,
          "grid_span": 0.1750614291924257,
          "initial_eprice_ema_dist": -0.061925244448084435,
          "initial_qty_pct": 0.007,
          "markup_range": 0.009934910202997629,
          "max_n_entry_orders": 13,
          "min_markup": 0.01027959842001762,
          "n_close_orders": 19,
          "secondary_allocation": 0.0350454218968496,
          "secondary_pprice_diff": 0.18677660903452808,
          "wallet_exposure_limit": 0.1},
 "short": {"auto_unstuck_ema_dist": 0.0250546969297302,
           "auto_unstuck_wallet_exposure_threshold": 0.6,
           "backwards_tp": true,
           "ema_span_0": 1858.464289072148,
           "ema_span_1": 6746.314850029503,
           "enabled": true,
           "eprice_exp_base": 1.294878336686247,
           "eprice_pprice_diff": 0.015085431938159317,
           "grid_span": 0.13923222898958232,
           "initial_eprice_ema_dist": -0.007478972417771066,
           "initial_qty_pct": 0.007,
           "markup_range": 0.022255411386400362,
           "max_n_entry_orders": 11,
           "min_markup": 0.0087352275806592,
           "n_close_orders": 18,
           "secondary_allocation": 0.5901343906259678,
           "secondary_pprice_diff": 0.3805930221368488,
           "wallet_exposure_limit": 0.1}}