{"config_name": "static_grid_WAVESUSDT_244days",
 "logging_level": 0,
 "long": {"auto_unstuck_ema_dist": 0.03376917006851327,
          "auto_unstuck_wallet_exposure_threshold": 0.2767853260516036,
          "backwards_tp": true,
          "ema_span_0": 148.56976116831748,
          "ema_span_1": 1287.3579326559745,
          "enabled": true,
          "eprice_exp_base": 1.1262047374647086,
          "eprice_pprice_diff": 0.023821005856559822,
          "grid_span": 0.20374631294733114,
          "initial_eprice_ema_dist": -0.006393390922018619,
          "initial_qty_pct": 0.007,
          "markup_range": 0.00850136655852339,
          "max_n_entry_orders": 12,
          "min_markup": 0.018305178351930504,
          "n_close_orders": 13,
          "secondary_allocation": 0.3859974238349142,
          "secondary_pprice_diff": 0.07012835232329503,
          "wallet_exposure_limit": 0.1},
 "short": {"auto_unstuck_ema_dist": 0.0304653081487518,
           "auto_unstuck_wallet_exposure_threshold": 0.5899223480195692,
           "backwards_tp": true,
           "ema_span_0": 2786.117884874151,
           "ema_span_1": 2029.056799724541,
           "enabled": true,
           "eprice_exp_base": 1.465105948769914,
           "eprice_pprice_diff": 0.011037792546771627,
           "grid_span": 0.2683363453399969,
           "initial_eprice_ema_dist": -0.055854105848021175,
           "initial_qty_pct": 0.012038811849023777,
           "markup_range": 0.015205516574115235,
           "max_n_entry_orders": 12,
           "min_markup": 0.009246127201714457,
           "n_close_orders": 19,
           "secondary_allocation": 0.041418606611435115,
           "secondary_pprice_diff": 0.41716293910794455,
           "wallet_exposure_limit": 0.1}}