{"config_name": "static_grid_WAVESUSDT_225days",
 "logging_level": 0,
 "long": {"auto_unstuck_ema_dist": 0.04092682471235428,
          "auto_unstuck_wallet_exposure_threshold": 0.3954057405364523,
          "backwards_tp": true,
          "ema_span_0": 396.37448759820893,
          "ema_span_1": 7486.495705764982,
          "enabled": true,
          "eprice_exp_base": 1.0007584908575748,
          "eprice_pprice_diff": 0.020157391438033495,
          "grid_span": 0.15511595159503838,
          "initial_eprice_ema_dist": -0.009263793740176027,
          "initial_qty_pct": 0.007,
          "markup_range": 0.003995253608968749,
          "max_n_entry_orders": 13,
          "min_markup": 0.014437805180883626,
          "n_close_orders": 18,
          "secondary_allocation": 0.0542647329334099,
          "secondary_pprice_diff": 0.11464180118600321,
          "wallet_exposure_limit": 0.1},
 "short": {"auto_unstuck_ema_dist": 0.08618612087992866,
           "auto_unstuck_wallet_exposure_threshold": 0.08819349117111853,
           "backwards_tp": true,
           "ema_span_0": 120,
           "ema_span_1": 1249.9094008239374,
           "enabled": true,
           "eprice_exp_base": 1.141227211663171,
           "eprice_pprice_diff": 0.03244147041041331,
           "grid_span": 0.17073971733134422,
           "initial_eprice_ema_dist": -0.04907783674174934,
           "initial_qty_pct": 0.009631731126119546,
           "markup_range": 0.019035705629982535,
           "max_n_entry_orders": 11,
           "min_markup": 0.0061471035461800475,
           "n_close_orders": 10,
           "secondary_allocation": 0.15514422065554118,
           "secondary_pprice_diff": 0.18987427233826817,
           "wallet_exposure_limit": 0.1}}