{"config_name": "static_grid_WAVESUSDT_165days",
 "logging_level": 0,
 "long": {"auto_unstuck_ema_dist": 0.1,
          "auto_unstuck_wallet_exposure_threshold": 0.3843045006473633,
          "backwards_tp": true,
          "ema_span_0": 1816.2738931018635,
          "ema_span_1": 10080,
          "enabled": true,
          "eprice_exp_base": 1.5200953417435477,
          "eprice_pprice_diff": 0.01043360064492899,
          "grid_span": 0.38709349997788395,
          "initial_eprice_ema_dist": -0.0038550664879173717,
          "initial_qty_pct": 0.047062211725294574,
          "markup_range": 0.05627530059695802,
          "max_n_entry_orders": 10,
          "min_markup": 0.057797287599416776,
          "n_close_orders": 18,
          "secondary_allocation": 0.4193253450864614,
          "secondary_pprice_diff": 0.18315349975664474,
          "wallet_exposure_limit": 0.1},
 "short": {"auto_unstuck_ema_dist": 0.09651548361980593,
           "auto_unstuck_wallet_exposure_threshold": 0.12275414960476097,
           "backwards_tp": true,
           "ema_span_0": 360.33676999514387,
           "ema_span_1": 1551.3276148414348,
           "enabled": true,
           "eprice_exp_base": 1.218792916935267,
           "eprice_pprice_diff": 0.03434155245925629,
           "grid_span": 0.11479588983580336,
           "initial_eprice_ema_dist": -0.09480971102414941,
           "initial_qty_pct": 0.04382814982887127,
           "markup_range": 0.0457424479937541,
           "max_n_entry_orders": 10,
           "min_markup": 0.05226993445124207,
           "n_close_orders": 13,
           "secondary_allocation": 0.24057789890986306,
           "secondary_pprice_diff": 0.2297755583593507,
           "wallet_exposure_limit": 0.1}}