{"config_name": "static_grid_WAVESUSDT_236days",
 "logging_level": 0,
 "long": {"auto_unstuck_ema_dist": 0.0884505328135275,
          "auto_unstuck_wallet_exposure_threshold": 0.5118155320288549,
          "backwards_tp": true,
          "ema_span_0": 3042.189512480589,
          "ema_span_1": 9143.31357183394,
          "enabled": true,
          "eprice_exp_base": 1.175778873457597,
          "eprice_pprice_diff": 0.020645838419347244,
          "grid_span": 0.18413608531858444,
          "initial_eprice_ema_dist": -0.0034774487053982357,
          "initial_qty_pct": 0.007,
          "markup_range": 0.002430007381708275,
          "max_n_entry_orders": 12,
          "min_markup": 0.019569938392566464,
          "n_close_orders": 19,
          "secondary_allocation": 0.05919945377159876,
          "secondary_pprice_diff": 0.11998881992832428,
          "wallet_exposure_limit": 0.1},
 "short": {"auto_unstuck_ema_dist": 0.1,
           "auto_unstuck_wallet_exposure_threshold": 0.04426422850444687,
           "backwards_tp": true,
           "ema_span_0": 3047.6240536638275,
           "ema_span_1": 5539.149992375077,
           "enabled": true,
           "eprice_exp_base": 1.2463800743660436,
           "eprice_pprice_diff": 0.030016014741162274,
           "grid_span": 0.1437706523301949,
           "initial_eprice_ema_dist": -0.032386797056687316,
           "initial_qty_pct": 0.008577938336463531,
           "markup_range": 0.027663489969852222,
           "max_n_entry_orders": 11,
           "min_markup": 0.008662080242858904,
           "n_close_orders": 12,
           "secondary_allocation": 0.11920843485188487,
           "secondary_pprice_diff": 0.14502353561341677,
           "wallet_exposure_limit": 0.1}}