{"config_name": "static_grid_WAVESUSDT_291days",
 "logging_level": 0,
 "long": {"auto_unstuck_ema_dist": 0.05143467133592537,
          "auto_unstuck_wallet_exposure_threshold": 0.221904487115929,
          "backwards_tp": true,
          "ema_span_0": 1129.0302788070892,
          "ema_span_1": 9843.227966364475,
          "enabled": true,
          "eprice_exp_base": 1.3481088466841604,
          "eprice_pprice_diff": 0.034588036204054165,
          "grid_span": 0.3103763661280511,
          "initial_eprice_ema_dist": -0.04237699138601448,
          "initial_qty_pct": 0.00783717473728273,
          "markup_range": 0.03363346586255249,
          "max_n_entry_orders": 13,
          "min_markup": 0.01950287505759489,
          "n_close_orders": 11,
          "secondary_allocation": 0.10915801051879918,
          "secondary_pprice_diff": 0.16355801235740425,
          "wallet_exposure_limit": 0.1},
 "short": {"auto_unstuck_ema_dist": 0.039606484345943764,
           "auto_unstuck_wallet_exposure_threshold": 0.5601293724083898,
           "backwards_tp": true,
           "ema_span_0": 1282.0078915450126,
           "ema_span_1": 1583.614435253581,
           "enabled": true,
           "eprice_exp_base": 1.2587322344938048,
           "eprice_pprice_diff": 0.018437200823046312,
           "grid_span": 0.21219862133569584,
           "initial_eprice_ema_dist": -0.06057878997690968,
           "initial_qty_pct": 0.007,
           "markup_range": 0.014166578916870589,
           "max_n_entry_orders": 13,
           "min_markup": 0.012814397777786313,
           "n_close_orders": 14,
           "secondary_allocation": 0.18992079186733965,
           "secondary_pprice_diff": 0.25256558681185404,
           "wallet_exposure_limit": 0.1}}