{"config_name": "static_grid_WAVESUSDT_234days",
 "logging_level": 0,
 "long": {"auto_unstuck_ema_dist": 0.06706917778396009,
          "auto_unstuck_wallet_exposure_threshold": 0.5239553069505988,
          "backwards_tp": true,
          "ema_span_0": 1886.7886917890576,
          "ema_span_1": 9390.557043759849,
          "enabled": true,
          "eprice_exp_base": 1.218001767275572,
          "eprice_pprice_diff": 0.02141009017567003,
          "grid_span": 0.1590102466533579,
          "initial_eprice_ema_dist": -0.00798681323254348,
          "initial_qty_pct": 0.008172290999932514,
          "markup_range": 0.011970130732600429,
          "max_n_entry_orders": 12,
          "min_markup": 0.010258060695540378,
          "n_close_orders": 7,
          "secondary_allocation": 0.20644900445447123,
          "secondary_pprice_diff": 0.24825392879500036,
          "wallet_exposure_limit": 0.1},
 "short": {"auto_unstuck_ema_dist": 0.04090706180058065,
           "auto_unstuck_wallet_exposure_threshold": 0.5521201420887949,
           "backwards_tp": true,
           "ema_span_0": 1808.5104601343853,
           "ema_span_1": 2148.7686884656073,
           "enabled": true,
           "eprice_exp_base": 1.522204541210526,
           "eprice_pprice_diff": 0.007524716603021173,
           "grid_span": 0.18271393163331712,
           "initial_eprice_ema_dist": -0.1,
           "initial_qty_pct": 0.008039091787445534,
           "markup_range": 0.00781711525599977,
           "max_n_entry_orders": 9,
           "min_markup": 0.015885760101585353,
           "n_close_orders": 8,
           "secondary_allocation": 0.32182592782897074,
           "secondary_pprice_diff": 0.11609610398770791,
           "wallet_exposure_limit": 0.1}}