{"config_name": "static_grid_WAVESUSDT_103days",
 "logging_level": 0,
 "long": {"auto_unstuck_ema_dist": 0.07331690115358343,
          "auto_unstuck_wallet_exposure_threshold": 0,
          "backwards_tp": true,
          "ema_span_0": 1399.329346784783,
          "ema_span_1": 10080,
          "enabled": true,
          "eprice_exp_base": 1.0743029317714003,
          "eprice_pprice_diff": 0.02044038837324522,
          "grid_span": 0.4104433065898365,
          "initial_eprice_ema_dist": -0.010363761307434617,
          "initial_qty_pct": 0.02519616205859515,
          "markup_range": 0.05899527202944859,
          "max_n_entry_orders": 10,
          "min_markup": 0.06,
          "n_close_orders": 15,
          "secondary_allocation": 0.06123168316793337,
          "secondary_pprice_diff": 0.1123749835243647,
          "wallet_exposure_limit": 0.1},
 "short": {"auto_unstuck_ema_dist": 0.09352061347182163,
           "auto_unstuck_wallet_exposure_threshold": 0.5713325391332388,
           "backwards_tp": true,
           "ema_span_0": 430.61276890025636,
           "ema_span_1": 2199.5846758160237,
           "enabled": true,
           "eprice_exp_base": 1.718440495433738,
           "eprice_pprice_diff": 0.0031317913280567928,
           "grid_span": 0.26847149887512706,
           "initial_eprice_ema_dist": -0.0588600595603405,
           "initial_qty_pct": 0.04038152300328355,
           "markup_range": 0.017863604384519408,
           "max_n_entry_orders": 10,
           "min_markup": 0.05659090295386583,
           "n_close_orders": 9,
           "secondary_allocation": 0.06770824509859771,
           "secondary_pprice_diff": 0.11761912641084324,
           "wallet_exposure_limit": 0.1}}