{"config_name": "static_grid_WAVESUSDT_216days",
 "logging_level": 0,
 "long": {"auto_unstuck_ema_dist": 0.034380745059029064,
          "auto_unstuck_wallet_exposure_threshold": 0.5000895903533616,
          "backwards_tp": true,
          "ema_span_0": 3425.1523105020956,
          "ema_span_1": 9955.840804098885,
          "enabled": true,
          "eprice_exp_base": 1.6236850519828123,
          "eprice_pprice_diff": 0.011030284888987297,
          "grid_span": 0.40256632744270193,
          "initial_eprice_ema_dist": -0.010090785066531636,
          "initial_qty_pct": 0.01153785941073989,
          "markup_range": 0.040634363652237514,
          "max_n_entry_orders": 10,
          "min_markup": 0.053349861992011666,
          "n_close_orders": 27,
          "secondary_allocation": 0.6490994956063437,
          "secondary_pprice_diff": 0.11689319819885598,
          "wallet_exposure_limit": 0.1},
 "short": {"auto_unstuck_ema_dist": 0.09076869796649857,
           "auto_unstuck_wallet_exposure_threshold": 0.13199268351492544,
           "backwards_tp": true,
           "ema_span_0": 360,
           "ema_span_1": 2263.0045198777393,
           "enabled": true,
           "eprice_exp_base": 1.1215385504037199,
           "eprice_pprice_diff": 0.012819439320049779,
           "grid_span": 0.11935602026847554,
           "initial_eprice_ema_dist": -0.09001239246517162,
           "initial_qty_pct": 0.01,
           "markup_range": 0.03126744242415412,
           "max_n_entry_orders": 10,
           "min_markup": 0.04910860563231165,
           "n_close_orders": 11,
           "secondary_allocation": 0.06533167328273876,
           "secondary_pprice_diff": 0.3610516995269321,
           "wallet_exposure_limit": 0.1}}