{"config_name": "static_grid_WAVESUSDT_229days",
 "logging_level": 0,
 "long": {"auto_unstuck_ema_dist": 0.03647996717337678,
          "auto_unstuck_wallet_exposure_threshold": 0.6,
          "backwards_tp": true,
          "ema_span_0": 1655.3764554530871,
          "ema_span_1": 5862.709987169211,
          "enabled": true,
          "eprice_exp_base": 1,
          "eprice_pprice_diff": 0.025453146315311058,
          "grid_span": 0.20283681275707854,
          "initial_eprice_ema_dist": -0.08620798585807735,
          "initial_qty_pct": 0.007,
          "markup_range": 0.004189147608399102,
          "max_n_entry_orders": 13,
          "min_markup": 0.013487920663193282,
          "n_close_orders": 9,
          "secondary_allocation": 0.15701061490723425,
          "secondary_pprice_diff": 0.13234565009308172,
          "wallet_exposure_limit": 0.1},
 "short": {"auto_unstuck_ema_dist": 0.09364972156079955,
           "auto_unstuck_wallet_exposure_threshold": 0.1593986717676455,
           "backwards_tp": true,
           "ema_span_0": 377.30455939615103,
           "ema_span_1": 120,
           "enabled": true,
           "eprice_exp_base": 1.1527512112485465,
           "eprice_pprice_diff": 0.033706719975727474,
           "grid_span": 0.16821400021874552,
           "initial_eprice_ema_dist": -0.05582071553062586,
           "initial_qty_pct": 0.008790029592463852,
           "markup_range": 0.01694509154426273,
           "max_n_entry_orders": 12,
           "min_markup": 0.008089661443758446,
           "n_close_orders": 15,
           "secondary_allocation": 0.1634227615485314,
           "secondary_pprice_diff": 0.18231624338629243,
           "wallet_exposure_limit": 0.1}}