{"config_name": "static_grid_WAVESUSDT_132days",
 "logging_level": 0,
 "long": {"auto_unstuck_ema_dist": 0.07168888830659925,
          "auto_unstuck_wallet_exposure_threshold": 0.38514837622184905,
          "backwards_tp": true,
          "ema_span_0": 4219.271010074242,
          "ema_span_1": 10080,
          "enabled": true,
          "eprice_exp_base": 1.5978762410206173,
          "eprice_pprice_diff": 0.047082051396393265,
          "grid_span": 0.43578452603507967,
          "initial_eprice_ema_dist": -0.0002847139443238236,
          "initial_qty_pct": 0.01,
          "markup_range": 0.054121265342126176,
          "max_n_entry_orders": 10,
          "min_markup": 0.054384452545931945,
          "n_close_orders": 29,
          "secondary_allocation": 0.3527590109525459,
          "secondary_pprice_diff": 0.32192621466918575,
          "wallet_exposure_limit": 0.1},
 "short": {"auto_unstuck_ema_dist": 0.08536183385193395,
           "auto_unstuck_wallet_exposure_threshold": 0.0009745902026535337,
           "backwards_tp": true,
           "ema_span_0": 1733.830805163268,
           "ema_span_1": 2025.7057041226833,
           "enabled": true,
           "eprice_exp_base": 1.4468637675013158,
           "eprice_pprice_diff": 0.002604236863381766,
           "grid_span": 0.19771594746532872,
           "initial_eprice_ema_dist": -0.09987086782875819,
           "initial_qty_pct": 0.04652063881422006,
           "markup_range": 0.05212300512068488,
           "max_n_entry_orders": 10,
           "min_markup": 0.05873665887656606,
           "n_close_orders": 22,
           "secondary_allocation": 0.08607389990925252,
           "secondary_pprice_diff": 0.2442860317894284,
           "wallet_exposure_limit": 0.1}}