{"config_name": "static_grid_WAVESUSDT_203days",
 "logging_level": 0,
 "long": {"auto_unstuck_ema_dist": 0.08269220823850737,
          "auto_unstuck_wallet_exposure_threshold": 0.4234635083956755,
          "backwards_tp": true,
          "ema_span_0": 3978.098484710371,
          "ema_span_1": 9890.78333400081,
          "enabled": true,
          "eprice_exp_base": 1.7626113955313554,
          "eprice_pprice_diff": 0.01841021762453657,
          "grid_span": 0.5026429439342469,
          "initial_eprice_ema_dist": -0.012188723444094648,
          "initial_qty_pct": 0.03228090015927226,
          "markup_range": 0.031290832484312005,
          "max_n_entry_orders": 10,
          "min_markup": 0.03776233229710183,
          "n_close_orders": 13,
          "secondary_allocation": 0.03488309744818499,
          "secondary_pprice_diff": 0.06962654172617877,
          "wallet_exposure_limit": 0.1},
 "short": {"auto_unstuck_ema_dist": 0.08240830991850101,
           "auto_unstuck_wallet_exposure_threshold": 0,
           "backwards_tp": true,
           "ema_span_0": 360,
           "ema_span_1": 2425.10456219977,
           "enabled": true,
           "eprice_exp_base": 1.1351291360666937,
           "eprice_pprice_diff": 0.012911766114242038,
           "grid_span": 0.14285284492552594,
           "initial_eprice_ema_dist": -0.0899673049840154,
           "initial_qty_pct": 0.034394166486895444,
           "markup_range": 0.04669945666722148,
           "max_n_entry_orders": 10,
           "min_markup": 0.06,
           "n_close_orders": 7,
           "secondary_allocation": 0.08257659435759204,
           "secondary_pprice_diff": 0.19051837030452395,
           "wallet_exposure_limit": 0.1}}