{"config_name": "static_grid_WAVESUSDT_180days",
 "logging_level": 0,
 "long": {"auto_unstuck_ema_dist": 0.08712069400870309,
          "auto_unstuck_wallet_exposure_threshold": 0,
          "backwards_tp": true,
          "ema_span_0": 425.98970551334037,
          "ema_span_1": 10080,
          "enabled": true,
          "eprice_exp_base": 1.020922011812477,
          "eprice_pprice_diff": 0.027954573497624934,
          "grid_span": 0.3822582483614432,
          "initial_eprice_ema_dist": -0.007037049575509845,
          "initial_qty_pct": 0.011823654452777456,
          "markup_range": 0.043525877461417915,
          "max_n_entry_orders": 10,
          "min_markup": 0.058196785042092074,
          "n_close_orders": 8,
          "secondary_allocation": 0.07700217602192475,
          "secondary_pprice_diff": 0.1781275898467734,
          "wallet_exposure_limit": 0.1},
 "short": {"auto_unstuck_ema_dist": 0.09986126789669471,
           "auto_unstuck_wallet_exposure_threshold": 0.12377636899010425,
           "backwards_tp": true,
           "ema_span_0": 449.8275681635995,
           "ema_span_1": 1496.2366435647334,
           "enabled": true,
           "eprice_exp_base": 1.2659126534026564,
           "eprice_pprice_diff": 0.010239333742590133,
           "grid_span": 0.10132287214038585,
           "initial_eprice_ema_dist": -0.05108037134478445,
           "initial_qty_pct": 0.03265735789245485,
           "markup_range": 0.023447114894288124,
           "max_n_entry_orders": 10,
           "min_markup": 0.04823978242909839,
           "n_close_orders": 11,
           "secondary_allocation": 0.3545554857728672,
           "secondary_pprice_diff": 0.2638022251721957,
           "wallet_exposure_limit": 0.1}}