{"config_name": "static_grid_WAVESUSDT_187days",
 "logging_level": 0,
 "long": {"auto_unstuck_ema_dist": 0.0794071190023819,
          "auto_unstuck_wallet_exposure_threshold": 0,
          "backwards_tp": true,
          "ema_span_0": 3749.6019931831524,
          "ema_span_1": 7955.61139924734,
          "enabled": true,
          "eprice_exp_base": 1.745840742662771,
          "eprice_pprice_diff": 0.0033061829255534585,
          "grid_span": 0.35021160205628854,
          "initial_eprice_ema_dist": -0.05206903589059577,
          "initial_qty_pct": 0.01279384697321897,
          "markup_range": 0.006910300463550871,
          "max_n_entry_orders": 10,
          "min_markup": 0.06,
          "n_close_orders": 10,
          "secondary_allocation": 0.08869193343280024,
          "secondary_pprice_diff": 0.05954312118736252,
          "wallet_exposure_limit": 0.1},
 "short": {"auto_unstuck_ema_dist": 0.06503625261457742,
           "auto_unstuck_wallet_exposure_threshold": 0,
           "backwards_tp": true,
           "ema_span_0": 461.876131934182,
           "ema_span_1": 1477.806780800467,
           "enabled": true,
           "eprice_exp_base": 1.2267089364581178,
           "eprice_pprice_diff": 0.010198081620112397,
           "grid_span": 0.2882253517664903,
           "initial_eprice_ema_dist": -0.08446257722352582,
           "initial_qty_pct": 0.011413245209547396,
           "markup_range": 0.028044625695548726,
           "max_n_entry_orders": 10,
           "min_markup": 0.0587816540595237,
           "n_close_orders": 26,
           "secondary_allocation": 0.13625837642831196,
           "secondary_pprice_diff": 0.14914429428829196,
           "wallet_exposure_limit": 0.1}}