{"config_name": "static_grid_WAVESUSDT_216days",
 "logging_level": 0,
 "long": {"auto_unstuck_ema_dist": 0.05403599771945967,
          "auto_unstuck_wallet_exposure_threshold": 0.3294403445796372,
          "backwards_tp": true,
          "ema_span_0": 3332.2951091959712,
          "ema_span_1": 7114.027409176403,
          "enabled": true,
          "eprice_exp_base": 1.1483888311704995,
          "eprice_pprice_diff": 0.025302951433449142,
          "grid_span": 0.13412147620185905,
          "initial_eprice_ema_dist": -0.009707299297604837,
          "initial_qty_pct": 0.007473114445335961,
          "markup_range": 0.005807235751977617,
          "max_n_entry_orders": 13,
          "min_markup": 0.017020945713814087,
          "n_close_orders": 7,
          "secondary_allocation": 0.22060717291395981,
          "secondary_pprice_diff": 0.05446155869965245,
          "wallet_exposure_limit": 0.1},
 "short": {"auto_unstuck_ema_dist": 0.019246196101174434,
           "auto_unstuck_wallet_exposure_threshold": 0.002761156610570914,
           "backwards_tp": true,
           "ema_span_0": 268.96111174133574,
           "ema_span_1": 389.5116720462129,
           "enabled": true,
           "eprice_exp_base": 1.308484493482882,
           "eprice_pprice_diff": 0.0064907962535959525,
           "grid_span": 0.31501125265333174,
           "initial_eprice_ema_dist": -0.02526206117836632,
           "initial_qty_pct": 0.007,
           "markup_range": 0.013420254921329788,
           "max_n_entry_orders": 10,
           "min_markup": 0.008905344675169116,
           "n_close_orders": 7,
           "secondary_allocation": 0.33932067759078155,
           "secondary_pprice_diff": 0.2885676360710551,
           "wallet_exposure_limit": 0.1}}