{"config_name": "static_grid_WAVESUSDT_282days",
 "logging_level": 0,
 "long": {"auto_unstuck_ema_dist": 0.007903648986683954,
          "auto_unstuck_wallet_exposure_threshold": 0.6,
          "backwards_tp": true,
          "ema_span_0": 1426.594302716974,
          "ema_span_1": 2340.8041319030813,
          "enabled": true,
          "eprice_exp_base": 1.040462683908192,
          "eprice_pprice_diff": 0.024706987440680752,
          "grid_span": 0.239419118316311,
          "initial_eprice_ema_dist": -0.01138248049257548,
          "initial_qty_pct": 0.010022384458063235,
          "markup_range": 0.003172176859651539,
          "max_n_entry_orders": 13,
          "min_markup": 0.018269895127820665,
          "n_close_orders": 8,
          "secondary_allocation": 0.1610087168269298,
          "secondary_pprice_diff": 0.07493891466936216,
          "wallet_exposure_limit": 0.1},
 "short": {"auto_unstuck_ema_dist": 0.026048321935100996,
           "auto_unstuck_wallet_exposure_threshold": 0.41680731720832975,
           "backwards_tp": true,
           "ema_span_0": 1165.1925746271015,
           "ema_span_1": 1597.5685453750934,
           "enabled": true,
           "eprice_exp_base": 1.5392510997463607,
           "eprice_pprice_diff": 0.011364640802564602,
           "grid_span": 0.17188659410381,
           "initial_eprice_ema_dist": -0.09672924813951243,
           "initial_qty_pct": 0.007184201475488479,
           "markup_range": 0.01716539561646953,
           "max_n_entry_orders": 12,
           "min_markup": 0.005877636331574417,
           "n_close_orders": 6,
           "secondary_allocation": 0.16163926242040047,
           "secondary_pprice_diff": 0.3333331372616425,
           "wallet_exposure_limit": 0.1}}