{"config_name": "static_grid_WAVESUSDT_168days",
 "logging_level": 0,
 "long": {"auto_unstuck_ema_dist": 0.05603976288524809,
          "auto_unstuck_wallet_exposure_threshold": 0.43155432197533694,
          "backwards_tp": true,
          "ema_span_0": 713.6318078011001,
          "ema_span_1": 9636.086726232365,
          "enabled": true,
          "eprice_exp_base": 1.2521546789595535,
          "eprice_pprice_diff": 0.04922672795515713,
          "grid_span": 0.4924161455566587,
          "initial_eprice_ema_dist": -0.08340943154508579,
          "initial_qty_pct": 0.04480528656444092,
          "markup_range": 0.044103421155169444,
          "max_n_entry_orders": 10,
          "min_markup": 0.05025173540161123,
          "n_close_orders": 25,
          "secondary_allocation": 0.3875343186786115,
          "secondary_pprice_diff": 0.433205312332873,
          "wallet_exposure_limit": 0.1},
 "short": {"auto_unstuck_ema_dist": 0.1,
           "auto_unstuck_wallet_exposure_threshold": 0.11584926747749837,
           "backwards_tp": true,
           "ema_span_0": 489.83978699640215,
           "ema_span_1": 2302.472707048594,
           "enabled": true,
           "eprice_exp_base": 1.0900495790068834,
           "eprice_pprice_diff": 0.025430754957830027,
           "grid_span": 0.647689105168432,
           "initial_eprice_ema_dist": -0.055939752382876094,
           "initial_qty_pct": 0.02230055289130038,
           "markup_range": 0.04670341970885721,
           "max_n_entry_orders": 10,
           "min_markup": 0.05641390981633625,
           "n_close_orders": 13,
           "secondary_allocation": 0.41498894436857875,
           "secondary_pprice_diff": 0.4905094358706172,
           "wallet_exposure_limit": 0.1}}