{"config_name": "static_grid_WAVESUSDT_254days",
 "logging_level": 0,
 "long": {"auto_unstuck_ema_dist": 0.010061524073828843,
          "auto_unstuck_wallet_exposure_threshold": 0.3454201082727209,
          "backwards_tp": true,
          "ema_span_0": 2251.3987925832052,
          "ema_span_1": 6023.428313881028,
          "enabled": true,
          "eprice_exp_base": 1.2394118894937873,
          "eprice_pprice_diff": 0.02248764007862217,
          "grid_span": 0.20142335750117724,
          "initial_eprice_ema_dist": -0.009702764433279727,
          "initial_qty_pct": 0.007,
          "markup_range": 0.01056433545983773,
          "max_n_entry_orders": 13,
          "min_markup": 0.014814355011361932,
          "n_close_orders": 12,
          "secondary_allocation": 0.19981799927718663,
          "secondary_pprice_diff": 0.28478959418776295,
          "wallet_exposure_limit": 0.1},
 "short": {"auto_unstuck_ema_dist": 0.04065120870961036,
           "auto_unstuck_wallet_exposure_threshold": 0.5324477170761298,
           "backwards_tp": true,
           "ema_span_0": 1929.5383739988981,
           "ema_span_1": 2115.6942828674883,
           "enabled": true,
           "eprice_exp_base": 1.4456950790143535,
           "eprice_pprice_diff": 0.011400974090239975,
           "grid_span": 0.17468325390686354,
           "initial_eprice_ema_dist": -0.09542555786523375,
           "initial_qty_pct": 0.010424830792912143,
           "markup_range": 0.012333224027686088,
           "max_n_entry_orders": 11,
           "min_markup": 0.009639104786275226,
           "n_close_orders": 6,
           "secondary_allocation": 0.2282401320778109,
           "secondary_pprice_diff": 0.09377259327417817,
           "wallet_exposure_limit": 0.1}}