{"config_name": "static_grid_WAVESUSDT_153days",
 "logging_level": 0,
 "long": {"auto_unstuck_ema_dist": 0.08835630157918935,
          "auto_unstuck_wallet_exposure_threshold": 0.04230856029549923,
          "backwards_tp": true,
          "ema_span_0": 775.9945434924722,
          "ema_span_1": 10042.207814444555,
          "enabled": true,
          "eprice_exp_base": 1,
          "eprice_pprice_diff": 0.027757178762808872,
          "grid_span": 0.38232342004973274,
          "initial_eprice_ema_dist": -0.0062451612719672854,
          "initial_qty_pct": 0.040351367160178515,
          "markup_range": 0.04390515050125172,
          "max_n_entry_orders": 10,
          "min_markup": 0.05751731270576253,
          "n_close_orders": 28,
          "secondary_allocation": 0.06260607453969261,
          "secondary_pprice_diff": 0.3180842926059327,
          "wallet_exposure_limit": 0.1},
 "short": {"auto_unstuck_ema_dist": 0.1,
           "auto_unstuck_wallet_exposure_threshold": 0.045525438256553544,
           "backwards_tp": true,
           "ema_span_0": 497.2585409228003,
           "ema_span_1": 1561.3466210916504,
           "enabled": true,
           "eprice_exp_base": 2.0440508905806745,
           "eprice_pprice_diff": 0.014788292761924955,
           "grid_span": 0.19128846374000225,
           "initial_eprice_ema_dist": -0.06440198249719672,
           "initial_qty_pct": 0.021184454221991982,
           "markup_range": 0.04785635546074554,
           "max_n_entry_orders": 10,
           "min_markup": 0.05587774020744369,
           "n_close_orders": 10,
           "secondary_allocation": 0.04930342416344068,
           "secondary_pprice_diff": 0.06747368844240488,
           "wallet_exposure_limit": 0.1}}