{"config_name": "static_grid_WAVESUSDT_185days",
 "logging_level": 0,
 "long": {"auto_unstuck_ema_dist": 0.06475124729423509,
          "auto_unstuck_wallet_exposure_threshold": 0.0038772977486064564,
          "backwards_tp": true,
          "ema_span_0": 2998.2767929591023,
          "ema_span_1": 10041.188114159459,
          "enabled": true,
          "eprice_exp_base": 1.14417890825078,
          "eprice_pprice_diff": 0.04443049189908787,
          "grid_span": 0.28436583863247633,
          "initial_eprice_ema_dist": -0.014086071098366933,
          "initial_qty_pct": 0.01,
          "markup_range": 0.049503819042340504,
          "max_n_entry_orders": 10,
          "min_markup": 0.0570333078928583,
          "n_close_orders": 8,
          "secondary_allocation": 0.22396672436275203,
          "secondary_pprice_diff": 0.29627115419680206,
          "wallet_exposure_limit": 0.1},
 "short": {"auto_unstuck_ema_dist": 0.09893035010325538,
           "auto_unstuck_wallet_exposure_threshold": 0,
           "backwards_tp": true,
           "ema_span_0": 372.65771628132717,
           "ema_span_1": 1440,
           "enabled": true,
           "eprice_exp_base": 1.2975205813687056,
           "eprice_pprice_diff": 0.011757864911388957,
           "grid_span": 0.25348418809492934,
           "initial_eprice_ema_dist": -0.09957782706169635,
           "initial_qty_pct": 0.044650392851124134,
           "markup_range": 0.017808849180809036,
           "max_n_entry_orders": 10,
           "min_markup": 0.05559842015648825,
           "n_close_orders": 24,
           "secondary_allocation": 0.045357855501721195,
           "secondary_pprice_diff": 0.1938823480962217,
           "wallet_exposure_limit": 0.1}}