{"config_name": "static_grid_WAVESUSDT_143days",
 "logging_level": 0,
 "long": {"auto_unstuck_ema_dist": 0.03429245704424787,
          "auto_unstuck_wallet_exposure_threshold": 0.4086166082759555,
          "backwards_tp": true,
          "ema_span_0": 2209.369384661895,
          "ema_span_1": 9034.166605077655,
          "enabled": true,
          "eprice_exp_base": 1.8327053011992291,
          "eprice_pprice_diff": 0.005240045659157837,
          "grid_span": 0.5204316065703144,
          "initial_eprice_ema_dist": -0.03737574807819511,
          "initial_qty_pct": 0.01747152913977711,
          "markup_range": 0.02585456014008103,
          "max_n_entry_orders": 10,
          "min_markup": 0.05002597112886219,
          "n_close_orders": 30,
          "secondary_allocation": 0.03906430680295982,
          "secondary_pprice_diff": 0.17407222832614885,
          "wallet_exposure_limit": 0.1},
 "short": {"auto_unstuck_ema_dist": 0.095784485967011,
           "auto_unstuck_wallet_exposure_threshold": 0.42595228329066687,
           "backwards_tp": true,
           "ema_span_0": 498.43483201346965,
           "ema_span_1": 1900.796995926499,
           "enabled": true,
           "eprice_exp_base": 1.8038669359519508,
           "eprice_pprice_diff": 0.041005337464992485,
           "grid_span": 0.14458589678872222,
           "initial_eprice_ema_dist": -0.08902006035262293,
           "initial_qty_pct": 0.04705632264247662,
           "markup_range": 0.057225050496811876,
           "max_n_entry_orders": 10,
           "min_markup": 0.06,
           "n_close_orders": 25,
           "secondary_allocation": 0.20258376518186638,
           "secondary_pprice_diff": 0.1831736700838122,
           "wallet_exposure_limit": 0.1}}