{"config_name": "static_grid_WAVESUSDT_267days",
 "logging_level": 0,
 "long": {"auto_unstuck_ema_dist": 0.08860412362030862,
          "auto_unstuck_wallet_exposure_threshold": 0.5855180193137143,
          "backwards_tp": true,
          "ema_span_0": 3507.9408749616746,
          "ema_span_1": 4245.4229847303395,
          "enabled": true,
          "eprice_exp_base": 1.2614758664489478,
          "eprice_pprice_diff": 0.020594777793401756,
          "grid_span": 0.21017792823247725,
          "initial_eprice_ema_dist": -0.008343944296077587,
          "initial_qty_pct": 0.007,
          "markup_range": 0.0034071243434827337,
          "max_n_entry_orders": 13,
          "min_markup": 0.014730081590475588,
          "n_close_orders": 6,
          "secondary_allocation": 0.0402643023447219,
          "secondary_pprice_diff": 0.4776816830417582,
          "wallet_exposure_limit": 0.1},
 "short": {"auto_unstuck_ema_dist": 0.056216878812858966,
           "auto_unstuck_wallet_exposure_threshold": 0.5445103999980236,
           "backwards_tp": true,
           "ema_span_0": 2151.5006885016633,
           "ema_span_1": 2283.779923709893,
           "enabled": true,
           "eprice_exp_base": 1.2346466564975183,
           "eprice_pprice_diff": 0.01739747035100941,
           "grid_span": 0.2802768706084916,
           "initial_eprice_ema_dist": -0.0510784662702465,
           "initial_qty_pct": 0.00855564827073027,
           "markup_range": 0.019442221686924853,
           "max_n_entry_orders": 12,
           "min_markup": 0.014655263127586107,
           "n_close_orders": 15,
           "secondary_allocation": 0.40723190578823093,
           "secondary_pprice_diff": 0.08941841894322149,
           "wallet_exposure_limit": 0.1}}