{"config_name": "static_grid_XRPUSDT_227days",
 "logging_level": 0,
 "long": {"auto_unstuck_ema_dist": 0.059099813039405695,
          "auto_unstuck_wallet_exposure_threshold": 0.455647806978194,
          "backwards_tp": true,
          "ema_span_0": 707.9095716041643,
          "ema_span_1": 8949.162707555352,
          "enabled": true,
          "eprice_exp_base": 1.2619898390514686,
          "eprice_pprice_diff": 0.015313489313044073,
          "grid_span": 0.1992835112615597,
          "initial_eprice_ema_dist": -0.008289961576148511,
          "initial_qty_pct": 0.007089287522330146,
          "markup_range": 0.023302572504169942,
          "max_n_entry_orders": 10,
          "min_markup": 0.016775247691900162,
          "n_close_orders": 17,
          "secondary_allocation": 0.07434474849442117,
          "secondary_pprice_diff": 0.40052060160318,
          "wallet_exposure_limit": 0.1},
 "short": {"auto_unstuck_ema_dist": 0.0235140385207531,
           "auto_unstuck_wallet_exposure_threshold": 0.24174686417285896,
           "backwards_tp": true,
           "ema_span_0": 1041.1799592625152,
           "ema_span_1": 655.9593656349064,
           "enabled": true,
           "eprice_exp_base": 1.2670923356933324,
           "eprice_pprice_diff": 0.01586483685809141,
           "grid_span": 0.14179435115118488,
           "initial_eprice_ema_dist": -0.05616484595354657,
           "initial_qty_pct": 0.009806340012272735,
           "markup_range": 0.008180824105369551,
           "max_n_entry_orders": 11,
           "min_markup": 0.014611233621701318,
           "n_close_orders": 17,
           "secondary_allocation": 0.06021202322519482,
           "secondary_pprice_diff": 0.0545055277305089,
           "wallet_exposure_limit": 0.1}}