{"config_name": "static_grid_XRPUSDT_139days",
 "logging_level": 0,
 "long": {"auto_unstuck_ema_dist": 0.001982912305366913,
          "auto_unstuck_wallet_exposure_threshold": 0.40595199900262996,
          "backwards_tp": true,
          "ema_span_0": 4320,
          "ema_span_1": 10004.113800647392,
          "enabled": true,
          "eprice_exp_base": 1.5543931050506263,
          "eprice_pprice_diff": 0.018344455934763602,
          "grid_span": 0.27768779899745694,
          "initial_eprice_ema_dist": -0.016446011972793745,
          "initial_qty_pct": 0.014784606810545513,
          "markup_range": 0.009885001573747308,
          "max_n_entry_orders": 10,
          "min_markup": 0.047320533063809504,
          "n_close_orders": 27,
          "secondary_allocation": 0.03182480821196252,
          "secondary_pprice_diff": 0.36326922030981645,
          "wallet_exposure_limit": 0.1},
 "short": {"auto_unstuck_ema_dist": 0.047708434938613695,
           "auto_unstuck_wallet_exposure_threshold": 0.8424450377545861,
           "backwards_tp": true,
           "ema_span_0": 4261.712015672765,
           "ema_span_1": 2285.6547514091462,
           "enabled": true,
           "eprice_exp_base": 1.0272236202138787,
           "eprice_pprice_diff": 0.01005511932508715,
           "grid_span": 0.21567462394529255,
           "initial_eprice_ema_dist": -0.02909350369232898,
           "initial_qty_pct": 0.03137213098933475,
           "markup_range": 0.056760068317985975,
           "max_n_entry_orders": 10,
           "min_markup": 0.05703444473802453,
           "n_close_orders": 24,
           "secondary_allocation": 0.45163627476115953,
           "secondary_pprice_diff": 0.32963991295464556,
           "wallet_exposure_limit": 0.1}}