{"config_name": "static_grid_XRPUSDT_148days",
 "logging_level": 0,
 "long": {"auto_unstuck_ema_dist": 0.09078227388966784,
          "auto_unstuck_wallet_exposure_threshold": 0.5561158904541355,
          "backwards_tp": true,
          "ema_span_0": 1225.354234331048,
          "ema_span_1": 9678.07254629128,
          "enabled": true,
          "eprice_exp_base": 1.3113372289426108,
          "eprice_pprice_diff": 0.0330462830274535,
          "grid_span": 0.19610872555171516,
          "initial_eprice_ema_dist": -0.04381308894813257,
          "initial_qty_pct": 0.020472551827613063,
          "markup_range": 0.00890102775151284,
          "max_n_entry_orders": 10,
          "min_markup": 0.0532164170341105,
          "n_close_orders": 19,
          "secondary_allocation": 0.08768189116594777,
          "secondary_pprice_diff": 0.49712998212114806,
          "wallet_exposure_limit": 0.1},
 "short": {"auto_unstuck_ema_dist": 0.047428234671768606,
           "auto_unstuck_wallet_exposure_threshold": 1,
           "backwards_tp": true,
           "ema_span_0": 4262.1133467027885,
           "ema_span_1": 2259.218188877632,
           "enabled": true,
           "eprice_exp_base": 1.0564057040008525,
           "eprice_pprice_diff": 0.009061467313942776,
           "grid_span": 0.6968026105457639,
           "initial_eprice_ema_dist": -0.03707234595774592,
           "initial_qty_pct": 0.0470115015021135,
           "markup_range": 0.04285980274839316,
           "max_n_entry_orders": 10,
           "min_markup": 0.05915451559869688,
           "n_close_orders": 24,
           "secondary_allocation": 0.13517925655022472,
           "secondary_pprice_diff": 0.1491522348696664,
           "wallet_exposure_limit": 0.1}}