{"config_name": "static_grid_XRPUSDT_184days",
 "logging_level": 0,
 "long": {"auto_unstuck_ema_dist": 0.06522165328178554,
          "auto_unstuck_wallet_exposure_threshold": 0.4757861223157973,
          "backwards_tp": true,
          "ema_span_0": 3140.3455937246385,
          "ema_span_1": 10080,
          "enabled": true,
          "eprice_exp_base": 1.2670217010297073,
          "eprice_pprice_diff": 0.026950887489431884,
          "grid_span": 0.17539604939648143,
          "initial_eprice_ema_dist": -0.0774961004241207,
          "initial_qty_pct": 0.011139160906034307,
          "markup_range": 0.0010423019292580403,
          "max_n_entry_orders": 10,
          "min_markup": 0.040143976549514584,
          "n_close_orders": 16,
          "secondary_allocation": 0.08431340961313293,
          "secondary_pprice_diff": 0.37312609869167057,
          "wallet_exposure_limit": 0.1},
 "short": {"auto_unstuck_ema_dist": 0.08393903148689952,
           "auto_unstuck_wallet_exposure_threshold": 0.5925726911703111,
           "backwards_tp": true,
           "ema_span_0": 3416.9051544955614,
           "ema_span_1": 3307.656001185947,
           "enabled": true,
           "eprice_exp_base": 1.1850061571150536,
           "eprice_pprice_diff": 0.014588265075097716,
           "grid_span": 0.12100316822377417,
           "initial_eprice_ema_dist": -0.014333651019718882,
           "initial_qty_pct": 0.022743189840228325,
           "markup_range": 0.005948509345254549,
           "max_n_entry_orders": 10,
           "min_markup": 0.027495222874583364,
           "n_close_orders": 9,
           "secondary_allocation": 0.2207866631043781,
           "secondary_pprice_diff": 0.3908657228442871,
           "wallet_exposure_limit": 0.1}}