{"config_name": "static_grid_XRPUSDT_327days",
 "logging_level": 0,
 "long": {"auto_unstuck_ema_dist": 0.049554383445224094,
          "auto_unstuck_wallet_exposure_threshold": 0.45356630257659236,
          "backwards_tp": true,
          "ema_span_0": 781.0262694897339,
          "ema_span_1": 704.499065071393,
          "enabled": true,
          "eprice_exp_base": 1.3569527442412956,
          "eprice_pprice_diff": 0.01339104262036804,
          "grid_span": 0.14465283669718348,
          "initial_eprice_ema_dist": -0.0029770821470637815,
          "initial_qty_pct": 0.007163967388223759,
          "markup_range": 0.015916907463583756,
          "max_n_entry_orders": 10,
          "min_markup": 0.018871681388075004,
          "n_close_orders": 15,
          "secondary_allocation": 0.0889512921998596,
          "secondary_pprice_diff": 0.4128801014616931,
          "wallet_exposure_limit": 0.1},
 "short": {"auto_unstuck_ema_dist": 0.07959943102252083,
           "auto_unstuck_wallet_exposure_threshold": 0.4059491761673982,
           "backwards_tp": true,
           "ema_span_0": 3284.725183568129,
           "ema_span_1": 2594.7887988090783,
           "enabled": true,
           "eprice_exp_base": 1.185112715029486,
           "eprice_pprice_diff": 0.016669673402060162,
           "grid_span": 0.13333034659375465,
           "initial_eprice_ema_dist": -0.06855331459323534,
           "initial_qty_pct": 0.007435717284742459,
           "markup_range": 0.012799465253698572,
           "max_n_entry_orders": 11,
           "min_markup": 0.016542611538921063,
           "n_close_orders": 8,
           "secondary_allocation": 0.16382617328409574,
           "secondary_pprice_diff": 0.28167925407200184,
           "wallet_exposure_limit": 0.1}}