{"config_name": "static_grid_XRPUSDT_228days",
 "logging_level": 0,
 "long": {"auto_unstuck_ema_dist": 0.035634454817823444,
          "auto_unstuck_wallet_exposure_threshold": 0.5793395962166448,
          "backwards_tp": true,
          "ema_span_0": 318.5722693102499,
          "ema_span_1": 1123.1670161608236,
          "enabled": true,
          "eprice_exp_base": 1.0486065509611404,
          "eprice_pprice_diff": 0.015487964146294546,
          "grid_span": 0.16946218386104822,
          "initial_eprice_ema_dist": -0.040131271727522226,
          "initial_qty_pct": 0.007,
          "markup_range": 0.013850043931205678,
          "max_n_entry_orders": 12,
          "min_markup": 0.017933428209853854,
          "n_close_orders": 14,
          "secondary_allocation": 0.07934513112366792,
          "secondary_pprice_diff": 0.1565042339947504,
          "wallet_exposure_limit": 0.1},
 "short": {"auto_unstuck_ema_dist": 0.0414593721190271,
           "auto_unstuck_wallet_exposure_threshold": 0.5446323475420146,
           "backwards_tp": true,
           "ema_span_0": 1439.5881252585527,
           "ema_span_1": 1374.6256631084152,
           "enabled": true,
           "eprice_exp_base": 1.0263412344133267,
           "eprice_pprice_diff": 0.01650382634088005,
           "grid_span": 0.14893666226735605,
           "initial_eprice_ema_dist": -0.09756468987037732,
           "initial_qty_pct": 0.009556771026872616,
           "markup_range": 0.006127698123422289,
           "max_n_entry_orders": 11,
           "min_markup": 0.016827040140868728,
           "n_close_orders": 13,
           "secondary_allocation": 0.14640914258250934,
           "secondary_pprice_diff": 0.13279388464054231,
           "wallet_exposure_limit": 0.1}}