{"config_name": "static_grid_XRPUSDT_165days",
 "logging_level": 0,
 "long": {"auto_unstuck_ema_dist": 0.09245116621877708,
          "auto_unstuck_wallet_exposure_threshold": 0.3263603374904532,
          "backwards_tp": true,
          "ema_span_0": 1119.6426482677539,
          "ema_span_1": 8263.054518888677,
          "enabled": true,
          "eprice_exp_base": 1.7163022797007996,
          "eprice_pprice_diff": 0.00819160296313991,
          "grid_span": 0.200157958798205,
          "initial_eprice_ema_dist": -0.04146722063423437,
          "initial_qty_pct": 0.04669935497052907,
          "markup_range": 0.0236576600810221,
          "max_n_entry_orders": 10,
          "min_markup": 0.035888014704065614,
          "n_close_orders": 9,
          "secondary_allocation": 0.1866855306891365,
          "secondary_pprice_diff": 0.2514147558235716,
          "wallet_exposure_limit": 0.1},
 "short": {"auto_unstuck_ema_dist": 0.06002972627978831,
           "auto_unstuck_wallet_exposure_threshold": 0.18807335094510624,
           "backwards_tp": true,
           "ema_span_0": 2908.223857889243,
           "ema_span_1": 3393.9935736855086,
           "enabled": true,
           "eprice_exp_base": 1.579807164056466,
           "eprice_pprice_diff": 0.024335019052696236,
           "grid_span": 0.10680104891792612,
           "initial_eprice_ema_dist": -0.08693051896637927,
           "initial_qty_pct": 0.04303653882814323,
           "markup_range": 0.04627469042996421,
           "max_n_entry_orders": 10,
           "min_markup": 0.020022468072507134,
           "n_close_orders": 15,
           "secondary_allocation": 0.4346156750583963,
           "secondary_pprice_diff": 0.07836453252592851,
           "wallet_exposure_limit": 0.1}}