{"config_name": "static_grid_XRPUSDT_315days",
 "logging_level": 0,
 "long": {"auto_unstuck_ema_dist": 0.06042281710504767,
          "auto_unstuck_wallet_exposure_threshold": 0.052252237931239294,
          "backwards_tp": true,
          "ema_span_0": 2866.749651590051,
          "ema_span_1": 6426.605549464364,
          "enabled": true,
          "eprice_exp_base": 1.1041864256996572,
          "eprice_pprice_diff": 0.024304430424672313,
          "grid_span": 0.3145016660973745,
          "initial_eprice_ema_dist": -0.016952174578473866,
          "initial_qty_pct": 0.01682371666162265,
          "markup_range": 0.02559244394737159,
          "max_n_entry_orders": 12,
          "min_markup": 0.019377620048277824,
          "n_close_orders": 17,
          "secondary_allocation": 0.03573848768217248,
          "secondary_pprice_diff": 0.262070829046341,
          "wallet_exposure_limit": 0.1},
 "short": {"auto_unstuck_ema_dist": 0.007890178132166891,
           "auto_unstuck_wallet_exposure_threshold": 0.4787755208244977,
           "backwards_tp": true,
           "ema_span_0": 2405.0709958146995,
           "ema_span_1": 1612.5845960662298,
           "enabled": true,
           "eprice_exp_base": 1.106377162059005,
           "eprice_pprice_diff": 0.020296073748952655,
           "grid_span": 0.17482229741590974,
           "initial_eprice_ema_dist": -0.0005423163790800184,
           "initial_qty_pct": 0.024422791028695903,
           "markup_range": 0.00010583340381574869,
           "max_n_entry_orders": 11,
           "min_markup": 0.012682503332062625,
           "n_close_orders": 7,
           "secondary_allocation": 0.15635897506061214,
           "secondary_pprice_diff": 0.40108372783867924,
           "wallet_exposure_limit": 0.1}}