{"config_name": "static_grid_XRPUSDT_134days",
 "logging_level": 0,
 "long": {"auto_unstuck_ema_dist": 0.04912640569558568,
          "auto_unstuck_wallet_exposure_threshold": 0.9280381462597109,
          "backwards_tp": true,
          "ema_span_0": 801.2922794952078,
          "ema_span_1": 5075.125446260532,
          "enabled": true,
          "eprice_exp_base": 1.583453596112967,
          "eprice_pprice_diff": 0.02861682999619314,
          "grid_span": 0.5909472240165915,
          "initial_eprice_ema_dist": -0.02603044384603453,
          "initial_qty_pct": 0.013649501421255365,
          "markup_range": 0.03312754207519787,
          "max_n_entry_orders": 10,
          "min_markup": 0.0575304331877211,
          "n_close_orders": 12,
          "secondary_allocation": 0.27842302256561785,
          "secondary_pprice_diff": 0.3612035434620928,
          "wallet_exposure_limit": 0.1},
 "short": {"auto_unstuck_ema_dist": 0.03987002798867698,
           "auto_unstuck_wallet_exposure_threshold": 0.9540192791585356,
           "backwards_tp": true,
           "ema_span_0": 3377.623561698048,
           "ema_span_1": 4776.615798950447,
           "enabled": true,
           "eprice_exp_base": 1.8734010707882314,
           "eprice_pprice_diff": 0.0288412874099042,
           "grid_span": 0.3215051234547063,
           "initial_eprice_ema_dist": -0.02010709259458364,
           "initial_qty_pct": 0.037933863782447355,
           "markup_range": 0.05696847318291973,
           "max_n_entry_orders": 10,
           "min_markup": 0.05547910459182799,
           "n_close_orders": 23,
           "secondary_allocation": 0.3251881336644422,
           "secondary_pprice_diff": 0.3315411369321887,
           "wallet_exposure_limit": 0.1}}