{"config_name": "static_grid_XRPUSDT_298days",
 "logging_level": 0,
 "long": {"auto_unstuck_ema_dist": 0.010846135012827385,
          "auto_unstuck_wallet_exposure_threshold": 0.4595766294088418,
          "backwards_tp": true,
          "ema_span_0": 168.81458580781552,
          "ema_span_1": 372.0388601181619,
          "enabled": true,
          "eprice_exp_base": 1.0642742832735967,
          "eprice_pprice_diff": 0.01813747372079467,
          "grid_span": 0.14215350472428598,
          "initial_eprice_ema_dist": -0.008420579453175129,
          "initial_qty_pct": 0.008505898032526708,
          "markup_range": 0.01779871873934952,
          "max_n_entry_orders": 13,
          "min_markup": 0.015007309649116144,
          "n_close_orders": 19,
          "secondary_allocation": 0.19320821274355668,
          "secondary_pprice_diff": 0.05460700205982736,
          "wallet_exposure_limit": 0.1},
 "short": {"auto_unstuck_ema_dist": 0.07922868647610005,
           "auto_unstuck_wallet_exposure_threshold": 0.328150684131853,
           "backwards_tp": true,
           "ema_span_0": 2758.147417314996,
           "ema_span_1": 3075.5109648304733,
           "enabled": true,
           "eprice_exp_base": 1.17459882874938,
           "eprice_pprice_diff": 0.016461967400194896,
           "grid_span": 0.13418113479570007,
           "initial_eprice_ema_dist": -0.08442087147382356,
           "initial_qty_pct": 0.007027737876051001,
           "markup_range": 0.017797243570152242,
           "max_n_entry_orders": 13,
           "min_markup": 0.013003308809635773,
           "n_close_orders": 15,
           "secondary_allocation": 0.06109310641285819,
           "secondary_pprice_diff": 0.3279674705166903,
           "wallet_exposure_limit": 0.1}}