{"config_name": "static_grid_XRPUSDT_238days",
 "logging_level": 0,
 "long": {"auto_unstuck_ema_dist": 0.07978558939901176,
          "auto_unstuck_wallet_exposure_threshold": 0.5082864966815781,
          "backwards_tp": true,
          "ema_span_0": 2117.709943694125,
          "ema_span_1": 4850.187588390955,
          "enabled": true,
          "eprice_exp_base": 1.0106503425114823,
          "eprice_pprice_diff": 0.015008091535117118,
          "grid_span": 0.15097957136176393,
          "initial_eprice_ema_dist": -0.015054990010387074,
          "initial_qty_pct": 0.0107397768809004,
          "markup_range": 0.01000773017963396,
          "max_n_entry_orders": 9,
          "min_markup": 0.017633316766766584,
          "n_close_orders": 16,
          "secondary_allocation": 0.1654526075315934,
          "secondary_pprice_diff": 0.07877624713161979,
          "wallet_exposure_limit": 0.1},
 "short": {"auto_unstuck_ema_dist": 0.025310249447386034,
           "auto_unstuck_wallet_exposure_threshold": 0.49189023040840607,
           "backwards_tp": true,
           "ema_span_0": 807.6362519204467,
           "ema_span_1": 1796.5261987113345,
           "enabled": true,
           "eprice_exp_base": 1.2298730372217561,
           "eprice_pprice_diff": 0.014960916746209592,
           "grid_span": 0.12450923914751436,
           "initial_eprice_ema_dist": -0.012553114861132997,
           "initial_qty_pct": 0.007285983529608988,
           "markup_range": 0.013350858454007436,
           "max_n_entry_orders": 8,
           "min_markup": 0.013625010527894223,
           "n_close_orders": 6,
           "secondary_allocation": 0.3735454421441231,
           "secondary_pprice_diff": 0.4746838670465923,
           "wallet_exposure_limit": 0.1}}