{"config_name": "static_grid_XRPUSDT_144days",
 "logging_level": 0,
 "long": {"auto_unstuck_ema_dist": 0.08693902144651122,
          "auto_unstuck_wallet_exposure_threshold": 0.5530372847211031,
          "backwards_tp": true,
          "ema_span_0": 1225.0322320686457,
          "ema_span_1": 10080,
          "enabled": true,
          "eprice_exp_base": 1.4196493193152653,
          "eprice_pprice_diff": 0.002,
          "grid_span": 0.27008626104515154,
          "initial_eprice_ema_dist": -0.011241049606802115,
          "initial_qty_pct": 0.018828485674203827,
          "markup_range": 0.027630901055201426,
          "max_n_entry_orders": 10,
          "min_markup": 0.046543633636445675,
          "n_close_orders": 21,
          "secondary_allocation": 0,
          "secondary_pprice_diff": 0.16529796467250413,
          "wallet_exposure_limit": 0.1},
 "short": {"auto_unstuck_ema_dist": 0.04764995828198868,
           "auto_unstuck_wallet_exposure_threshold": 0.8404383650348171,
           "backwards_tp": true,
           "ema_span_0": 3938.6489834948497,
           "ema_span_1": 2676.1308216661932,
           "enabled": true,
           "eprice_exp_base": 1.1038305023757786,
           "eprice_pprice_diff": 0.03645637527346675,
           "grid_span": 0.11648981037235719,
           "initial_eprice_ema_dist": -0.0219509701992794,
           "initial_qty_pct": 0.031310744822279975,
           "markup_range": 0.06,
           "max_n_entry_orders": 10,
           "min_markup": 0.05685083033900919,
           "n_close_orders": 30,
           "secondary_allocation": 0.013494122080136282,
           "secondary_pprice_diff": 0.41971843231148964,
           "wallet_exposure_limit": 0.1}}