{"config_name": "static_grid_XRPUSDT_217days",
 "logging_level": 0,
 "long": {"auto_unstuck_ema_dist": 0.09059172674555174,
          "auto_unstuck_wallet_exposure_threshold": 0.16382818897067564,
          "backwards_tp": true,
          "ema_span_0": 793.01661349407,
          "ema_span_1": 10013.519464431693,
          "enabled": true,
          "eprice_exp_base": 1.7767146971473409,
          "eprice_pprice_diff": 0.020137145217507424,
          "grid_span": 0.13234191053747182,
          "initial_eprice_ema_dist": -0.0550490311996575,
          "initial_qty_pct": 0.016523291021574144,
          "markup_range": 0.006053210027278672,
          "max_n_entry_orders": 10,
          "min_markup": 0.024172162499014924,
          "n_close_orders": 22,
          "secondary_allocation": 0.021043155175678195,
          "secondary_pprice_diff": 0.13545207456704383,
          "wallet_exposure_limit": 0.1},
 "short": {"auto_unstuck_ema_dist": 0.08240590813436328,
           "auto_unstuck_wallet_exposure_threshold": 0.8387176053953366,
           "backwards_tp": true,
           "ema_span_0": 2960.034618892769,
           "ema_span_1": 3296.233141660746,
           "enabled": true,
           "eprice_exp_base": 1.1355004553447376,
           "eprice_pprice_diff": 0.01351715920666977,
           "grid_span": 0.23076956688331832,
           "initial_eprice_ema_dist": -0.03614056298465236,
           "initial_qty_pct": 0.02961025016642079,
           "markup_range": 0.03516986842852114,
           "max_n_entry_orders": 10,
           "min_markup": 0.02653285792387232,
           "n_close_orders": 28,
           "secondary_allocation": 0.2885793115074139,
           "secondary_pprice_diff": 0.07943544318099474,
           "wallet_exposure_limit": 0.1}}