{"config_name": "static_grid_XRPUSDT_145days",
 "logging_level": 0,
 "long": {"auto_unstuck_ema_dist": 0.057786963635393096,
          "auto_unstuck_wallet_exposure_threshold": 0.3709326297491742,
          "backwards_tp": true,
          "ema_span_0": 467.44766876340776,
          "ema_span_1": 8065.057984358335,
          "enabled": true,
          "eprice_exp_base": 1.4856037409503409,
          "eprice_pprice_diff": 0.006990216246968647,
          "grid_span": 0.2056673814907916,
          "initial_eprice_ema_dist": -0.04641252737705052,
          "initial_qty_pct": 0.02504402245061993,
          "markup_range": 0.005719703161514669,
          "max_n_entry_orders": 10,
          "min_markup": 0.04459202483630347,
          "n_close_orders": 18,
          "secondary_allocation": 0.04937982953609664,
          "secondary_pprice_diff": 0.24849316174913233,
          "wallet_exposure_limit": 0.1},
 "short": {"auto_unstuck_ema_dist": 0.04895771951694656,
           "auto_unstuck_wallet_exposure_threshold": 0.8405225877742007,
           "backwards_tp": true,
           "ema_span_0": 2314.9950730058154,
           "ema_span_1": 3747.0566838387135,
           "enabled": true,
           "eprice_exp_base": 1.4692964757562887,
           "eprice_pprice_diff": 0.018725409772670773,
           "grid_span": 0.19611428529026873,
           "initial_eprice_ema_dist": -0.016390740468989022,
           "initial_qty_pct": 0.01815203247172243,
           "markup_range": 0.0524628342757747,
           "max_n_entry_orders": 10,
           "min_markup": 0.054556278252756996,
           "n_close_orders": 14,
           "secondary_allocation": 0.2680241481202259,
           "secondary_pprice_diff": 0.14011291548417296,
           "wallet_exposure_limit": 0.1}}