{"config_name": "static_grid_XRPUSDT_247days",
 "logging_level": 0,
 "long": {"auto_unstuck_ema_dist": 0.03694901443186106,
          "auto_unstuck_wallet_exposure_threshold": 0.5441956015854843,
          "backwards_tp": true,
          "ema_span_0": 957.4420304129791,
          "ema_span_1": 557.9103505060751,
          "enabled": true,
          "eprice_exp_base": 1.2238580257165674,
          "eprice_pprice_diff": 0.0204720634570239,
          "grid_span": 0.14104387500708576,
          "initial_eprice_ema_dist": -0.004136027828791491,
          "initial_qty_pct": 0.017100312828295824,
          "markup_range": 0.012815609881030796,
          "max_n_entry_orders": 10,
          "min_markup": 0.01956548969006855,
          "n_close_orders": 14,
          "secondary_allocation": 0.0424944993810358,
          "secondary_pprice_diff": 0.2284974495927552,
          "wallet_exposure_limit": 0.1},
 "short": {"auto_unstuck_ema_dist": 0.04128940178518369,
           "auto_unstuck_wallet_exposure_threshold": 0.5484752761241616,
           "backwards_tp": true,
           "ema_span_0": 1304.179155155009,
           "ema_span_1": 1639.7456435903953,
           "enabled": true,
           "eprice_exp_base": 1.2883875965828122,
           "eprice_pprice_diff": 0.016065034591952247,
           "grid_span": 0.1312259536329393,
           "initial_eprice_ema_dist": -0.01592234685873683,
           "initial_qty_pct": 0.008906223821078937,
           "markup_range": 0.013246946865803149,
           "max_n_entry_orders": 11,
           "min_markup": 0.01437027080871911,
           "n_close_orders": 19,
           "secondary_allocation": 0.34155248901411095,
           "secondary_pprice_diff": 0.3427276915637465,
           "wallet_exposure_limit": 0.1}}