{"config_name": "static_grid_XRPUSDT_259days",
 "logging_level": 0,
 "long": {"auto_unstuck_ema_dist": 0.028604586930497833,
          "auto_unstuck_wallet_exposure_threshold": 0.4527745018777292,
          "backwards_tp": true,
          "ema_span_0": 826.5994732418562,
          "ema_span_1": 1094.1845983087544,
          "enabled": true,
          "eprice_exp_base": 1.2402142503905274,
          "eprice_pprice_diff": 0.01897461004014586,
          "grid_span": 0.14097683056744642,
          "initial_eprice_ema_dist": -0.007348481545309992,
          "initial_qty_pct": 0.01634207093882039,
          "markup_range": 0.008873434680752171,
          "max_n_entry_orders": 12,
          "min_markup": 0.018408137985450473,
          "n_close_orders": 6,
          "secondary_allocation": 0.032988588501347435,
          "secondary_pprice_diff": 0.0723993705563516,
          "wallet_exposure_limit": 0.1},
 "short": {"auto_unstuck_ema_dist": 0.03281094899451248,
           "auto_unstuck_wallet_exposure_threshold": 0.5285589500008697,
           "backwards_tp": true,
           "ema_span_0": 3691.88431890767,
           "ema_span_1": 735.6852872930375,
           "enabled": true,
           "eprice_exp_base": 1.03255415805258,
           "eprice_pprice_diff": 0.01989422394905134,
           "grid_span": 0.1460112006092119,
           "initial_eprice_ema_dist": -0.08461002165959068,
           "initial_qty_pct": 0.008456197119800972,
           "markup_range": 0.015962187347088805,
           "max_n_entry_orders": 12,
           "min_markup": 0.014810288226881772,
           "n_close_orders": 9,
           "secondary_allocation": 0.0011741285686558234,
           "secondary_pprice_diff": 0.37704938820557843,
           "wallet_exposure_limit": 0.1}}