{"config_name": "static_grid_XRPUSDT_197days",
 "logging_level": 0,
 "long": {"auto_unstuck_ema_dist": 0.08064976053288946,
          "auto_unstuck_wallet_exposure_threshold": 0.32170915911990783,
          "backwards_tp": true,
          "ema_span_0": 1909.7792704748638,
          "ema_span_1": 6907.17638825399,
          "enabled": true,
          "eprice_exp_base": 1.4644549231412178,
          "eprice_pprice_diff": 0.0182688751361625,
          "grid_span": 0.292224376187722,
          "initial_eprice_ema_dist": -0.060313522196886245,
          "initial_qty_pct": 0.04473686338076974,
          "markup_range": 0.024828134003348833,
          "max_n_entry_orders": 10,
          "min_markup": 0.05778686480129089,
          "n_close_orders": 25,
          "secondary_allocation": 0.05708069909089541,
          "secondary_pprice_diff": 0.29936603241302884,
          "wallet_exposure_limit": 0.1},
 "short": {"auto_unstuck_ema_dist": 0.08377207316234177,
           "auto_unstuck_wallet_exposure_threshold": 0.588272727042952,
           "backwards_tp": true,
           "ema_span_0": 1889.4300704738646,
           "ema_span_1": 1699.2757276814802,
           "enabled": true,
           "eprice_exp_base": 1.7267550460907644,
           "eprice_pprice_diff": 0.03591008092519273,
           "grid_span": 0.17594881703593612,
           "initial_eprice_ema_dist": -0.09241237463311007,
           "initial_qty_pct": 0.045671042822328915,
           "markup_range": 0.02365741080883117,
           "max_n_entry_orders": 10,
           "min_markup": 0.041125170451580616,
           "n_close_orders": 23,
           "secondary_allocation": 0.003823287510668003,
           "secondary_pprice_diff": 0.30602653635148425,
           "wallet_exposure_limit": 0.1}}