{"config_name": "static_grid_XRPUSDT_187days",
 "logging_level": 0,
 "long": {"auto_unstuck_ema_dist": 0.03905824540702355,
          "auto_unstuck_wallet_exposure_threshold": 0.6593971485918115,
          "backwards_tp": true,
          "ema_span_0": 4276.199715730824,
          "ema_span_1": 2908.2050588530906,
          "enabled": true,
          "eprice_exp_base": 1.8016739585972215,
          "eprice_pprice_diff": 0.009430705953604937,
          "grid_span": 0.13282458665953836,
          "initial_eprice_ema_dist": -0.031456427757400124,
          "initial_qty_pct": 0.035330503718481926,
          "markup_range": 0.03914545493631169,
          "max_n_entry_orders": 10,
          "min_markup": 0.06,
          "n_close_orders": 6,
          "secondary_allocation": 0.33553526395618155,
          "secondary_pprice_diff": 0.3879142621870694,
          "wallet_exposure_limit": 0.1},
 "short": {"auto_unstuck_ema_dist": 0.08050876642948335,
           "auto_unstuck_wallet_exposure_threshold": 0.7041544909483606,
           "backwards_tp": true,
           "ema_span_0": 2832.2516196648253,
           "ema_span_1": 3394.8232789771623,
           "enabled": true,
           "eprice_exp_base": 1.7857129940623364,
           "eprice_pprice_diff": 0.011985060903206184,
           "grid_span": 0.12371798865094447,
           "initial_eprice_ema_dist": -0.023321791018025263,
           "initial_qty_pct": 0.016548914691569203,
           "markup_range": 0.004914633815987839,
           "max_n_entry_orders": 10,
           "min_markup": 0.023394218635179872,
           "n_close_orders": 23,
           "secondary_allocation": 0.16545067648346232,
           "secondary_pprice_diff": 0.333196807184943,
           "wallet_exposure_limit": 0.1}}